project_type,budget,planned_duration_days,worker_count,task_count,location_type,has_subcontractors,snapshot_progress_pct,actual_cost_at_snapshot,cpi,spi,delayed_task_count,delayed_task_ratio,labour_ratio,material_ratio,months_elapsed,budget_used_pct,schedule_efficiency,overrun_pct
1,99630113.81,1452,33,143,0,1,83.17,115118134.02,0.7198,0.8973,26,0.1799,0.3061,0.4011,40,115.55,2.0793,30.5059
2,41857209.57,260,59,30,2,1,70.87,23692195.07,1.2521,0.8305,14,0.4612,0.2984,0.6359,6,56.6,11.8124,38.0938
1,106082207.56,1428,35,142,0,1,80.06,122762324.1,0.6918,0.9542,2,0.0151,0.3605,0.4049,38,115.72,2.1068,38.5682
2,623885728.91,409,121,53,1,1,74.27,473261000.74,0.979,1.0967,23,0.4283,0.2235,0.5624,10,75.86,7.4268,66.6663
1,24258504.96,552,36,74,0,1,88.09,16491734.49,1.2957,0.7869,18,0.2458,0.4157,0.4129,16,67.98,5.5054,7.6442
1,442441114.45,2373,147,239,0,1,72.56,367161154.56,0.8744,0.9403,25,0.1033,0.2886,0.523,57,82.99,1.273,6.196
1,30940322.0,1247,10,123,2,1,39.78,16259243.14,0.7571,0.9516,2,0.016,0.212,0.5059,16,52.55,2.4865,38.9216
2,214934133.09,1293,42,133,2,1,89.68,152310085.32,1.2656,1.0818,1,0.0038,0.2378,0.5763,38,70.86,2.3601,-20.0
1,226047070.65,1289,75,128,0,1,60.25,110410653.43,1.2334,0.9764,8,0.0622,0.3437,0.4596,25,48.84,2.4098,-14.8376
1,66829941.43,1206,22,123,2,1,80.31,57570931.24,0.9322,0.9801,1,0.0079,0.2582,0.53,32,86.15,2.5096,2.0658
2,140415281.97,354,104,45,1,1,70.07,84662706.59,1.1622,1.0652,13,0.2913,0.3191,0.6305,8,60.29,8.7592,20.8848
2,616369843.32,418,67,55,0,1,62.26,300128532.27,1.2787,0.7989,13,0.2447,0.2538,0.5577,8,48.69,7.7831,46.7578
2,49093804.79,1263,20,129,1,1,80.54,65529860.32,0.6034,0.8058,33,0.2536,0.2589,0.5366,33,133.48,2.4406,55.2346
1,36683848.0,1245,12,128,0,1,63.44,27344022.65,0.8511,1.1198,0,0.0,0.3424,0.525,26,74.54,2.44,12.5592
2,170972019.01,893,83,114,1,1,83.64,133480557.81,1.0713,1.2182,66,0.5807,0.243,0.536,24,78.07,3.4848,45.7962
2,85263934.07,321,94,37,0,1,88.75,79829856.17,0.9479,0.648,9,0.236,0.1907,0.589,9,93.63,9.8613,61.0791
0,47120804.25,1593,31,160,2,1,28.66,12730518.13,1.0608,0.8599,21,0.1295,0.3377,0.3992,15,27.02,1.9107,0.0597
1,123005190.64,1556,41,157,0,1,65.62,60947436.08,1.3243,1.0069,0,0.0,0.194,0.5995,34,49.55,1.93,-20.0
1,90552491.0,1064,30,108,0,1,79.79,85905095.24,0.8411,0.8999,14,0.1271,0.2465,0.4481,28,94.87,2.8498,11.3099
1,159754653.83,1656,53,166,0,1,44.08,112717729.56,0.6248,0.9007,24,0.1442,0.2157,0.5786,24,70.56,1.8368,46.0863
1,39063966.35,1449,13,147,0,1,79.68,43926375.83,0.7086,0.8016,45,0.3028,0.3252,0.4806,38,112.45,2.097,39.2827
0,32997525.59,2858,21,287,0,1,54.78,15794635.93,1.1444,1.048,0,0.0,0.2834,0.522,52,47.87,1.0534,0.049
2,565102979.72,192,105,24,0,1,49.76,337414434.94,0.8334,0.9608,8,0.319,0.2425,0.5124,3,59.71,16.5871,71.7104
0,40122344.51,1177,26,118,0,1,70.86,30375217.37,0.9359,1.0363,0,0.0,0.3633,0.4246,27,75.71,2.6243,11.4876
0,29875126.95,78,9,10,1,1,58.36,13719220.99,1.2709,1.0847,3,0.315,0.2166,0.5317,1,45.92,58.3605,-1.1392
1,221114401.0,1909,73,190,0,1,51.3,162452141.01,0.6982,0.8325,55,0.2894,0.1698,0.359,32,73.47,1.603,49.7587
2,385809481.02,832,117,109,0,1,78.78,329353637.94,0.9229,0.8891,25,0.2329,0.3443,0.5673,21,85.37,3.7516,59.4544
1,195785640.57,198,43,26,1,1,37.85,62282867.59,1.1899,1.2479,3,0.1075,0.1636,0.39,2,31.81,18.9264,1.2106
0,1435180.33,133,9,18,1,0,89.06,938528.7,1.3618,1.012,7,0.4088,0.3673,0.4568,3,65.39,29.6856,-9.3449
0,44651100.66,1532,29,153,0,1,85.51,56225439.82,0.6791,0.7735,49,0.318,0.3569,0.4764,43,125.92,1.9885,56.3048
0,27366610.79,176,8,25,0,0,90.66,24590822.7,1.0089,0.9395,4,0.1522,0.3103,0.5767,5,89.86,18.1322,-3.7011
2,45713569.83,1218,20,125,0,1,48.73,31285753.94,0.712,0.9049,3,0.0224,0.2386,0.5288,19,68.44,2.5647,40.5238
2,752746266.61,280,151,35,2,1,42.97,301102531.5,1.0743,0.7943,3,0.0927,0.3937,0.5813,4,40.0,10.7428,28.0421
0,15787580.81,92,7,11,1,0,51.45,10073525.17,0.8063,1.0358,2,0.2038,0.32,0.5101,1,63.81,51.4504,36.9057
0,15697666.19,195,12,24,1,0,40.58,6946899.56,0.9169,0.9301,8,0.352,0.3997,0.4933,2,44.25,20.2878,16.641
2,290283521.67,1461,58,147,0,1,77.08,178386772.08,1.2543,1.0603,0,0.0,0.3199,0.6653,37,61.45,2.0833,-20.0
2,62348582.85,533,20,56,0,1,44.96,36360158.61,0.7709,0.9853,0,0.0,0.2867,0.6171,7,58.32,6.4225,45.2726
1,27665717.68,1069,10,105,0,1,56.51,20220467.84,0.7731,1.0031,2,0.0187,0.3732,0.4531,20,73.09,2.8254,31.2159
0,6718938.99,172,8,25,0,1,54.9,4043891.35,0.9122,0.6061,0,0.0139,0.4339,0.3819,3,60.19,18.3003,33.4938
2,364484380.39,753,138,95,0,1,38.86,168149792.97,0.8423,1.0488,27,0.2856,0.2651,0.6745,9,46.13,4.3176,73.7173
0,627737.02,173,7,22,0,0,81.74,414461.66,1.238,1.0551,2,0.0908,0.4213,0.4408,4,66.02,20.4344,-20.0
1,54146248.18,1214,18,120,1,1,73.52,76606993.09,0.5197,0.7295,38,0.3179,0.3286,0.4775,29,141.48,2.5353,69.9287
1,62678774.65,540,46,66,1,1,56.36,31572055.97,1.1189,1.1676,5,0.0823,0.2395,0.4949,10,50.37,5.6359,5.7595
2,82133361.51,2556,20,259,1,1,44.32,74579932.26,0.4881,0.704,82,0.3151,0.265,0.5546,37,90.8,1.1979,71.1149
1,71117251.7,426,63,50,1,1,44.04,44870755.16,0.6979,0.9347,10,0.2055,0.2867,0.4292,6,63.09,7.3392,71.9481
2,562685025.32,253,112,34,0,1,36.1,171948060.24,1.1814,1.0996,0,0.0124,0.2553,0.5198,3,30.56,12.0342,17.2625
1,27445168.03,1354,10,133,0,1,77.73,16951185.84,1.2585,1.0919,0,0.0,0.2811,0.4236,35,61.76,2.2208,-20.0
1,232027041.14,3380,77,338,0,1,91.96,223896791.29,0.953,0.9914,5,0.016,0.368,0.4747,103,96.5,0.8928,4.0381
1,319382955.0,2443,106,243,0,1,41.17,126708272.96,1.0378,1.1092,0,0.0,0.2739,0.4665,33,39.67,1.2476,2.0144
1,126280444.42,447,63,58,1,1,79.68,140825983.29,0.7145,1.0996,18,0.3057,0.2963,0.4482,11,111.52,7.244,76.9938
1,52540275.83,1382,17,142,1,1,81.22,72737132.68,0.5867,0.8739,28,0.1994,0.3702,0.4292,37,138.44,2.1953,63.8915
2,276884961.16,455,36,60,0,1,63.32,144583305.0,1.2125,1.1267,20,0.3345,0.12,0.5465,9,52.22,7.0351,9.9348
1,162638604.12,1705,54,171,0,1,71.43,140706033.97,0.8256,0.8319,34,0.2014,0.2648,0.5115,40,86.51,1.7857,30.3189
1,31414321.1,828,10,82,1,1,69.94,26732314.42,0.8219,0.8825,14,0.1694,0.2472,0.498,19,85.1,3.681,34.5871
1,95091587.2,1512,31,149,2,1,91.84,86906152.73,1.0049,0.9783,16,0.1066,0.3211,0.533,46,91.39,1.9966,5.1032
2,74509384.4,1657,20,163,2,1,66.12,44600127.36,1.1046,1.0537,0,0.0,0.1971,0.5945,36,59.86,1.8366,-11.6281
0,15613491.06,189,6,28,0,0,76.03,9639990.3,1.2314,0.9131,1,0.032,0.2204,0.5179,4,61.74,19.0078,-9.5661
2,39321248.41,980,20,101,2,1,83.02,40368339.36,0.8087,0.9288,9,0.0886,0.2763,0.5611,27,102.66,3.0748,25.9727
1,130286572.36,294,24,38,0,1,66.74,89135948.39,0.9755,0.9313,9,0.2276,0.3735,0.3504,6,68.42,11.1237,41.6073
2,402569384.68,848,93,107,1,1,30.78,219883334.39,0.5635,0.6534,28,0.265,0.2451,0.4718,8,54.62,3.8475,157.723
1,84428211.48,364,38,46,1,1,66.46,45899574.67,1.2225,1.0119,9,0.206,0.3565,0.494,8,54.37,8.3079,6.5551
2,58886121.23,1600,20,163,1,1,77.07,108356049.05,0.4188,0.7278,69,0.4215,0.2517,0.519,41,184.01,1.8798,117.0736
0,22934287.79,191,13,23,0,0,83.71,16612393.06,1.1556,1.1613,9,0.3802,0.3412,0.4636,5,72.43,16.7414,4.3549
2,384456781.09,822,51,104,2,1,75.91,322570718.03,0.9047,1.1238,31,0.2995,0.2465,0.53,20,83.9,3.7955,50.3467
0,11107472.74,56,13,5,1,0,33.82,3049720.51,1.2318,0.9742,1,0.2195,0.2957,0.4975,1,27.46,33.8205,-4.4275
2,36666729.63,810,20,81,0,1,67.15,30007373.11,0.8206,0.9007,18,0.2245,0.2749,0.5232,18,81.84,3.7308,19.0889
2,643086242.12,850,75,111,0,1,34.09,179866304.95,1.2189,1.0936,23,0.2078,0.2863,0.6943,9,27.97,3.788,30.8037
1,88077944.0,1606,29,163,1,1,43.61,48412528.33,0.7933,0.9449,7,0.0452,0.2194,0.5294,23,54.97,1.8959,40.8961
1,27383910.0,1041,10,105,1,1,46.79,22399063.08,0.5721,0.9202,17,0.1606,0.3433,0.5594,16,81.8,2.9246,53.061
2,962898274.94,630,192,67,0,1,69.51,1133241310.9,0.5906,0.7445,21,0.3067,0.2452,0.4319,14,117.69,4.9649,82.9767
1,44591580.44,1422,14,140,0,1,49.44,17565162.84,1.2552,1.0929,0,0.0,0.2102,0.5413,23,39.39,2.1497,-14.5519
1,178199764.11,145,35,17,0,1,91.69,134955474.47,1.2107,1.0981,0,0.0148,0.3131,0.4435,4,75.73,22.922,-12.398
1,133644804.46,381,32,47,0,1,51.97,81236007.79,0.8549,1.0411,19,0.405,0.2723,0.3701,6,60.79,8.6613,47.4286
1,1100727120.07,2587,366,260,0,1,55.75,904662876.92,0.6783,0.8667,68,0.263,0.2481,0.5678,48,82.19,1.1614,37.1192
1,61235519.48,1052,20,108,0,1,39.07,26787894.5,0.893,0.8294,25,0.2298,0.3223,0.5422,13,43.75,3.005,19.0313
1,106934474.16,388,34,45,1,1,41.35,48283757.59,0.9158,1.052,16,0.3453,0.2884,0.4858,5,45.15,8.2698,45.5128
2,393705350.43,837,82,101,1,1,66.16,306163650.45,0.8507,0.5598,20,0.1951,0.2997,0.4407,18,77.76,3.6754,71.2474
1,39200077.17,2120,13,211,0,1,41.43,24860109.6,0.6533,0.7965,65,0.3087,0.137,0.4686,29,63.42,1.4288,34.2498
1,140586244.12,1249,46,128,0,1,58.41,126497601.41,0.6491,0.9009,10,0.0792,0.2754,0.5063,24,89.98,2.4336,46.9911
2,95984326.55,1095,20,112,0,0,51.56,60662748.38,0.8158,0.8537,21,0.1892,0.2709,0.5279,18,63.2,2.8643,20.2683
1,85626740.39,512,40,64,0,1,72.04,59765021.84,1.0322,0.6962,22,0.3459,0.308,0.5196,12,69.8,6.0035,49.2686
1,102759370.92,1460,34,148,0,1,66.54,91004622.95,0.7514,0.8118,33,0.2239,0.1378,0.4565,32,88.56,2.0794,44.0797
1,36955087.65,1929,12,195,0,1,88.13,25486008.74,1.2778,1.0217,0,0.0,0.2962,0.5565,56,68.96,1.5737,-20.0
1,65946679.3,2241,21,222,2,1,90.43,82398677.64,0.7238,0.797,57,0.2567,0.2898,0.5577,67,124.95,1.3497,35.2126
2,93726208.65,606,111,79,1,1,46.24,42032373.93,1.0311,0.9757,37,0.4664,0.1888,0.6614,9,44.85,5.1378,64.0838
1,67395480.99,1631,22,165,1,1,57.69,61936240.47,0.6278,0.7872,32,0.1919,0.3593,0.3083,31,91.9,1.8611,66.3086
2,601090976.55,691,86,87,2,1,52.88,346986405.22,0.9161,0.8526,8,0.0919,0.1944,0.4777,12,57.73,4.4067,55.9306
2,30031973.11,1072,20,105,2,1,81.74,28325692.71,0.8667,0.9449,16,0.1501,0.2635,0.5329,29,94.32,2.8187,7.7451
0,20979827.51,60,16,10,0,0,89.04,15355872.49,1.2165,1.1062,3,0.294,0.2769,0.3948,1,73.19,89.0384,-16.1267
0,6402647.82,146,7,21,1,0,54.83,3121203.41,1.1248,0.8917,10,0.4532,0.4213,0.3979,2,48.75,27.4166,-4.2923
2,38978353.23,1276,20,127,1,1,39.49,21450710.47,0.7175,1.1273,0,0.0,0.3338,0.6126,16,55.03,2.468,21.2862
0,28119125.64,178,16,26,0,0,48.37,10273524.32,1.3238,1.2095,10,0.3886,0.2957,0.4266,2,36.54,24.1835,-17.4817
1,157132765.97,300,36,34,0,1,72.97,114344391.69,1.0027,0.8705,9,0.2767,0.3126,0.4962,7,72.77,10.4238,34.9328
1,68263358.75,1825,22,183,0,1,76.38,47250337.03,1.1035,0.9129,21,0.1174,0.3015,0.5128,46,69.22,1.6604,-11.4624
1,27335843.04,1317,10,130,0,1,34.77,7551388.02,1.2587,1.1802,0,0.0,0.2027,0.5426,15,27.62,2.3181,-20.0
1,50309917.32,2771,16,275,0,1,40.4,23502724.57,0.8649,0.9518,37,0.1346,0.4173,0.5532,37,46.72,1.092,20.2616
1,41990020.66,1119,13,110,0,1,44.72,19486196.41,0.9637,0.9002,17,0.1543,0.234,0.423,16,46.41,2.7952,-5.0682
2,776651228.06,173,106,21,2,1,77.83,568797250.4,1.0627,0.7656,1,0.0481,0.2577,0.6193,4,73.24,19.457,22.0635
1,36041531.0,1292,12,131,0,1,25.71,11382588.18,0.814,0.8978,20,0.1491,0.2535,0.5667,11,31.58,2.3372,15.195
1,698061227.99,1818,232,180,0,1,25.93,295414148.07,0.6128,0.9311,7,0.0389,0.2269,0.4385,15,42.32,1.7289,21.2795
1,124730915.04,2198,41,221,0,1,84.09,86007596.12,1.2195,1.0755,0,0.0,0.2762,0.4767,61,68.95,1.3785,-17.0084
0,20684263.89,61,14,7,1,1,29.14,7267210.05,0.8295,0.9874,0,0.0282,0.4202,0.5137,1,35.13,29.1447,30.4245
0,27330784.96,186,11,21,2,0,90.56,40224901.9,0.6153,0.726,1,0.0305,0.3417,0.3695,5,147.18,18.1112,78.8905
1,244089450.2,3362,81,339,0,1,70.21,268618198.89,0.638,0.8538,84,0.2492,0.2665,0.5564,78,110.05,0.9001,48.6896
1,86174378.23,411,28,56,0,1,81.69,135548627.44,0.5193,0.9575,23,0.4139,0.2596,0.6521,11,157.3,7.4265,125.8252
1,134513148.64,1097,44,107,0,1,47.95,77734802.94,0.8298,0.8903,17,0.163,0.3276,0.5696,17,57.79,2.8208,34.0471
1,698061227.99,1818,232,180,0,1,33.83,298220251.94,0.7919,1.0256,0,0.0,0.3018,0.4661,20,42.72,1.6916,21.2795
1,228140685.14,1799,76,183,0,1,30.76,68281508.32,1.0278,1.0789,0,0.0,0.3578,0.5191,18,29.93,1.7089,7.989
1,181115927.02,313,44,39,1,1,80.45,196199342.03,0.7427,0.7103,12,0.3117,0.3583,0.5621,8,108.33,10.0565,80.5494
1,142784021.59,470,52,62,0,1,41.56,68157821.6,0.8706,1.056,40,0.65,0.4467,0.4713,6,47.73,6.9265,62.7727
1,50033528.07,412,45,52,0,1,87.58,35661368.68,1.2287,1.1136,28,0.5425,0.2965,0.46,12,71.27,7.2982,14.0159
2,27913021.0,723,20,71,0,1,26.22,6057742.19,1.2081,1.0026,0,0.0,0.2424,0.516,6,21.7,4.3699,-20.0
2,435169334.06,397,80,54,1,1,44.49,260775427.69,0.7424,1.1864,12,0.2262,0.4254,0.6141,5,59.93,8.898,70.3969
1,33819700.39,870,11,87,0,1,60.24,24603127.42,0.8281,0.9577,2,0.0248,0.3466,0.5055,17,72.75,3.5436,19.3245
2,87634217.73,1460,20,150,1,0,88.33,82030089.5,0.9436,0.9491,23,0.1555,0.2889,0.4741,42,93.61,2.103,13.9923
2,684795163.88,158,84,18,0,1,37.07,245005092.51,1.0361,0.8405,3,0.1501,0.2196,0.6571,1,35.78,37.0691,53.7114
2,74808237.0,1117,20,113,0,1,68.13,79688340.16,0.6396,0.8221,20,0.1731,0.2694,0.4539,25,106.52,2.7253,42.6944
2,48011876.55,1295,20,132,0,1,65.07,40613231.29,0.7693,0.891,18,0.1345,0.2473,0.5193,28,84.59,2.324,23.1944
2,80270959.27,1473,20,147,0,1,56.17,103976323.85,0.4336,0.6063,71,0.4812,0.2746,0.5736,27,129.53,2.0802,102.8833
1,137877916.55,153,48,19,2,1,73.18,127195607.69,0.7933,0.946,5,0.261,0.4325,0.5186,3,92.25,24.394,65.6303
0,32062887.65,1136,21,112,0,1,53.48,25318420.26,0.6773,0.5792,66,0.5871,0.2378,0.4133,20,78.96,2.674,61.7366
0,10362774.9,72,3,7,0,0,79.72,9992738.98,0.8267,0.7075,1,0.1888,0.2322,0.4472,1,96.43,79.7196,48.0011
1,35345467.51,1505,11,150,1,1,32.23,20028239.37,0.5688,0.9161,22,0.1439,0.3625,0.5434,16,56.66,2.0146,67.0589
1,142840555.38,357,44,46,1,1,64.31,79496887.34,1.1555,0.9361,2,0.0519,0.2581,0.6593,7,55.65,9.1867,5.4991
2,276500191.84,660,98,81,1,1,83.64,197832629.7,1.1689,0.9814,16,0.2022,0.1759,0.6857,18,71.55,4.6464,42.3945
0,9941890.79,111,4,17,1,0,78.01,7880857.36,0.9842,1.1857,2,0.1105,0.3532,0.5138,2,79.27,39.0072,2.219
0,32062887.65,1136,21,112,0,1,32.16,16364954.06,0.63,0.8792,10,0.0887,0.3711,0.4644,12,51.04,2.6796,61.7366
2,306480123.22,456,101,56,1,1,87.43,250515686.26,1.0696,1.2124,18,0.3179,0.12,0.4934,13,81.74,6.7255,47.0627
0,74969204.29,3236,49,324,0,1,69.26,51965223.2,0.9992,1.1328,0,0.0,0.3093,0.4859,74,69.32,0.9359,-4.6804
2,40834161.48,771,20,77,2,1,38.07,23628868.09,0.6579,1.0176,0,0.0,0.2468,0.72,9,57.87,4.2297,42.9472
1,33819410.27,200,20,22,0,1,32.79,11208541.93,0.9893,0.4987,7,0.3302,0.2119,0.5896,2,33.14,16.3944,47.865
2,326518755.25,340,98,46,0,1,30.6,85323516.38,1.171,1.0465,5,0.1061,0.2356,0.6315,3,26.13,10.2003,28.3656
0,3995341.64,115,15,13,1,0,89.25,2910177.26,1.2253,0.9702,1,0.0772,0.3055,0.3929,3,72.84,29.7496,-1.5833
0,13639617.39,69,9,6,0,0,37.0,3776112.74,1.3365,1.0487,2,0.3903,0.3607,0.3587,1,27.68,37.001,-4.342
1,33666330.0,1338,11,131,0,1,62.83,29096877.75,0.727,0.8434,33,0.2516,0.2017,0.4061,28,86.43,2.244,32.6585
0,12613886.66,50,13,11,1,0,74.42,8099700.5,1.1589,0.9366,3,0.279,0.2258,0.3717,1,64.21,74.4189,-6.9533
1,78033259.16,321,27,43,0,1,33.65,34745965.25,0.7556,0.7561,13,0.2941,0.3107,0.5265,3,44.53,11.2155,78.5156
1,141690883.97,195,27,23,2,1,70.33,84390975.05,1.1808,1.0701,5,0.1964,0.2279,0.4739,4,59.56,17.5817,13.8192
0,89832525.66,2931,59,293,0,1,77.15,72141827.65,0.9607,0.9965,0,0.0,0.3921,0.6492,75,80.31,1.0287,5.8751
0,32062887.65,1136,21,112,0,1,59.84,37006668.7,0.5184,0.7984,35,0.3124,0.2386,0.4248,22,115.42,2.7199,61.7366
0,12656982.15,57,11,9,0,0,81.71,13475390.33,0.7674,0.8184,3,0.377,0.2602,0.3398,1,106.47,81.7068,70.1504
1,38838191.0,1155,12,113,0,1,55.93,35848621.56,0.6059,0.8003,38,0.3358,0.3534,0.591,21,92.3,2.6633,82.0613
2,50311599.77,976,20,97,1,1,76.53,110003140.76,0.35,0.5241,52,0.5345,0.2988,0.5581,24,218.64,3.1886,162.5996
1,163449485.35,1863,54,184,0,1,49.75,68067770.59,1.1947,0.9534,14,0.0758,0.3537,0.5191,30,41.64,1.6585,-20.0
1,135735432.0,638,45,66,2,1,58.45,72529173.96,1.0939,1.0204,2,0.0277,0.2816,0.4579,12,53.43,4.871,2.4382
1,117556153.43,1810,39,185,2,1,67.37,77839334.12,1.0175,0.9757,0,0.0,0.2735,0.4668,40,66.21,1.6843,-2.2198
0,4588184.52,149,14,19,1,0,62.9,2503857.45,1.1526,0.4339,3,0.1764,0.2941,0.4742,3,54.57,20.9661,8.5554
0,56938544.58,2815,37,285,1,1,83.42,65498567.32,0.7252,0.8874,61,0.2145,0.348,0.4161,78,115.03,1.0695,28.8894
0,8887701.27,132,12,13,2,0,89.24,7073708.0,1.1213,1.0928,7,0.5374,0.3072,0.4689,3,79.59,29.7469,30.7337
2,379732195.35,323,124,42,1,1,62.83,252466298.26,0.945,1.0408,1,0.03,0.12,0.577,6,66.49,10.471,40.3403
2,28932013.37,2160,20,214,2,1,81.61,62315343.93,0.3789,0.5373,132,0.6188,0.3628,0.59,58,215.39,1.4071,144.5891
0,3394464.09,153,6,22,1,0,41.15,1040726.43,1.3421,1.0035,4,0.1967,0.3283,0.4513,2,30.66,20.5747,-11.4303
1,174938781.24,2236,58,224,0,1,84.2,186627996.6,0.7892,0.8589,50,0.2219,0.2677,0.5174,62,106.68,1.358,36.8685
0,26137712.88,179,8,24,0,1,77.21,21831693.89,0.9243,0.9759,6,0.2305,0.3806,0.5533,4,83.53,19.3016,27.5713
1,29896482.11,383,19,52,0,1,60.86,17457129.44,1.0423,1.1028,33,0.6304,0.318,0.5046,7,58.39,8.6945,38.2799
1,86873696.02,188,27,27,0,1,46.08,41358771.92,0.968,0.839,10,0.3735,0.2111,0.5668,2,47.61,23.0417,44.6563
1,52725298.0,1180,17,119,1,1,34.1,21381287.63,0.8408,1.1407,0,0.0,0.3869,0.696,13,40.55,2.6229,25.4901
2,388513113.12,708,121,91,0,1,91.84,323641049.61,1.1025,1.1494,47,0.5144,0.1838,0.4465,21,83.3,4.3733,50.5914
1,130079125.85,152,23,19,2,1,49.45,63642893.71,1.0108,0.815,3,0.1574,0.1671,0.4323,2,48.93,24.7268,29.4096
0,25374725.32,113,8,15,1,0,53.02,11468621.58,1.1731,0.4,7,0.4593,0.3959,0.3807,1,45.2,53.0202,16.3973
2,722597982.32,212,122,29,0,1,36.74,190367601.7,1.3947,0.8755,3,0.1203,0.2262,0.6211,2,26.34,18.371,35.9744
2,183604090.23,818,121,99,2,1,36.76,75977349.65,0.8884,1.2287,31,0.311,0.4401,0.5028,10,41.38,3.6765,55.3343
0,17493722.13,186,17,25,0,0,61.76,9834176.26,1.0986,0.919,6,0.2482,0.3657,0.4389,3,56.22,20.5866,21.8535
0,7171917.79,198,16,25,1,0,35.24,2345715.79,1.0774,0.7177,7,0.2835,0.4393,0.456,2,32.71,17.6185,13.6093
1,779877216.22,2501,259,250,0,1,73.03,628593101.69,0.9061,0.9735,0,0.0,0.2132,0.505,60,80.6,1.2172,13.7643
2,909702985.84,233,44,29,0,1,46.74,348798984.52,1.2191,1.0161,7,0.252,0.2048,0.4848,3,38.34,15.5815,23.7155
1,46189093.5,2115,15,211,1,1,62.02,39163120.17,0.7315,0.7831,65,0.3072,0.3357,0.6203,43,84.79,1.4423,60.9521
0,12263574.3,172,9,19,1,1,44.31,4294664.45,1.2653,1.1623,2,0.1006,0.2807,0.4214,2,35.02,22.1552,-14.5036
1,205916462.35,1236,68,124,0,1,50.35,153244847.7,0.6765,0.8801,17,0.1397,0.2443,0.4392,20,74.42,2.5173,60.9899
1,50309917.32,2771,16,275,0,1,50.64,26873095.83,0.9481,1.0039,27,0.0976,0.4111,0.5666,46,53.42,1.1009,20.2616
2,43328477.58,946,20,98,2,1,32.39,11662010.07,1.2032,1.0726,0,0.0,0.1259,0.5135,10,26.92,3.2385,-20.0
1,116779209.0,1977,38,195,0,1,77.05,124622836.23,0.722,0.874,41,0.2081,0.2303,0.4366,50,106.72,1.5411,32.9678
2,615193971.5,675,4,88,1,1,26.13,233500948.56,0.6885,1.0333,38,0.4351,0.3249,0.5648,5,37.96,5.2266,103.5332
1,124730915.04,2198,41,221,0,1,62.73,75188597.41,1.0406,0.9542,6,0.0274,0.2501,0.5277,45,60.28,1.394,-17.0084
1,139331318.5,516,24,66,2,1,71.96,91667399.89,1.0938,1.1101,9,0.1385,0.3551,0.4328,12,65.79,5.9971,9.9499
1,39450518.92,827,13,85,0,1,85.51,36730278.63,0.9184,1.0994,0,0.0,0.3052,0.4147,23,93.1,3.7179,2.4444
0,10091516.53,56,13,5,0,0,43.2,8535381.46,0.5108,1.1801,1,0.2639,0.3316,0.3829,1,84.58,43.2031,95.8094
1,160607553.66,2662,53,265,0,1,54.55,126333497.46,0.6935,0.8965,32,0.1195,0.2528,0.4797,48,78.66,1.1365,35.3436
0,4639455.28,118,9,11,1,0,55.85,2234631.25,1.1595,0.9226,2,0.2062,0.3292,0.5472,2,48.17,27.9251,-7.9377
1,18287844.59,193,27,26,1,1,54.97,14833126.07,0.6777,0.6376,4,0.1542,0.3099,0.5052,3,81.11,18.3222,72.2979
0,16707416.54,167,9,23,0,0,83.33,14737149.28,0.9447,0.8329,4,0.1865,0.4333,0.5557,4,88.21,20.8315,42.7575
1,36840305.8,1719,12,173,2,1,90.33,28033836.23,1.187,1.0536,0,0.0,0.219,0.5369,51,76.1,1.7711,-20.0
2,668777841.73,760,80,94,0,1,68.94,783852768.77,0.5882,0.9126,8,0.0859,0.2829,0.5786,17,117.21,4.0554,113.1334
1,43615262.5,924,14,92,0,1,53.72,28203338.3,0.8307,0.7568,33,0.3609,0.2704,0.4349,16,64.66,3.3574,41.1705
1,122061505.0,158,12,22,0,1,32.99,50331466.8,0.8,0.9962,4,0.1799,0.2494,0.3647,1,41.23,32.9872,68.4638
2,276154233.93,270,117,38,0,1,52.14,145643843.49,0.9885,1.0274,2,0.0635,0.2171,0.613,4,52.74,13.034,42.8833
2,325746460.85,160,65,17,0,1,33.85,116019001.56,0.9503,1.0034,1,0.0364,0.12,0.5031,1,35.62,33.846,47.2581
0,761425.04,121,8,16,0,0,65.11,579449.98,0.8556,0.8487,7,0.4317,0.3184,0.6238,2,76.1,32.5573,32.5163
1,81661584.68,1344,27,138,1,1,57.45,59822529.17,0.7842,1.0011,0,0.0,0.333,0.5572,25,73.26,2.298,14.0285
1,52431703.44,1767,17,178,1,1,47.24,31871056.52,0.7771,0.918,18,0.102,0.3351,0.3768,27,60.79,1.7495,14.0015
0,26878905.8,155,12,21,0,0,51.86,11061746.6,1.2601,1.003,6,0.303,0.3106,0.4835,2,41.15,25.9284,-16.618
1,155686314.8,416,28,56,2,1,54.1,114547943.09,0.7353,0.5716,11,0.1887,0.3611,0.5322,7,73.58,7.7289,72.4304
2,756492847.05,271,105,37,1,1,26.42,172049284.95,1.1615,1.0771,4,0.1201,0.1682,0.4713,2,22.74,13.2079,32.4201
1,35450809.0,2632,11,263,1,1,53.21,31167261.35,0.6053,0.8223,89,0.3373,0.3086,0.4446,46,87.92,1.1568,45.9162
1,41798129.87,1171,13,120,1,1,69.11,36638462.48,0.7885,0.9741,2,0.0153,0.2404,0.478,26,87.66,2.6582,33.7798
1,47170943.0,1703,15,172,0,1,58.65,46472378.38,0.5953,0.713,53,0.3109,0.3688,0.5045,33,98.52,1.7774,84.0219
2,309178215.46,624,168,76,0,1,36.92,86152957.97,1.325,0.8887,16,0.2135,0.1765,0.72,7,27.87,5.2746,41.0818
0,14333441.11,38,11,5,1,1,34.26,3769276.82,1.3026,1.1601,2,0.3336,0.2264,0.3784,1,26.3,34.255,-2.1269
1,168201838.42,2191,56,223,0,1,54.9,119704834.27,0.7714,1.002,5,0.0211,0.2162,0.5459,40,71.17,1.3725,27.3845
1,337777831.58,2385,112,239,0,1,67.46,319034445.16,0.7143,0.8181,67,0.2793,0.4198,0.4176,53,94.45,1.2729,36.1713
0,14384556.74,111,12,12,1,0,61.18,6893497.92,1.2766,0.9044,4,0.3071,0.3812,0.4945,2,47.92,30.59,-17.8274
2,221618378.81,400,100,49,0,1,87.09,172436025.1,1.1193,0.9146,16,0.329,0.3542,0.547,11,77.81,7.9172,50.2598
1,34670407.0,881,11,87,1,1,78.09,31717317.82,0.8536,1.0068,0,0.0,0.277,0.5626,22,91.48,3.5494,4.2672
2,428018873.41,474,98,59,1,1,65.55,250002085.03,1.1222,0.7978,4,0.0633,0.2911,0.5811,10,58.41,6.5546,47.8439
1,105034604.45,465,50,58,0,1,44.2,34115393.09,1.3608,0.8743,17,0.2969,0.3037,0.6059,6,32.48,7.3667,8.3148
2,30239585.3,1175,20,117,0,1,75.22,20526533.92,1.1081,1.0073,21,0.1825,0.1951,0.6316,29,67.88,2.5936,-4.9776
1,767752737.03,1993,255,201,0,1,86.98,955506243.69,0.6989,0.855,36,0.18,0.364,0.511,57,124.45,1.526,39.4905
2,904856601.24,374,89,43,2,1,49.78,399889180.89,1.1263,1.0255,13,0.2987,0.3118,0.4941,6,44.19,8.2959,33.1246
2,868442743.16,499,99,67,2,1,25.7,184898362.73,1.2069,1.0591,34,0.505,0.288,0.565,4,21.29,6.4239,38.9328
1,31658561.08,899,10,87,1,1,84.23,20787270.24,1.2828,1.1313,0,0.0,0.3098,0.5652,25,65.66,3.3692,-20.0
1,51078291.64,1364,17,137,0,1,48.4,23985398.89,1.0308,0.9743,10,0.0731,0.2991,0.4742,22,46.96,2.2002,-0.2361
2,553549214.05,699,92,87,1,1,84.44,670025082.3,0.6976,0.978,28,0.3269,0.2606,0.6544,19,121.04,4.4444,94.4934
0,25351418.06,191,14,23,1,0,40.18,11175091.64,0.9115,1.1821,9,0.4095,0.3269,0.4222,2,44.08,20.0906,17.6251
0,13329893.62,122,11,19,0,0,36.32,5253042.52,0.9216,1.1348,3,0.1661,0.4903,0.4141,1,39.41,36.3165,7.4969
2,43793035.07,2522,20,256,0,1,26.75,22813229.49,0.5135,0.6977,102,0.4,0.285,0.7089,22,52.09,1.2159,77.7463
1,166231152.0,1163,55,119,0,1,39.98,60214363.55,1.1037,1.0573,0,0.0,0.3371,0.4187,15,36.22,2.6654,-0.4113
1,151882841.08,482,43,62,0,1,41.27,64710347.04,0.9687,0.6875,19,0.3067,0.2486,0.4909,6,42.61,6.8784,54.7746
1,164215526.58,199,25,21,0,1,88.67,125306846.08,1.1621,1.1213,11,0.5327,0.3486,0.5613,5,76.31,17.7349,15.6259
0,89832525.66,2931,59,293,0,1,68.48,61153756.92,1.0059,0.9756,34,0.115,0.3637,0.4943,66,68.08,1.0375,5.8751
2,814620705.14,711,52,87,1,1,39.81,289084025.83,1.1219,0.6873,2,0.0269,0.3689,0.4225,9,35.49,4.4238,53.8527
2,62348582.85,533,20,56,0,1,65.65,59705234.27,0.6855,0.9145,4,0.0735,0.2089,0.5569,11,95.76,5.968,45.2726
0,19586988.52,55,6,5,2,0,89.39,24163627.86,0.7246,0.94,1,0.2259,0.3069,0.5154,1,123.37,89.3902,54.5281
0,8326120.8,193,9,29,0,1,44.61,3092460.84,1.201,1.1125,6,0.2034,0.5494,0.5663,2,37.14,22.3035,-15.5592
2,41849006.99,1264,20,126,0,1,55.61,19792812.37,1.1758,1.1063,0,0.0,0.2027,0.4682,23,47.3,2.4179,-16.3859
1,28025936.97,863,10,90,0,1,30.85,14024961.34,0.6166,0.7976,24,0.2695,0.4567,0.6152,8,50.04,3.8569,25.0061
1,34595235.11,495,15,60,0,1,30.35,21397314.49,0.4907,0.9894,15,0.2455,0.2622,0.5787,5,61.85,6.0701,148.3701
2,326047168.62,337,46,44,0,1,54.17,137214258.56,1.2872,0.8827,10,0.2338,0.2354,0.587,6,42.08,9.0285,20.4479
1,37989274.04,1132,12,116,0,1,67.78,29799599.21,0.864,1.0535,0,0.0,0.2351,0.5527,25,78.44,2.711,12.4737
0,4366621.03,134,16,21,1,0,60.35,2404266.63,1.0961,1.0227,7,0.3433,0.4579,0.4874,2,55.06,30.1759,-3.885
1,52540275.83,1382,17,142,1,1,45.86,66950659.56,0.3599,0.7238,51,0.3593,0.2349,0.4819,21,127.43,2.184,63.8915
2,34801112.98,1070,20,107,0,1,50.02,25649834.5,0.6787,0.8959,13,0.1197,0.3411,0.6006,17,73.7,2.9424,47.2886
1,162021753.02,537,48,71,1,1,83.32,109721556.64,1.2304,1.0852,10,0.141,0.2433,0.6817,14,67.72,5.9514,9.2276
2,28195402.69,828,20,81,0,1,72.17,32960049.61,0.6174,0.8461,10,0.1226,0.1836,0.5289,19,116.9,3.7983,57.762
0,29757717.92,56,11,10,0,0,86.69,22337693.55,1.1549,1.0148,5,0.5448,0.3187,0.4165,1,75.07,86.6892,1.6368
1,163618799.86,1478,54,148,0,1,27.12,65640114.96,0.6759,1.0832,0,0.0,0.33,0.3825,13,40.12,2.0858,41.2705
2,326935352.43,1451,65,147,0,1,90.52,552034845.11,0.5361,0.7082,69,0.4664,0.2236,0.5522,43,168.85,2.1051,89.6931
1,46189093.5,2115,15,211,1,1,63.7,49171665.21,0.5984,0.7699,44,0.2092,0.3931,0.5295,44,106.46,1.4478,60.9521
2,41932974.9,626,20,64,0,1,48.37,22655254.73,0.8952,1.039,0,0.0,0.2842,0.5876,10,54.03,4.8366,17.525
1,162638604.12,1705,54,171,0,1,91.15,199124650.86,0.7445,0.8994,20,0.1166,0.2559,0.534,51,122.43,1.7873,30.3189
2,48011876.55,1295,20,132,0,1,48.68,29497493.91,0.7924,0.9094,16,0.1208,0.2543,0.5615,21,61.44,2.3182,23.1944
1,45312359.52,2300,15,228,0,1,81.26,37144531.84,0.9913,1.0295,0,0.0,0.1881,0.4478,62,81.97,1.3107,-0.6208
1,136895930.74,179,40,27,0,1,27.11,31555283.82,1.176,0.8619,5,0.17,0.3099,0.4462,1,23.05,27.1066,25.5476
1,127859803.79,220,33,24,1,1,59.36,85764936.06,0.885,0.5602,13,0.5511,0.3112,0.4292,4,67.08,14.8412,67.7381
2,430393812.0,792,84,96,0,1,84.91,300002569.32,1.2182,0.9308,62,0.65,0.3121,0.5788,22,69.7,3.8597,52.7222
2,106175994.9,223,87,28,0,1,82.43,74325731.54,1.1775,0.5617,11,0.389,0.2323,0.5393,6,70.0,13.7379,48.432
2,72055176.52,1978,20,201,0,1,54.92,58559530.8,0.6758,0.9474,18,0.0913,0.2979,0.4842,36,81.27,1.5256,53.0021
1,176988400.66,321,38,40,2,1,39.62,69546165.82,1.0083,1.1863,16,0.403,0.3473,0.5546,4,39.29,9.9049,21.1044
2,238752888.06,1348,47,138,0,1,35.21,143892398.95,0.5842,0.7587,52,0.38,0.2253,0.4508,15,60.27,2.3471,46.9037
0,4349361.13,75,9,10,0,1,49.3,2317781.56,0.9251,1.237,2,0.1987,0.3813,0.5348,1,53.29,49.2971,40.9217
1,287649031.79,2032,95,204,0,1,35.9,207467582.26,0.4978,0.6327,122,0.6004,0.4071,0.5795,24,72.13,1.496,89.9158
2,37770706.5,1267,20,129,0,1,66.81,49897934.31,0.5057,0.6199,54,0.4163,0.2305,0.4842,28,132.11,2.3862,109.7485
2,110709117.0,1289,22,128,0,1,85.18,175658976.75,0.5369,0.7996,39,0.302,0.1679,0.4813,36,158.67,2.3662,75.5138
2,36277467.0,900,20,90,0,1,51.52,18876722.5,0.9902,1.1357,0,0.0,0.1983,0.5105,15,52.03,3.435,-8.8431
2,687713218.21,490,76,58,1,1,73.86,479394994.8,1.0595,1.1444,1,0.023,0.12,0.2973,12,69.71,6.1547,22.4615
0,24927384.79,89,5,16,0,0,75.99,18916659.67,1.0013,1.0328,4,0.2701,0.4535,0.5572,2,75.89,37.9926,3.0671
2,743792306.49,624,78,77,2,1,61.47,430347927.08,1.0624,0.8856,10,0.1237,0.2456,0.5989,12,57.86,5.1225,40.2433
1,27208357.47,296,33,41,0,1,71.77,15281809.61,1.2778,1.0478,10,0.2377,0.1473,0.5493,7,56.17,10.2526,12.612
2,92682582.09,2525,20,254,0,0,56.59,149851784.71,0.35,0.35,165,0.65,0.2045,0.5409,47,161.68,1.204,180.3812
2,674284040.15,727,29,87,0,1,64.15,548849300.05,0.7881,0.7732,29,0.3293,0.3191,0.5563,15,81.4,4.2766,74.4214
2,62771870.25,605,80,76,1,1,44.39,31853603.84,0.8749,0.4,18,0.233,0.1983,0.4842,8,50.75,5.5493,85.1919
1,84389350.26,1789,28,182,0,1,59.86,85436869.91,0.5913,0.792,64,0.3531,0.3726,0.5334,35,101.24,1.7104,66.2745
1,195042326.31,2099,65,212,0,1,29.69,48692377.95,1.1891,0.9126,17,0.0796,0.2625,0.5928,20,24.97,1.4843,-10.5095
1,53843748.75,1386,17,136,0,1,77.69,41265817.45,1.0137,0.9738,2,0.0133,0.4027,0.4297,35,76.64,2.2197,-1.1574
0,18397769.27,187,11,22,1,1,41.89,8405830.39,0.9168,1.212,1,0.0529,0.4214,0.3871,2,45.69,20.9441,21.6343
1,36353392.7,1167,12,114,0,1,71.25,32115131.51,0.8066,0.8221,14,0.1229,0.2863,0.3902,27,88.34,2.639,30.8045
1,161226282.97,296,53,40,0,1,72.46,119846313.95,0.9747,0.716,3,0.0764,0.2908,0.3637,7,74.33,10.3508,46.0763
1,187485992.56,579,23,72,1,1,36.5,61873464.56,1.1059,1.1308,27,0.3806,0.2482,0.5443,7,33.0,5.2139,36.4319
2,229446606.24,787,123,102,0,1,56.1,105391573.74,1.2213,0.787,12,0.1169,0.1755,0.478,14,45.93,4.0071,44.9375
2,540534405.58,684,69,83,1,1,39.71,198346618.15,1.0821,0.7854,5,0.0637,0.1909,0.4181,9,36.69,4.4117,38.0949
1,122744638.07,418,38,56,2,1,66.24,93877036.4,0.8661,0.8775,13,0.2284,0.276,0.5095,9,76.48,7.3602,47.3946
2,119029701.11,3611,23,359,1,1,55.39,111269943.15,0.5926,0.8673,60,0.1665,0.2843,0.4639,66,93.48,0.8393,51.5265
2,365248349.88,364,46,42,0,1,86.96,540442454.28,0.5877,1.0806,5,0.1203,0.3237,0.5089,10,147.97,8.6964,113.3316
2,28933566.07,760,20,80,2,1,51.28,11711455.79,1.2669,1.0751,0,0.0,0.188,0.4989,12,40.48,4.2734,-20.0
0,28381395.15,191,5,27,0,0,26.97,9450546.04,0.8099,0.5173,7,0.248,0.2376,0.4303,1,33.3,26.968,62.9106
0,13437143.73,50,11,10,1,0,29.67,3135351.37,1.2715,1.1936,3,0.262,0.3061,0.4797,1,23.33,29.6688,-11.1456
1,154927040.0,2890,51,291,0,1,49.71,75484414.12,1.0204,1.054,0,0.0,0.2739,0.5553,47,48.72,1.0578,-5.5876
1,54924000.0,891,18,91,2,1,74.24,36514898.72,1.1167,1.0302,4,0.0471,0.3099,0.4826,22,66.48,3.3745,-5.1993
2,674419113.87,473,136,57,0,1,72.27,781500801.36,0.6237,0.7483,13,0.2245,0.1918,0.5235,11,115.88,6.5702,109.4057
2,31218111.42,958,20,93,0,1,64.56,44225154.96,0.4557,0.7467,33,0.3547,0.2075,0.5179,20,141.67,3.2279,103.2539
0,15785832.64,146,9,20,2,0,54.35,7053080.17,1.2164,1.1355,1,0.0701,0.3297,0.4677,2,44.68,27.1747,-14.9372
0,14952728.43,42,10,8,1,0,52.88,6773097.47,1.1674,0.9358,2,0.208,0.2188,0.4867,1,45.3,52.8797,7.2632
1,52530892.0,1227,17,123,0,1,38.43,24893506.95,0.811,1.075,0,0.0,0.2748,0.4969,15,47.39,2.5622,10.9735
1,614652572.45,2118,204,211,0,1,57.02,426115756.87,0.8225,1.0359,0,0.0,0.3469,0.4867,40,69.33,1.4254,13.983
1,31742087.6,476,22,61,0,1,41.14,12929589.11,1.0099,1.2151,11,0.1732,0.382,0.4001,6,40.73,6.8562,24.9482
1,32006590.0,1261,10,128,0,1,37.56,11668004.89,1.0304,1.0778,0,0.0,0.3108,0.4634,15,36.46,2.5043,-8.627
1,407152291.0,1296,135,128,2,1,52.07,266234348.8,0.7963,0.9815,3,0.0225,0.3188,0.4417,22,65.39,2.3668,15.3979
1,32759566.92,1401,10,142,0,1,36.98,16310209.74,0.7428,0.7969,42,0.2937,0.33,0.4429,17,49.79,2.1756,50.3582
0,2717525.42,93,5,10,2,0,45.48,1836024.34,0.6732,0.7284,1,0.15,0.2965,0.4506,1,67.56,45.4813,63.3757
1,131668599.29,1861,43,188,0,1,34.06,70472789.27,0.6364,1.0753,0,0.0,0.2985,0.4718,21,53.52,1.6219,31.0227
2,37327983.0,1228,20,120,0,1,89.9,37948300.18,0.8843,1.0579,0,0.0,0.2463,0.6334,36,101.66,2.4973,10.6592
1,61077028.0,551,28,68,1,1,26.47,13165199.63,1.228,0.9245,12,0.183,0.4138,0.584,4,21.56,6.6177,5.2883
1,66829941.43,1206,22,123,2,1,66.17,43793810.49,1.0097,1.069,0,0.0,0.3468,0.5035,26,65.53,2.5448,2.0658
2,124047561.4,1686,24,166,0,1,35.52,48076012.63,0.9165,1.0778,0,0.0,0.1656,0.6215,19,38.76,1.8695,0.0343
1,71617854.05,233,34,31,0,1,91.59,58797403.63,1.1156,0.7792,3,0.0871,0.2236,0.4981,7,82.1,13.0845,18.1936
1,52262115.0,1662,17,164,0,1,50.11,32413559.24,0.808,0.8363,28,0.1703,0.2931,0.5357,27,62.02,1.856,65.6464
2,128039831.97,252,145,28,0,1,39.48,56034406.67,0.902,0.8723,9,0.3176,0.309,0.6269,3,43.76,13.1586,59.3322
2,238752888.06,1348,47,138,0,1,51.33,170702080.91,0.7179,0.8981,6,0.0407,0.2638,0.6015,23,71.5,2.2316,46.9037
0,3539464.72,54,10,7,0,1,39.45,1367579.03,1.0209,1.1877,1,0.1948,0.4056,0.4282,1,38.64,39.4465,5.8601
1,33210489.27,1467,11,148,2,1,59.12,17894249.92,1.0972,1.0864,0,0.0,0.3105,0.5409,28,53.88,2.1115,-3.3165
1,548859111.59,957,182,97,0,1,30.66,285923232.28,0.5886,0.6789,37,0.3863,0.3907,0.5446,9,52.09,3.4068,67.9936
2,41446904.0,585,20,58,0,1,49.65,58796376.24,0.35,0.5414,35,0.5954,0.2159,0.5132,9,141.86,5.5168,159.5979
1,210833038.0,1743,70,178,0,1,72.43,314824839.0,0.485,0.7867,53,0.2992,0.3334,0.5124,42,149.32,1.7244,70.5972
1,95091587.2,1512,31,149,2,1,83.25,84535695.56,0.9365,1.0066,0,0.0,0.3008,0.546,41,88.9,2.0306,5.1032
1,727726763.2,2055,242,207,0,1,62.12,510621808.86,0.8853,0.869,47,0.2262,0.3231,0.489,42,70.17,1.4791,21.4478
2,95984326.55,1095,20,112,0,0,89.33,105934954.03,0.8094,0.9613,9,0.0802,0.2292,0.4342,32,110.37,2.7915,20.2683
0,28863312.03,162,5,17,0,0,90.52,19608602.05,1.3324,1.0089,6,0.3363,0.3073,0.5627,4,67.94,22.6301,-10.4339
1,212588735.23,1397,70,141,0,1,69.78,117004575.65,1.2678,1.0872,0,0.0,0.3281,0.5461,32,55.04,2.1806,-20.0
0,25228777.36,67,6,12,2,0,25.05,4684980.43,1.3487,1.0289,1,0.0697,0.3718,0.6206,1,18.57,25.0462,-20.0
1,57914484.82,1882,19,186,1,1,50.83,33467625.31,0.8796,0.84,32,0.173,0.2832,0.4992,31,57.79,1.6398,13.3081
1,100897309.0,1657,33,164,0,1,79.7,108392049.23,0.7419,0.9112,6,0.0387,0.3316,0.4544,44,107.43,1.8113,31.5293
1,146316246.47,243,43,28,1,1,31.44,95888988.29,0.4797,0.6139,5,0.1694,0.2702,0.4878,2,65.54,15.7189,151.8773
0,20982303.18,57,15,9,0,0,61.81,16797235.72,0.7721,0.9132,1,0.0873,0.4118,0.3872,1,80.05,61.8097,35.1929
1,158601435.89,2411,52,240,0,1,53.38,100815117.28,0.8398,0.7088,94,0.3909,0.2713,0.5916,42,63.57,1.2711,26.0171
1,162822736.88,463,41,62,0,1,51.16,204886060.57,0.4065,1.1942,11,0.1815,0.27,0.4612,7,125.83,7.3079,156.342
2,91865634.62,845,121,104,1,1,33.35,36855426.75,0.8314,0.65,26,0.2496,0.3354,0.6366,9,40.12,3.706,69.1888
2,33061230.61,1199,20,117,0,1,65.69,16864118.61,1.2878,1.0243,0,0.0,0.2727,0.5548,26,51.01,2.5264,-20.0
1,64434131.92,2288,21,229,2,1,45.28,49816767.07,0.5856,0.7875,37,0.1628,0.234,0.5711,34,77.31,1.3317,50.1517
1,190549749.69,283,31,39,1,1,55.63,119851379.65,0.8845,1.1275,13,0.3394,0.1802,0.3546,5,62.9,11.1267,55.689
1,71189117.02,1428,23,142,0,1,38.98,26009123.69,1.067,0.9676,0,0.0,0.21,0.4863,18,36.54,2.1658,-11.3388
2,238326367.76,230,97,26,0,1,68.77,143150102.93,1.145,0.4114,3,0.1181,0.3191,0.4885,5,60.06,13.7548,54.1271
1,59301246.62,242,33,31,2,1,60.54,70910549.12,0.5063,0.6696,14,0.4517,0.1304,0.5008,4,119.58,15.1347,164.717
0,4401242.3,162,9,23,2,0,44.48,1429605.65,1.3694,1.0435,7,0.3005,0.2881,0.4136,2,32.48,22.2403,-20.0
1,616467976.41,2224,205,222,1,1,28.3,399942835.29,0.4362,0.8748,40,0.1785,0.3288,0.3779,20,64.88,1.415,82.0674
2,256108041.65,804,120,103,0,1,38.35,97226766.12,1.0103,1.0047,4,0.0394,0.2276,0.5676,10,37.96,3.8352,49.6178
1,36041531.0,1292,12,131,0,1,58.75,23056731.59,0.9184,1.0391,0,0.0,0.198,0.4997,25,63.97,2.3502,15.195
1,112491905.0,1025,37,103,0,1,34.6,55513269.75,0.7012,0.8607,22,0.2145,0.2974,0.5289,11,49.35,3.1455,54.2835
0,4733819.22,157,10,19,0,1,31.18,1951246.33,0.7565,0.9798,5,0.2656,0.3003,0.4129,1,41.22,31.1819,36.2277
1,55415916.8,1013,18,104,0,1,45.88,21576571.44,1.1783,0.8655,20,0.1965,0.2339,0.4249,15,38.94,3.0585,-20.0
0,10668511.94,34,7,5,0,0,44.01,3967163.35,1.1836,0.8694,2,0.3807,0.3472,0.4166,1,37.19,44.0137,0.491
1,46387334.52,947,15,94,0,1,52.1,23402332.1,1.0327,0.9522,4,0.0445,0.2242,0.515,16,50.45,3.2561,-4.9082
0,65536046.33,1928,43,194,0,1,39.56,24655593.04,1.0516,1.188,0,0.0,0.287,0.4498,25,37.62,1.5824,-20.0
1,54409758.01,1597,18,162,0,1,58.49,38119823.67,0.8349,0.9924,0,0.0,0.2995,0.4537,31,70.06,1.8868,22.1381
1,94247033.42,909,31,91,0,1,43.59,32554036.37,1.2621,1.091,0,0.0,0.3243,0.4814,13,34.54,3.3533,-19.7502
1,42227207.5,248,44,36,0,1,72.89,26260520.71,1.172,1.2257,2,0.0565,0.4446,0.3646,6,62.19,12.148,-3.7007
2,850924033.66,818,136,107,2,1,34.72,313010187.58,0.944,0.4879,12,0.1127,0.362,0.6336,9,36.78,3.8582,54.6002
0,12216386.95,71,9,6,0,0,50.84,10585635.16,0.5867,0.9654,1,0.2098,0.2902,0.3476,1,86.65,50.838,56.2733
1,153358549.0,2052,51,204,0,1,76.19,173080904.79,0.6751,0.9198,25,0.1209,0.3275,0.5254,52,112.86,1.4653,48.2958
1,125129830.04,2468,41,247,0,1,63.04,96878214.48,0.8143,1.041,7,0.0288,0.3146,0.4425,51,77.42,1.2361,21.1244
1,348587197.51,2468,116,245,2,1,52.02,162399155.79,1.1167,0.9069,29,0.1178,0.368,0.5885,42,46.59,1.2387,1.4648
0,26316307.14,57,8,8,0,0,45.32,9819251.98,1.2146,1.0397,1,0.0971,0.5021,0.4442,1,37.31,45.3194,-3.9889
0,16762579.94,190,9,20,0,0,68.0,14774892.13,0.7715,1.0653,4,0.1985,0.2853,0.3407,4,88.14,16.9994,31.4827
2,38178027.0,1451,20,146,0,1,69.37,63909217.87,0.4144,0.6641,59,0.404,0.1321,0.4589,33,167.4,2.102,131.3609
2,91601317.38,3105,20,308,0,1,44.85,106701453.25,0.385,0.6497,174,0.5634,0.2769,0.5236,46,116.48,0.975,156.7785
0,4613225.4,157,9,16,1,0,85.32,3155681.03,1.2472,1.1755,2,0.1451,0.3296,0.5383,4,68.41,21.3289,-12.9592
0,19828919.08,136,6,21,1,1,31.24,6108306.87,1.0141,0.9216,9,0.4368,0.346,0.3276,1,30.81,31.2381,41.9033
0,17667145.51,131,9,13,0,0,70.68,15721395.23,0.7943,0.6933,4,0.3359,0.3692,0.4016,3,88.99,23.5616,57.7791
2,917728951.75,476,108,61,2,1,32.75,285336901.65,1.0535,1.232,9,0.1413,0.2,0.5686,5,31.09,6.5509,23.6336
1,30827126.0,1022,10,105,1,1,34.19,15667861.5,0.6727,0.7968,27,0.2533,0.2422,0.4299,11,50.82,3.1083,63.3422
0,18981781.9,177,7,22,0,0,54.19,8470491.28,1.2144,0.8738,6,0.2847,0.3279,0.4988,3,44.62,18.0638,10.6458
1,57632917.66,204,10,28,0,1,53.17,27800966.04,1.1022,1.0887,4,0.1334,0.2703,0.6374,3,48.24,17.7234,-5.8095
1,172386736.08,965,57,97,0,1,76.54,195647424.28,0.6744,0.9357,8,0.0831,0.3102,0.4677,24,113.49,3.1891,26.7233
1,73452427.39,1269,24,129,1,1,38.44,37414739.08,0.7547,0.7141,40,0.3137,0.3339,0.5015,16,50.94,2.4028,37.1547
2,33931630.16,933,20,93,0,1,65.45,36645424.91,0.606,0.9251,7,0.076,0.152,0.6237,20,108.0,3.2724,75.304
1,316432547.0,2367,105,236,0,1,82.55,496422973.25,0.5262,0.7232,80,0.3403,0.3856,0.6286,65,156.88,1.27,77.3222
1,36353392.7,1167,12,114,0,1,51.27,26478316.16,0.7039,0.9061,8,0.0712,0.353,0.4626,19,72.84,2.6982,30.8045
1,123109053.06,234,44,30,2,1,72.36,185113111.62,0.4812,0.9728,9,0.2858,0.2473,0.6734,5,150.37,14.4725,149.8428
2,78435115.47,1543,20,158,1,1,26.22,46587124.08,0.4415,0.6988,62,0.3935,0.1991,0.4766,13,59.4,2.017,122.4267
2,695674872.79,399,32,46,0,1,65.89,585591048.19,0.7828,0.855,17,0.3766,0.2761,0.5465,8,84.18,8.2368,94.1673
2,180191262.95,424,36,44,0,1,77.45,227068701.68,0.6146,0.7999,8,0.1718,0.2802,0.381,10,126.02,7.7455,62.8207
0,4264124.37,158,7,23,0,1,83.47,4233803.67,0.8407,1.1229,11,0.4898,0.3864,0.57,4,99.29,20.8679,61.9578
2,326327241.44,501,89,65,1,1,79.67,339649354.94,0.7654,1.0444,14,0.2121,0.243,0.4588,13,104.08,6.1283,88.0561
0,19034433.04,177,9,24,0,1,31.31,5655229.17,1.0537,0.8089,4,0.1528,0.3235,0.3056,1,29.71,31.3067,25.9118
1,70637339.0,992,23,101,2,1,39.87,59045480.17,0.4769,0.7483,50,0.4987,0.3181,0.6124,13,83.59,3.0667,89.4732
2,565330939.0,2783,113,279,1,1,30.88,344684156.3,0.5064,0.8487,73,0.2608,0.264,0.5664,28,60.97,1.1027,77.4998
1,143207896.16,315,39,43,2,1,53.93,94187210.03,0.82,0.5621,8,0.1941,0.3175,0.4847,5,65.77,10.7856,68.7361
2,78435115.47,1543,20,158,1,1,29.71,60298364.79,0.3865,0.7802,43,0.2697,0.224,0.5838,15,76.88,1.9807,122.4267
2,43328477.58,946,20,98,2,1,65.73,22325261.16,1.2756,0.8565,13,0.128,0.3161,0.6202,20,51.53,3.2863,-20.0
0,17381207.38,124,13,18,2,0,53.81,12587081.52,0.7431,0.928,7,0.3759,0.3019,0.6277,2,72.42,26.9062,50.668
2,126602260.14,1277,25,128,0,0,39.25,42207501.6,1.1773,0.9033,15,0.1184,0.2477,0.5329,16,33.34,2.4532,-7.8932
2,559492602.37,380,83,52,0,1,87.41,615516179.22,0.7946,0.8577,7,0.1437,0.4172,0.55,11,110.01,7.9468,68.6246
1,101523714.4,1655,33,169,0,1,45.18,54433367.71,0.8427,0.8785,33,0.1929,0.3361,0.4367,24,53.62,1.8827,9.4784
2,29034338.46,1127,20,114,1,1,36.79,10048635.7,1.0631,1.0286,0,0.0,0.1952,0.5807,13,34.61,2.8303,-9.2806
1,13843393.55,307,24,38,0,1,49.86,10053674.66,0.6866,0.9762,7,0.1885,0.2714,0.5744,5,72.62,9.9722,74.1595
2,428940099.11,746,115,97,1,1,38.11,140243636.07,1.1658,0.5334,8,0.0869,0.2803,0.5309,9,32.7,4.235,57.8722
1,31658561.08,899,10,87,1,1,62.89,15318314.94,1.2998,1.1396,0,0.0,0.3046,0.5387,18,48.39,3.4941,-20.0
0,11767960.44,189,11,27,0,1,84.57,17384969.01,0.5724,1.045,4,0.1343,0.409,0.4281,5,147.73,16.9133,87.8941
0,65084017.0,1514,43,154,0,1,74.75,38607119.96,1.2602,1.0877,0,0.0,0.2314,0.5448,37,59.32,2.0203,-17.1404
1,233375733.0,3366,77,340,0,1,86.15,197751414.94,1.0167,0.9922,33,0.0974,0.2726,0.5793,96,84.74,0.8974,0.3187
0,10497724.9,63,9,11,2,1,54.04,6433527.93,0.8818,0.7988,3,0.2722,0.3474,0.2648,1,61.28,54.0398,44.0815
2,103664610.58,579,81,73,1,1,49.6,62688799.62,0.8202,0.9096,39,0.5309,0.2136,0.4922,9,60.47,5.5108,67.1405
2,868326260.08,741,85,94,0,1,52.73,468614620.64,0.9771,1.0934,19,0.1987,0.2718,0.3884,13,53.97,4.0561,36.3686
1,35554917.09,1879,11,190,0,1,58.54,30585076.42,0.6805,0.961,28,0.1477,0.3972,0.5517,36,86.02,1.6261,27.1002
1,34199505.89,910,11,92,0,1,45.93,14515203.44,1.0821,0.8938,9,0.0932,0.3008,0.5198,13,42.44,3.533,4.655
1,178381210.48,429,46,58,1,1,50.93,227103572.38,0.4,0.9314,15,0.2617,0.317,0.6631,7,127.31,7.2751,193.8997
1,228824960.57,2261,76,227,0,1,28.31,82344359.52,0.7868,0.9536,0,0.0,0.2543,0.5104,21,35.99,1.3483,12.5888
2,962898274.94,630,192,67,0,1,52.23,860539281.25,0.5844,0.6962,25,0.3732,0.2271,0.4663,10,89.37,5.2228,82.9767
2,632016197.69,878,83,106,1,1,48.82,343973202.27,0.897,0.8882,36,0.3393,0.3151,0.5305,14,54.42,3.4871,47.5512
1,159754653.83,1656,53,166,0,1,65.29,153875131.21,0.6779,0.7832,59,0.3532,0.3375,0.4115,36,96.32,1.8137,46.0863
1,54765965.47,1570,18,156,0,1,39.08,16227524.11,1.3189,1.0581,0,0.0,0.1749,0.4904,20,29.63,1.9541,-20.0
2,254010061.05,163,79,22,0,1,35.79,92728408.19,0.9804,1.0297,10,0.457,0.2422,0.5515,1,36.51,35.7908,57.9947
0,129139373.89,1536,86,157,0,1,71.79,77887377.43,1.1904,1.0504,0,0.0,0.2983,0.51,36,60.31,1.9943,-13.7047
2,51017923.0,1090,20,108,0,1,72.45,44121433.16,0.8378,0.8584,16,0.1453,0.1627,0.5064,26,86.48,2.7866,10.2094
1,111192138.53,527,33,67,0,1,34.84,38033294.74,1.0186,0.8785,19,0.2813,0.4712,0.4967,6,34.21,5.8069,25.9628
1,152582802.67,356,18,43,0,1,54.27,85613011.61,0.9672,0.8753,12,0.2769,0.3152,0.4832,6,56.11,9.0452,59.5714
1,161654224.15,229,23,33,0,1,89.85,155565460.54,0.9337,0.9952,2,0.0612,0.2532,0.5529,6,96.23,14.975,19.3949
0,18849292.66,74,9,13,1,1,84.44,19184796.3,0.8296,0.8056,1,0.1148,0.514,0.4517,2,101.78,42.2201,46.8304
1,8484941.18,282,36,33,0,1,89.78,6057455.48,1.2576,0.8782,7,0.2129,0.3295,0.5625,8,71.39,11.2227,23.7146
2,202327341.76,197,132,27,1,1,76.75,149696484.3,1.0373,1.1751,4,0.1383,0.3721,0.5268,5,73.99,15.3498,28.6682
2,36254690.15,1976,20,196,1,1,31.97,11306697.53,1.0252,1.0301,0,0.0,0.2318,0.5114,21,31.19,1.5226,-20.0
2,42352352.98,2016,20,202,1,1,85.37,53838270.17,0.6716,0.9435,18,0.0874,0.1532,0.5793,57,127.12,1.4977,46.9454
1,112601596.56,300,27,37,2,1,28.2,29201844.94,1.0874,0.8996,7,0.1919,0.3326,0.4464,2,25.93,14.1002,20.7431
0,50878598.0,1529,33,156,0,1,25.35,15923952.18,0.8099,0.9433,2,0.0134,0.4907,0.5241,12,31.3,2.1123,14.4463
0,28001030.59,1474,18,147,0,1,46.64,15301987.57,0.8535,0.996,0,0.0,0.3506,0.5467,22,54.65,2.1201,17.5467
1,52873442.72,1752,17,173,0,1,25.23,24756849.0,0.5389,0.7154,79,0.4592,0.3579,0.4206,14,46.82,1.8024,93.1756
1,54924000.0,891,18,91,2,1,84.53,47830708.07,0.9707,0.9391,0,0.0,0.3228,0.4046,25,87.09,3.3812,-5.1993
1,198562205.0,1045,66,105,2,0,67.0,104523066.58,1.2727,1.1136,0,0.0,0.3527,0.4039,23,52.64,2.9129,-20.0
2,232387238.65,498,46,52,2,1,76.88,249222119.86,0.7169,0.8542,5,0.1056,0.1574,0.5957,12,107.24,6.4067,40.7454
0,18158710.33,186,8,23,0,0,61.31,10895034.68,1.0219,0.7078,9,0.3724,0.524,0.4284,3,60.0,20.4382,28.2435
0,8311571.47,50,10,5,2,0,58.1,4638853.58,1.0411,0.5346,0,0.0274,0.2825,0.4983,1,55.81,58.1049,16.5357
1,65294183.85,1022,21,103,0,1,36.4,23310303.8,1.0195,0.9668,11,0.1077,0.4387,0.4337,12,35.7,3.0332,3.0064
2,58990292.0,828,20,83,1,1,59.94,75403392.54,0.4689,0.6164,49,0.5956,0.2828,0.5969,16,127.82,3.7462,115.7901
2,28321972.79,967,20,100,0,1,52.58,17021476.55,0.8749,0.8438,19,0.1863,0.2247,0.482,16,60.1,3.2862,48.1948
2,50311599.77,976,20,97,1,1,70.3,78740223.89,0.4492,0.5102,56,0.5779,0.1691,0.5339,22,156.51,3.1955,162.5996
0,40623071.57,2068,27,209,1,1,78.46,35985435.23,0.8857,0.8778,38,0.184,0.2418,0.4522,54,88.58,1.453,6.1499
2,38978353.23,1276,20,127,1,1,48.25,21570473.02,0.872,0.9257,4,0.0346,0.2657,0.4555,20,55.34,2.4127,21.2862
1,163618799.86,1478,54,148,0,1,69.72,200387734.28,0.5692,0.9316,26,0.175,0.3894,0.5251,34,122.47,2.0505,41.2705
0,49348718.79,1119,32,110,0,1,79.94,42984336.02,0.9178,1.0078,7,0.0635,0.4123,0.4405,29,87.1,2.7567,3.4298
1,65294183.85,1022,21,103,0,1,28.49,15806861.67,1.1768,1.0219,0,0.0003,0.2196,0.4999,9,24.21,3.1655,3.0064
1,142301384.32,325,32,44,1,1,57.52,67855623.38,1.2062,0.8289,7,0.1521,0.2617,0.4428,6,47.68,9.5863,27.0486
1,31397378.01,1336,10,133,0,1,55.53,18343908.15,0.9505,1.085,0,0.0,0.3613,0.3224,24,58.42,2.3139,9.8364
0,23543748.11,123,13,17,1,1,74.02,15444105.71,1.1284,0.8034,3,0.1795,0.3649,0.496,3,65.6,24.6738,29.0818
1,37857532.26,1609,12,159,0,1,47.35,13915808.34,1.2882,1.1602,0,0.0,0.3315,0.4494,25,36.76,1.8941,-20.0
1,209025585.0,1357,69,134,0,1,90.37,253435347.46,0.7454,0.9214,7,0.0511,0.4338,0.5697,40,121.25,2.2594,43.1774
1,131693568.54,548,39,66,2,1,87.69,92459964.69,1.249,0.8474,5,0.0788,0.2703,0.5473,16,70.21,5.4806,12.004
2,95984326.55,1095,20,112,0,0,32.08,38792104.33,0.7937,0.9465,12,0.1031,0.2359,0.5323,11,40.42,2.9161,20.2683
2,48018601.0,1122,20,110,0,1,74.47,44277723.65,0.8076,0.8858,17,0.1553,0.1742,0.5878,27,92.21,2.7581,22.1479
1,155071022.29,1405,51,143,0,1,88.48,312828413.72,0.4386,0.6046,91,0.6347,0.3329,0.5508,41,201.73,2.1581,125.4427
1,39877308.37,2516,13,249,0,1,52.04,32630014.47,0.6359,0.8553,58,0.2332,0.3049,0.6056,43,81.83,1.2101,49.2438
1,44591580.44,1422,14,140,0,1,64.61,25784439.54,1.1173,1.056,0,0.0,0.286,0.5719,30,57.82,2.1536,-14.5519
1,45105510.6,2561,15,254,0,1,77.07,26649373.92,1.3045,1.025,10,0.0382,0.2704,0.5457,65,59.08,1.1858,-20.0
2,46308648.62,1946,20,194,0,0,39.9,23876778.17,0.7739,0.8532,47,0.2412,0.2589,0.6052,25,51.56,1.5962,36.5164
0,20261299.09,138,6,19,1,1,44.4,10455063.05,0.8604,1.0747,5,0.2818,0.2941,0.5419,2,51.6,22.1978,37.0056
0,14968836.39,33,7,5,0,1,52.13,6745327.49,1.1567,0.8848,1,0.156,0.3767,0.4559,1,45.06,52.1257,3.9014
0,8299393.02,99,7,15,1,0,35.03,2632032.44,1.1045,1.1035,4,0.2438,0.3723,0.4871,1,31.71,35.0278,-4.8189
0,40623071.57,2068,27,209,1,1,62.86,29305494.24,0.8714,0.9292,6,0.0282,0.3773,0.3123,43,72.14,1.4618,6.1499
1,442441114.45,2373,147,239,0,1,43.14,205285115.08,0.9298,0.8157,71,0.2952,0.2637,0.4626,34,46.4,1.2688,6.196
2,578860110.5,559,71,72,0,1,71.64,879588644.64,0.4715,0.8666,2,0.031,0.2508,0.6088,13,151.95,5.511,169.6355
1,616467976.41,2224,205,222,1,1,50.03,491198516.19,0.6279,0.7923,45,0.2033,0.2717,0.5185,37,79.68,1.3522,82.0674
1,51708792.0,1261,17,126,0,1,32.09,17601450.88,0.9427,0.8831,7,0.0524,0.3492,0.4668,13,34.04,2.4685,7.1551
2,367619143.47,360,140,50,2,1,90.42,323499237.9,1.0275,0.6957,13,0.2599,0.2421,0.4088,10,88.0,9.0417,61.8142
1,229683588.61,2409,76,241,0,1,54.23,175305797.97,0.7106,0.8823,62,0.2561,0.1608,0.3599,43,76.32,1.2612,39.3212
0,19388543.8,147,10,20,2,1,48.43,13165795.93,0.7132,1.0814,2,0.1029,0.4072,0.3975,2,67.91,24.2134,45.9131
1,40076875.0,997,13,99,0,1,56.09,17592249.73,1.2779,1.0732,0,0.0,0.3727,0.5811,18,43.9,3.1163,-20.0
1,34327283.93,1084,11,106,0,1,67.48,31051524.34,0.746,0.8377,28,0.2605,0.1924,0.427,24,90.46,2.8115,42.9732
1,44051857.94,1829,14,181,0,1,63.69,23149481.9,1.2119,1.1212,0,0.0,0.2687,0.448,38,52.55,1.676,-20.0
1,40076875.0,997,13,99,0,1,81.02,25489385.42,1.2739,1.0417,0,0.0,0.349,0.4867,26,63.6,3.1162,-20.0
1,274302548.0,2021,91,202,0,1,65.79,253701766.84,0.7113,0.9636,0,0.0,0.2756,0.4591,44,92.49,1.4951,31.587
2,591351323.13,214,75,23,1,1,31.18,144123072.57,1.2792,0.7276,2,0.0855,0.201,0.5801,2,24.37,15.588,41.3423
1,9237333.65,243,45,35,2,1,80.59,5866018.35,1.2691,0.9393,8,0.2346,0.19,0.5791,6,63.5,13.4321,11.6208
2,163654768.0,2015,32,199,0,1,35.29,68455824.1,0.8437,0.8685,44,0.223,0.2939,0.4297,23,41.83,1.5343,11.1173
1,177680609.4,2247,59,223,0,1,58.85,144057596.28,0.7259,0.8608,72,0.3242,0.234,0.4928,44,81.08,1.3376,49.6938
1,152851665.76,427,21,51,0,1,51.14,66770574.98,1.1708,0.4596,7,0.1466,0.271,0.5174,7,43.68,7.3064,50.5315
0,4566766.12,197,12,28,0,0,57.26,2547734.18,1.0263,0.9854,7,0.2503,0.3884,0.3985,3,55.79,19.0851,3.1366
1,17516345.88,280,24,39,2,1,78.72,10763553.36,1.281,1.0174,4,0.098,0.309,0.5222,7,61.45,11.2451,12.4151
1,663187402.0,2634,221,263,0,1,88.73,952199137.21,0.618,0.8475,63,0.2403,0.3083,0.5532,77,143.58,1.1523,56.9878
0,1431594.36,37,8,5,1,1,47.55,502759.15,1.354,0.7248,0,0.0116,0.3704,0.4803,1,35.12,47.5505,-15.2496
1,27383910.0,1041,10,105,1,1,88.86,38929018.57,0.6251,0.7672,36,0.3455,0.2537,0.4808,30,142.16,2.962,53.061
0,34468711.82,827,22,84,0,1,66.79,28119789.34,0.8187,0.9641,3,0.0395,0.5339,0.3558,18,81.58,3.7107,14.0024
1,187021254.04,407,53,52,1,1,82.55,205143785.96,0.7525,1.0395,19,0.3697,0.3416,0.5265,11,109.69,7.5043,54.0783
2,413297776.0,487,82,47,0,1,44.83,287163319.82,0.6453,0.9512,3,0.0696,0.2412,0.6612,7,69.48,6.4049,27.854
2,237812604.91,589,108,71,0,1,35.8,68820485.48,1.2371,0.9092,7,0.1034,0.2261,0.4695,7,28.94,5.1143,17.767
2,492949234.61,895,139,115,0,1,66.63,351255929.32,0.9351,0.7521,26,0.2296,0.2229,0.5268,19,71.26,3.5071,78.1623
2,528288439.86,600,72,80,2,1,39.35,166418568.84,1.2491,1.1143,11,0.1423,0.12,0.5414,7,31.5,5.6213,43.748
1,39454595.81,805,13,81,0,1,71.59,38312512.88,0.7372,0.8844,2,0.0219,0.3845,0.5257,19,97.11,3.7679,21.8778
2,952474298.09,167,107,24,1,1,72.4,868752848.07,0.7938,0.814,1,0.0583,0.2924,0.5126,4,91.21,18.101,72.7835
0,11307552.12,69,11,13,1,1,72.23,6996853.16,1.1673,0.7428,1,0.0653,0.4509,0.4372,1,61.88,72.2301,16.048
2,68914237.0,990,20,99,2,1,40.26,25217762.76,1.1003,0.9919,0,0.0,0.1889,0.634,13,36.59,3.0971,-20.0
0,29121583.67,190,4,26,1,1,90.92,25257436.56,1.0483,1.226,12,0.4595,0.4621,0.4898,5,86.73,18.184,26.2523
1,187136909.84,528,34,71,2,1,72.81,198002852.91,0.6881,0.9569,23,0.3206,0.3331,0.5211,12,105.81,6.0673,85.4772
1,27748093.72,1514,10,153,0,1,25.3,6379514.51,1.1003,0.8178,35,0.2285,0.276,0.4347,12,22.99,2.1082,-10.1625
1,55704414.42,3247,18,325,2,1,53.51,29757066.54,1.0017,0.9205,48,0.1487,0.428,0.4957,57,53.42,0.9388,4.4686
0,2875651.15,88,3,15,0,0,78.21,2331429.95,0.9647,1.1888,3,0.1742,0.3859,0.311,2,81.07,39.1063,15.3116
1,187669691.03,2499,62,248,0,1,87.9,216205607.33,0.763,0.8908,26,0.1039,0.2302,0.5113,73,115.21,1.2041,23.3265
2,669768734.97,659,38,83,2,1,74.81,476099107.14,1.0524,0.7555,24,0.2941,0.3098,0.5335,16,71.08,4.6756,47.0588
0,62420485.81,1624,41,166,2,1,31.78,19757158.96,1.0039,1.141,0,0.0,0.2749,0.4315,17,31.65,1.8692,3.4828
0,65536046.33,1928,43,194,0,1,29.21,16841112.17,1.1365,1.0606,0,0.0,0.3726,0.3234,18,25.7,1.6225,-20.0
2,34024864.94,332,20,31,0,1,80.37,36712728.81,0.7448,0.9701,0,0.0117,0.2401,0.623,8,107.9,10.0461,30.6774
0,3996567.83,97,6,17,1,0,40.64,1402295.12,1.1581,0.7978,3,0.159,0.3774,0.5965,1,35.09,40.6362,17.1923
2,492700225.42,249,123,32,1,1,45.24,216448579.45,1.0298,1.2079,5,0.1542,0.2734,0.6236,3,43.93,15.0802,41.4513
2,42910143.94,828,20,83,1,1,63.02,32564019.29,0.8304,1.0885,0,0.0,0.2464,0.6489,17,75.89,3.7068,22.554
2,666345383.82,517,88,62,1,1,54.72,303840435.5,1.2001,0.9286,10,0.1632,0.3243,0.5577,9,45.6,6.0805,19.4503
2,175268932.5,1850,35,189,1,1,39.19,141913451.23,0.484,0.7754,51,0.2687,0.3386,0.5855,24,80.97,1.6329,78.346
2,37573800.11,1519,20,153,0,1,68.7,73755831.23,0.35,0.5189,83,0.5434,0.2341,0.6253,34,196.3,2.0207,148.0773
1,39525537.09,1100,13,108,0,1,45.61,30081942.66,0.5993,0.8989,22,0.2055,0.3278,0.4167,16,76.11,2.8505,77.0936
1,134136047.0,94,33,12,1,1,33.28,36839282.97,1.2118,0.9908,5,0.3814,0.2218,0.4513,1,27.46,33.2812,16.7328
1,34670407.0,881,11,87,1,1,31.91,10453742.73,1.0584,1.0442,0,0.0,0.3442,0.3723,9,30.15,3.5458,4.2672
1,162628003.0,1485,54,152,1,1,73.47,166327175.25,0.7184,0.8383,46,0.3052,0.2446,0.4269,36,102.27,2.0408,27.3947
2,239749705.27,654,84,79,1,1,67.78,136401049.84,1.1914,0.9987,22,0.2806,0.3245,0.5713,14,56.89,4.8417,25.8919
1,168201838.42,2191,56,223,0,1,81.98,188960584.03,0.7298,0.9898,17,0.0747,0.3174,0.511,59,112.34,1.3896,27.3845
1,51696518.49,1206,17,123,0,1,90.89,77777167.7,0.6041,0.8879,31,0.255,0.2851,0.5307,36,150.45,2.5246,55.4116
1,52885929.4,1408,17,140,0,1,40.39,32288829.05,0.6616,0.9033,25,0.176,0.2739,0.4826,18,61.05,2.244,26.6494
1,129793326.54,2920,43,292,1,1,71.81,112131530.81,0.8312,0.8944,36,0.1217,0.3011,0.4976,69,86.39,1.0407,20.9039
1,11567194.2,363,19,45,1,1,86.04,12417692.61,0.8015,0.9417,28,0.631,0.2245,0.5101,10,107.35,8.604,72.052
1,8363017.52,536,25,69,0,1,61.35,5099319.95,1.0062,1.0359,4,0.061,0.226,0.4016,10,60.97,6.1352,34.8735
1,30743932.0,1322,10,131,0,1,44.22,18010763.91,0.7548,0.9129,13,0.1028,0.368,0.582,19,58.58,2.3273,29.9482
1,154013709.98,172,45,22,2,1,47.33,70924260.25,1.0278,0.8569,2,0.0913,0.2791,0.6095,2,46.05,23.6656,19.9355
1,134513148.64,1097,44,107,0,1,62.55,111864631.58,0.7521,1.0014,2,0.0167,0.3375,0.4417,22,83.16,2.843,34.0471
0,65084017.0,1514,43,154,0,1,76.31,40387168.43,1.2298,1.1105,0,0.0,0.3529,0.4307,38,62.05,2.0082,-17.1404
0,22850496.94,184,6,26,2,0,60.79,10761924.79,1.2907,1.2798,10,0.3884,0.4616,0.4149,3,47.1,20.2632,-20.0
2,357562432.15,267,89,34,0,1,82.21,261018307.53,1.1262,0.7869,6,0.1808,0.12,0.6622,7,73.0,11.7441,38.6428
0,53799517.0,1073,35,106,0,1,72.06,54487852.31,0.7115,0.8438,18,0.1694,0.3459,0.448,25,101.28,2.8826,66.0581
1,36683848.0,1245,12,128,0,1,59.1,23132688.3,0.9372,0.7784,43,0.3359,0.1876,0.4009,24,63.06,2.4625,12.5592
1,39818752.05,1259,13,126,0,1,41.4,18242004.64,0.9036,0.7965,23,0.1813,0.2272,0.5006,17,45.81,2.4351,26.0806
2,163654768.0,2015,32,199,0,1,30.03,48990746.18,1.003,0.7738,72,0.3618,0.2467,0.4665,20,29.94,1.5013,11.1173
1,36310638.74,1393,12,142,0,1,27.53,6706380.72,1.4903,1.1013,0,0.0,0.2623,0.5,12,18.47,2.2938,-20.0
0,13605296.79,47,11,7,0,0,29.82,4398476.8,0.9225,1.0408,3,0.4668,0.3571,0.4143,1,32.33,29.823,47.8233
1,195665448.35,440,36,55,2,1,39.48,118162565.96,0.6538,0.9132,11,0.1979,0.3802,0.388,5,60.39,7.8967,88.6151
0,11598525.49,158,14,20,0,0,26.93,3566251.68,0.8758,0.944,6,0.2778,0.44,0.5331,1,30.75,26.9282,48.1645
1,51696518.49,1206,17,123,0,1,72.04,60242587.91,0.6182,0.8685,34,0.2773,0.3348,0.3937,28,116.53,2.5729,55.4116
1,199743120.42,129,18,19,1,1,40.57,72866221.02,1.1122,0.8886,3,0.1511,0.195,0.6126,1,36.48,40.5737,20.8266
1,116034147.9,124,28,19,2,1,50.57,52030804.2,1.1278,0.9414,2,0.1236,0.3613,0.5992,2,44.84,25.2863,6.5728
2,923890301.71,635,94,76,0,1,76.44,605936457.84,1.1655,0.9641,12,0.158,0.3286,0.6152,16,65.59,4.7774,43.2334
1,70814216.14,1667,23,167,0,1,38.51,31683152.63,0.8608,0.9278,15,0.0871,0.2937,0.4945,21,44.74,1.834,15.5682
1,190591792.0,399,45,47,1,1,30.58,102475606.85,0.5688,0.9005,10,0.2072,0.1509,0.4058,4,53.77,7.6462,100.3266
1,50782315.51,1303,16,130,0,1,79.28,49050536.0,0.8208,0.8771,27,0.2053,0.2384,0.5027,34,96.59,2.3319,25.7279
2,28932013.37,2160,20,214,2,1,30.55,21883430.68,0.4039,0.5709,121,0.5666,0.1992,0.6156,21,75.64,1.4548,144.5891
0,10338805.51,147,8,16,1,0,59.09,4796879.59,1.2737,0.983,1,0.0348,0.2955,0.3847,2,46.4,29.5469,-20.0
2,565330939.0,2783,113,279,1,1,53.05,464518069.76,0.6456,0.6805,114,0.4079,0.3389,0.4979,49,82.17,1.0826,77.4998
1,405028868.38,2128,135,213,2,1,46.19,248156265.12,0.7538,0.9494,47,0.2216,0.3134,0.6003,32,61.27,1.4433,17.0473
1,158563349.17,2146,52,215,0,1,29.45,54405812.24,0.8583,0.7235,71,0.3289,0.2816,0.4657,21,34.31,1.4023,66.9518
0,20410629.78,54,6,7,0,1,33.47,9267727.79,0.7372,1.1056,1,0.091,0.2705,0.3691,1,45.41,33.4733,67.8332
1,177470809.39,542,39,70,1,1,33.21,66953623.92,0.8801,1.2474,1,0.0168,0.1926,0.4027,5,37.73,6.641,41.5274
0,73001109.71,1742,48,176,0,1,52.37,42628680.91,0.8968,0.959,0,0.0,0.3607,0.495,30,58.39,1.7457,16.9137
2,617298772.51,638,148,79,0,1,47.25,402651015.47,0.7243,1.1243,11,0.1372,0.1521,0.5532,10,65.23,4.7248,72.4149
0,19273133.04,139,13,19,0,0,43.5,8204040.68,1.022,0.8579,3,0.165,0.3954,0.5383,2,42.57,21.7524,7.3153
0,25014140.19,58,9,8,1,0,86.87,24411477.83,0.8901,0.9662,1,0.1611,0.4251,0.4426,1,97.59,86.8674,11.5645
1,93658374.69,374,50,43,0,1,33.32,36419355.09,0.8569,0.8403,1,0.0334,0.3819,0.4574,4,38.89,8.3303,47.3845
1,29416594.77,938,10,92,0,1,81.68,47724761.47,0.5035,0.8295,13,0.1463,0.3529,0.5495,25,162.24,3.2673,80.5274
0,12111513.61,100,9,10,1,1,62.96,6600406.5,1.1554,0.9415,4,0.366,0.3439,0.5188,2,54.5,31.4822,11.0104
1,279663837.15,1923,93,190,1,1,33.44,200804031.81,0.4658,0.8151,46,0.2439,0.2218,0.4964,21,71.8,1.5926,74.5727
2,589659846.92,584,39,78,0,1,52.92,244407841.65,1.2766,0.7731,24,0.3136,0.2452,0.5087,10,41.45,5.2915,44.7865
2,824343831.15,890,73,113,0,1,91.15,1125160322.8,0.6678,0.7104,4,0.0341,0.2517,0.494,27,136.49,3.3759,107.466
0,11628159.18,198,11,23,0,0,48.29,4729352.02,1.1874,0.6908,2,0.1065,0.3842,0.3652,3,40.67,16.0977,-7.1961
0,14956624.18,87,14,11,2,0,43.45,7393915.18,0.879,0.6804,4,0.341,0.5008,0.425,1,49.44,43.4527,46.9681
1,131753659.13,1899,43,188,0,1,45.02,57912404.48,1.0242,1.0062,0,0.0,0.3272,0.5863,28,43.96,1.6077,13.0158
1,27681676.51,1706,10,169,1,1,47.75,14251693.67,0.9275,0.8894,28,0.1639,0.3034,0.6211,27,51.48,1.7686,30.4653
2,306107269.05,534,114,63,0,1,35.0,80206637.88,1.3356,0.8689,2,0.0385,0.2288,0.494,6,26.2,5.8327,17.3626
1,65294183.85,1022,21,103,0,1,26.32,16462273.57,1.044,1.1254,0,0.0,0.256,0.3995,8,25.21,3.2901,3.0064
1,53253217.78,257,36,36,0,1,82.1,33338792.05,1.3114,1.0895,8,0.2316,0.2016,0.4643,7,62.6,11.7282,-1.8706
1,106273825.97,333,26,42,1,1,86.57,230011183.32,0.4,0.8704,5,0.1139,0.3405,0.417,9,216.43,9.6192,184.7199
1,32759566.92,1401,10,142,0,1,81.26,38641366.66,0.6889,0.8837,17,0.1183,0.2135,0.507,37,117.95,2.1961,50.3582
2,152194720.0,495,30,50,0,1,63.3,146281093.07,0.6585,0.6247,20,0.4014,0.3166,0.645,10,96.11,6.3295,83.8283
1,1350091538.49,2029,450,206,0,1,84.74,884935695.53,1.2929,1.134,0,0.0,0.277,0.6023,57,65.55,1.4867,-17.7278
2,48011876.55,1295,20,132,0,1,79.54,46046399.65,0.8293,0.8319,23,0.1747,0.2332,0.4901,34,95.91,2.3393,23.1944
2,226125571.45,1235,45,125,1,1,87.5,234251360.87,0.8446,0.9505,7,0.0574,0.1998,0.5963,36,103.59,2.4305,15.7963
1,53214779.38,1711,17,169,0,1,36.5,17746719.06,1.0945,1.0124,0,0.0,0.2463,0.5509,20,33.35,1.825,-5.9742
2,151838206.49,747,128,91,2,1,59.81,162975323.12,0.5572,0.9252,5,0.0557,0.3623,0.4564,14,107.33,4.2719,115.1741
2,94500369.52,515,112,64,2,1,44.46,36459970.6,1.1523,0.9047,3,0.0474,0.19,0.5535,7,38.58,6.351,28.6753
1,63309242.49,1260,21,124,0,1,61.56,45568793.58,0.8552,0.9279,15,0.1242,0.3805,0.4151,25,71.98,2.4623,4.8505
1,197450001.54,439,41,58,0,1,62.54,200552419.33,0.6157,1.1025,5,0.0901,0.2286,0.6353,9,101.57,6.9489,96.2355
1,189215062.7,517,32,63,0,1,62.93,184450700.07,0.6455,1.1525,22,0.3456,0.4322,0.4693,10,97.48,6.2926,77.9414
2,120228419.72,1406,24,142,2,1,72.31,94663209.28,0.9184,1.1317,0,0.0,0.3427,0.5363,33,78.74,2.1912,4.505
1,32797095.0,931,10,96,1,1,27.36,17172899.9,0.5226,0.9942,1,0.0144,0.3675,0.5969,8,52.36,3.4205,60.8604
2,52373824.46,2098,20,213,1,1,67.71,39221817.22,0.9041,1.0471,0,0.0,0.3195,0.5225,47,74.89,1.4406,1.8239
0,126987874.7,1413,84,140,0,1,73.98,131869804.34,0.7124,0.8976,26,0.1865,0.3175,0.4014,34,103.84,2.1759,23.2466
1,64564988.02,426,35,52,2,1,57.4,33085903.85,1.12,0.9874,7,0.1427,0.2682,0.4685,8,51.24,7.1744,24.5939
2,41646219.76,1211,20,123,0,1,62.67,28889900.21,0.9034,0.9072,19,0.1532,0.2369,0.5667,25,69.37,2.5068,17.1045
1,227007508.37,1487,75,146,0,1,38.1,109100079.09,0.7927,0.7403,38,0.2582,0.2708,0.5294,18,48.06,2.1165,53.2543
1,91015156.64,523,24,67,1,1,59.79,62971337.62,0.8642,0.8565,23,0.3443,0.4065,0.4998,10,69.19,5.9793,70.2799
0,55441302.0,2011,36,203,0,1,43.15,25903053.54,0.9235,1.0075,0,0.0,0.4229,0.408,28,46.72,1.541,0.3474
2,1870679349.39,846,374,85,0,1,56.27,1231223992.49,0.855,0.9662,0,0.004,0.2639,0.5582,15,65.82,3.7514,25.6327
1,131668599.29,1861,43,188,0,1,67.73,127612225.69,0.6988,0.8909,54,0.2893,0.3835,0.4403,42,96.92,1.6127,31.0227
1,172386736.08,965,57,97,0,1,53.94,112689240.77,0.8252,0.895,11,0.1119,0.3055,0.3655,17,65.37,3.173,26.7233
0,50682193.7,886,33,92,0,1,40.55,21089511.48,0.9744,1.0033,0,0.0,0.3362,0.5057,11,41.61,3.686,2.6384
2,656436343.82,150,135,21,1,1,46.25,272556614.0,1.1138,1.1406,2,0.0724,0.1428,0.628,2,41.52,23.1227,37.5845
2,144446627.61,187,112,23,1,1,44.94,86382635.03,0.7515,0.8126,2,0.089,0.2254,0.5804,2,59.8,22.4706,81.8577
2,45833987.58,534,101,68,0,1,26.0,18156308.58,0.6564,1.2217,31,0.458,0.2882,0.5066,4,39.61,6.5007,103.5357
2,28965028.88,1830,20,184,1,1,58.51,29339354.29,0.5777,0.8795,24,0.1289,0.4217,0.5609,35,101.29,1.6718,44.3695
0,12548078.73,133,9,16,1,1,45.32,4622969.8,1.2302,0.9284,4,0.2465,0.3755,0.4021,2,36.84,22.6608,-2.4548
0,5260025.84,115,9,14,1,0,29.34,1143761.63,1.3492,0.9021,2,0.1172,0.3252,0.3449,1,21.74,29.3385,-20.0
1,31397378.01,1336,10,133,0,1,86.04,30240004.78,0.8933,0.9289,4,0.0304,0.3676,0.5019,38,96.31,2.2642,9.8364
1,49947092.06,501,37,67,0,1,81.9,60611052.06,0.6749,1.116,14,0.2125,0.232,0.3994,13,121.35,6.3,86.2117
2,434638287.65,557,98,67,0,1,89.16,278839194.9,1.3898,1.0569,8,0.1168,0.2899,0.5782,16,64.15,5.5724,16.2206
1,227007508.37,1487,75,146,0,1,64.25,178682267.77,0.8162,0.8616,34,0.2331,0.2707,0.487,31,78.71,2.0725,53.2543
1,126512105.0,1589,42,159,2,1,75.1,116125976.14,0.8182,1.0338,0,0.0,0.3167,0.4037,39,91.79,1.9257,23.2012
2,34126688.76,833,20,87,0,1,46.54,32226096.35,0.4929,0.6171,53,0.608,0.3631,0.6893,12,94.43,3.8787,112.8235
0,50682193.7,886,33,92,0,1,38.23,20150378.2,0.9614,0.8777,19,0.2045,0.2974,0.416,11,39.76,3.4751,2.6384
1,1350091538.49,2029,450,206,0,1,84.68,925288554.66,1.2356,1.1253,0,0.0,0.2265,0.4042,57,68.54,1.4857,-17.7278
1,68263358.75,1825,22,183,0,1,36.16,19868420.7,1.2425,1.088,0,0.0,0.2339,0.4416,22,29.11,1.6438,-11.4624
2,371951804.88,212,76,27,0,1,54.96,279630874.54,0.731,1.0023,4,0.1373,0.1782,0.5564,3,75.18,18.3199,79.6038
0,12983344.23,128,6,20,1,0,58.25,8489636.07,0.8908,1.0134,11,0.5257,0.4689,0.5756,2,65.39,29.1235,40.6931
1,42549996.48,340,41,44,0,1,50.89,15933675.01,1.3591,0.521,13,0.297,0.3144,0.72,5,37.45,10.1786,25.8426
2,172324356.1,201,118,30,1,1,81.52,187698687.83,0.7485,1.1247,8,0.2777,0.1417,0.4967,5,108.92,16.3047,90.9833
2,429250452.11,337,76,46,1,1,56.02,350391777.66,0.6863,1.1608,12,0.262,0.389,0.465,6,81.63,9.3365,75.4178
0,61723637.28,991,41,97,0,1,67.02,58243073.39,0.7102,0.8647,16,0.1606,0.2087,0.4355,22,94.36,3.0462,28.5072
2,187451781.82,164,105,22,2,1,45.79,129921358.8,0.6606,0.6371,5,0.2439,0.2828,0.6259,2,69.31,22.8945,123.0018
0,13703642.09,45,4,5,0,1,69.06,8589698.88,1.1018,0.8468,2,0.3324,0.3823,0.3695,1,62.68,69.0603,28.9387
1,162615431.44,339,43,43,0,1,36.32,55234648.45,1.0692,0.7112,16,0.3806,0.2737,0.5041,4,33.97,9.0791,46.9998
2,60014030.69,498,83,59,2,1,61.02,35965448.9,1.0183,1.0027,5,0.0928,0.2269,0.4616,10,59.93,6.1023,30.3873
1,210833038.0,1743,70,178,0,1,81.42,297180603.22,0.5777,0.6976,71,0.3988,0.3749,0.4239,47,140.96,1.7324,70.5972
1,27335843.04,1317,10,130,0,1,74.89,17319726.17,1.182,0.9564,5,0.036,0.3869,0.4973,32,63.36,2.3404,-20.0
1,32128671.0,2063,10,208,1,1,51.07,21450346.48,0.7649,0.8253,40,0.1908,0.375,0.4571,35,66.76,1.459,24.4326
0,92187554.9,2510,61,250,0,1,48.45,51706304.51,0.8639,0.9933,8,0.0306,0.3457,0.4074,40,56.09,1.2113,24.79
1,179617097.36,318,52,40,2,1,26.03,39970292.19,1.1697,1.1959,7,0.1639,0.3289,0.4141,2,22.25,13.0145,10.7685
2,98135952.22,599,66,79,0,1,81.23,68345107.98,1.1664,0.8679,14,0.1746,0.3235,0.5624,16,69.64,5.0769,38.6802
1,37989274.04,1132,12,116,0,1,39.99,16021424.0,0.9482,0.9396,16,0.1339,0.182,0.483,15,42.17,2.6659,12.4737
2,44450172.5,640,20,65,2,1,79.63,60548862.73,0.5846,0.8236,14,0.2178,0.3191,0.5198,16,136.22,4.9767,70.9372
1,115454236.31,133,46,14,1,1,85.39,72502228.37,1.3598,0.8583,3,0.1942,0.3136,0.4681,3,62.8,28.4638,13.9059
2,41446904.0,585,20,58,0,1,52.84,53495065.11,0.4094,0.4407,38,0.65,0.2217,0.5589,10,129.07,5.2839,159.5979
1,376452420.97,2579,125,260,0,1,35.29,166446850.33,0.7982,0.8092,18,0.0702,0.2674,0.6694,30,44.21,1.1764,15.2537
1,348587197.51,2468,116,245,2,1,52.59,211191860.08,0.8681,0.9698,30,0.1207,0.3305,0.5137,43,60.59,1.2231,1.4648
1,169880054.51,1847,56,186,0,1,91.35,230482291.36,0.6733,0.8401,55,0.2966,0.246,0.4589,56,135.67,1.6312,50.2524
0,11640044.65,120,10,15,1,0,38.71,3655830.05,1.2324,0.949,1,0.0722,0.347,0.3955,1,31.41,38.7052,-20.0
1,52873442.72,1752,17,173,0,1,82.88,73764736.07,0.5941,0.7374,61,0.3537,0.354,0.5765,48,139.51,1.7266,93.1756
2,52816501.61,2860,20,289,1,1,36.42,54954062.99,0.35,0.6354,127,0.4408,0.2627,0.5538,34,104.05,1.0711,131.3488
1,31297422553.64,1327,500,136,0,1,31.34,10835172419.53,0.9053,0.896,28,0.2081,0.2854,0.4562,13,34.62,2.4109,1.5987
2,31218111.42,958,20,93,0,1,45.86,36162878.31,0.3959,0.6086,45,0.4832,0.12,0.5337,14,115.84,3.2757,103.2539
0,12788340.69,114,10,19,0,1,91.19,9163980.71,1.2725,0.6642,3,0.1754,0.4425,0.4516,3,71.66,30.3959,6.1593
2,86286179.81,966,20,100,0,1,55.21,70320872.82,0.6775,0.6702,38,0.3792,0.12,0.5163,17,81.5,3.2478,77.3805
1,133866969.97,433,45,57,2,1,53.11,129973590.72,0.547,0.6292,6,0.1064,0.2816,0.5083,7,97.09,7.5867,111.644
1,47509128.09,319,21,37,0,1,61.4,24198892.17,1.2054,0.8978,10,0.2702,0.2848,0.4148,6,50.94,10.2331,14.0397
0,3505454.18,154,8,17,1,0,67.68,2696713.34,0.8797,1.0734,7,0.4122,0.3901,0.4538,3,76.93,22.5592,45.3753
1,60672626.0,267,45,32,1,1,29.83,16441405.41,1.1009,1.0039,11,0.3495,0.3622,0.4188,2,27.1,14.916,31.05
2,111882807.29,777,107,101,1,1,36.83,37780564.33,1.0907,1.1757,10,0.0968,0.3669,0.578,9,33.77,4.0921,31.7402
2,766540170.07,858,92,111,1,1,63.84,453699673.89,1.0787,0.9236,16,0.1419,0.1846,0.652,18,59.19,3.5469,47.1376
1,47962929.21,529,36,67,1,1,86.9,46587542.87,0.8946,0.77,23,0.3415,0.2356,0.4576,15,97.13,5.793,52.064
0,3520123.29,71,9,10,0,1,81.81,2995635.93,0.9614,0.8462,0,0.045,0.3626,0.4141,1,85.1,81.8139,50.0063
2,86286179.81,966,20,100,0,1,85.82,135647319.66,0.5459,0.7448,40,0.3982,0.3016,0.5554,27,157.21,3.1784,77.3805
2,28567647.7,869,20,86,0,1,60.14,30041652.39,0.5718,0.6644,43,0.5054,0.3793,0.6397,17,105.16,3.5374,70.3967
0,32062887.65,1136,21,112,0,1,50.83,25871404.01,0.63,0.7573,43,0.3869,0.473,0.3723,19,80.69,2.6754,61.7366
0,13077473.48,71,15,5,0,0,86.49,10241028.26,1.1045,0.8471,1,0.1785,0.4675,0.48,2,78.31,43.2462,8.8875
0,1888639.76,122,12,12,0,0,67.61,1287980.5,0.9914,1.0151,3,0.2221,0.2451,0.2506,2,68.2,33.8047,8.5631
1,163618799.86,1478,54,148,0,1,75.48,173800654.74,0.7106,0.9551,24,0.1593,0.368,0.4341,37,106.22,2.0401,41.2705
1,55415916.8,1013,18,104,0,1,55.3,24176673.07,1.2676,0.9566,4,0.0364,0.2689,0.5325,18,43.63,3.0723,-20.0
2,82203266.28,1825,20,182,0,1,68.81,71559351.39,0.7905,1.0181,0,0.0,0.1563,0.5881,41,87.05,1.6783,21.8858
1,38838191.0,1155,12,113,0,1,65.2,42970360.91,0.5893,0.8689,21,0.1819,0.36,0.3603,25,110.64,2.6079,82.0613
1,51696518.49,1206,17,123,0,1,85.02,75887824.03,0.5792,0.8152,28,0.2241,0.1967,0.5574,34,146.79,2.5005,55.4116
1,53843748.75,1386,17,136,0,1,64.45,31725694.1,1.0938,0.9433,19,0.1382,0.4108,0.4819,29,58.92,2.2223,-1.1574
1,158513935.16,205,26,22,1,1,56.98,83975787.81,1.0755,0.8207,2,0.1054,0.3782,0.4994,3,52.98,18.9917,17.8954
2,74808237.0,1117,20,113,0,1,40.78,35584110.61,0.8572,0.7749,36,0.3183,0.2308,0.6732,15,47.57,2.7184,42.6944
1,241203860.4,1787,80,179,0,1,37.55,236292551.74,0.3833,0.7252,69,0.3844,0.3287,0.4186,22,97.96,1.7066,37.1276
1,57262001.92,1032,19,104,0,1,31.44,21681349.73,0.8303,1.0406,5,0.0447,0.3122,0.5402,10,37.86,3.1437,31.7399
0,11078958.86,34,7,6,2,0,70.7,9559630.79,0.8194,1.033,1,0.2264,0.3983,0.6875,1,86.29,70.704,34.8076
1,29685080.22,1286,10,132,0,1,64.54,16280020.41,1.1769,1.1267,0,0.0,0.3085,0.403,27,54.84,2.3905,-18.9874
1,327392296.61,1702,109,168,0,1,70.38,348921868.51,0.6604,0.9286,21,0.1243,0.2103,0.5489,39,106.58,1.8046,36.412
2,143212747.4,261,59,36,0,1,44.7,50021758.81,1.2798,0.6303,4,0.1068,0.3455,0.6154,3,34.93,14.9006,42.3928
1,73452427.39,1269,24,129,1,1,56.74,61688706.38,0.6756,0.8342,31,0.237,0.4069,0.6137,24,83.98,2.3643,37.1547
1,198562205.0,1045,66,105,2,0,74.93,117174497.33,1.2697,1.0707,0,0.0,0.2986,0.4564,26,59.01,2.8819,-20.0
2,80443378.32,883,103,108,1,1,55.93,68942134.05,0.6526,0.9662,3,0.0302,0.12,0.72,16,85.7,3.4955,71.3516
1,170822978.27,263,45,30,0,1,87.18,114912931.31,1.296,0.6898,9,0.2862,0.27,0.3833,7,67.27,12.4541,29.4715
1,31746747.31,1389,10,142,0,1,91.92,37531936.7,0.7776,0.886,8,0.0583,0.339,0.4763,42,118.22,2.1887,22.7217
0,3808838.24,100,12,11,0,1,84.55,3268204.68,0.9853,1.0807,0,0.0265,0.444,0.49,2,85.81,42.2726,25.6861
1,123819796.13,435,56,53,0,1,67.74,95464830.68,0.8785,1.0016,8,0.1571,0.3023,0.6173,9,77.1,7.5261,55.0081
1,62719347.75,782,20,79,2,1,37.86,33097823.78,0.7174,0.9707,4,0.0493,0.312,0.5085,9,52.77,4.2065,45.4295
1,48893481.0,1036,16,101,1,1,77.5,38198720.87,0.9919,1.0616,0,0.0,0.3443,0.5376,26,78.13,2.9806,-4.7209
1,62677870.17,1318,20,129,0,1,49.53,30428890.18,1.0203,1.1577,0,0.0,0.3184,0.4954,21,48.55,2.3587,-1.9438
0,7025500.48,64,10,5,1,0,26.34,1891505.97,0.9783,1.1538,1,0.1664,0.3193,0.5127,1,26.92,26.3391,23.0156
1,196895201.14,307,30,38,0,1,28.3,56506462.82,0.9861,1.1323,5,0.1315,0.1575,0.5984,2,28.7,14.1495,28.1271
1,87990413.43,314,30,43,0,1,84.31,88467038.07,0.8386,1.1073,14,0.3331,0.2768,0.4537,8,100.54,10.5392,54.5216
2,453863543.12,226,77,26,0,1,57.65,654131372.73,0.4,0.9821,10,0.3837,0.2367,0.6093,4,144.13,14.4125,199.1452
1,71189117.02,1428,23,142,0,1,81.46,51394832.3,1.1283,1.075,0,0.0,0.1912,0.5188,38,72.19,2.1436,-11.3388
1,156294097.52,2350,52,238,0,1,25.95,85058306.2,0.4768,0.6135,116,0.4868,0.3034,0.41,20,54.42,1.2973,60.7593
1,72727436.87,1638,24,165,0,1,32.42,20834670.13,1.1318,0.9092,0,0.0,0.2374,0.467,17,28.65,1.9073,-9.1668
1,181654392.89,319,63,38,2,1,42.04,113999605.99,0.6699,1.0081,8,0.2078,0.3267,0.5637,4,62.76,10.5095,85.0693
0,20255072.66,137,8,20,0,0,27.09,4610678.29,1.1901,0.9196,2,0.1143,0.3756,0.373,1,22.76,27.0894,1.9743
0,19475239.78,112,10,15,0,0,40.05,7840822.69,0.9949,1.0786,7,0.4926,0.4413,0.3723,1,40.26,40.0532,17.021
2,53257298.61,743,52,89,1,1,88.56,56686237.88,0.832,1.0615,16,0.1824,0.231,0.6785,21,106.44,4.2171,55.6187
2,187529408.72,200,131,22,1,1,61.7,142844745.24,0.81,1.1769,3,0.1287,0.2595,0.5272,4,76.17,15.424,40.667
2,443344268.29,688,69,89,1,1,76.11,400277888.08,0.843,0.9359,25,0.2822,0.3064,0.5716,17,90.29,4.4772,65.926
1,95314633.82,188,37,20,1,1,48.58,49411005.65,0.9372,0.7502,8,0.4105,0.3861,0.3332,3,51.84,16.1945,68.7027
0,4760513.18,75,14,6,1,0,90.63,4083092.5,1.0567,0.8049,1,0.204,0.3204,0.3845,2,85.77,45.3171,6.675
1,57756741.4,330,5,44,0,1,77.73,86537579.08,0.5188,1.1395,7,0.149,0.3808,0.4845,8,149.83,9.7157,106.2428
2,142363042.49,739,85,89,0,1,40.71,51917841.5,1.1164,0.7521,12,0.1293,0.144,0.5221,10,36.47,4.0714,55.8463
0,59754923.39,1459,39,143,0,1,75.0,62945185.83,0.712,0.9312,16,0.1131,0.2642,0.5044,36,105.34,2.0833,23.8285
0,1561099.06,145,8,21,0,1,53.48,756118.07,1.1043,0.8192,2,0.1089,0.4135,0.3715,2,48.43,26.7422,-7.7026
2,48018601.0,1122,20,110,0,1,85.18,51948951.74,0.7874,0.9512,15,0.1337,0.35,0.5529,31,108.19,2.7478,22.1479
0,15715127.97,88,7,13,2,0,65.5,11699590.42,0.8797,0.7125,2,0.1346,0.3886,0.4777,1,74.45,65.4955,36.8007
2,765890210.13,632,75,81,0,1,41.57,338594434.56,0.9403,0.4,26,0.3207,0.2878,0.5656,8,44.21,5.1962,72.7452
0,22043174.53,187,11,25,1,1,74.36,19390653.84,0.8453,0.5976,5,0.1936,0.4839,0.5035,4,87.97,18.59,52.0849
0,26391346.11,142,14,16,0,1,25.91,7237456.67,0.9448,0.7749,3,0.1951,0.3289,0.5291,1,27.42,25.9092,42.8747
1,99630113.81,1452,33,143,0,1,59.9,65309554.91,0.9137,0.9633,19,0.1354,0.2492,0.5165,28,65.55,2.1392,30.5059
1,146878171.39,539,28,67,1,1,87.43,105898537.64,1.2127,0.8542,24,0.3638,0.2745,0.4905,15,72.1,5.8289,38.3363
2,551982740.41,409,45,56,1,1,80.76,459473401.65,0.9702,0.7184,4,0.074,0.3235,0.4785,11,83.24,7.342,60.0748
1,64434131.92,2288,21,229,2,1,89.16,76866992.52,0.7474,0.8421,76,0.3322,0.3836,0.3781,67,119.3,1.3307,50.1517
2,539567858.16,756,110,99,0,1,84.38,917280070.11,0.4964,1.1227,48,0.4804,0.1723,0.6238,21,170.0,4.0182,151.7719
1,25195440.43,152,51,19,0,1,29.23,5992692.38,1.2291,1.0721,2,0.1138,0.2587,0.4209,1,23.78,29.2341,-1.3926
0,22375408.08,35,11,5,1,0,40.11,9318336.72,0.9631,0.6593,3,0.594,0.2982,0.4728,1,41.65,40.1071,50.6659
2,30961711.66,676,20,70,0,1,80.45,48922990.35,0.5092,0.7832,16,0.2285,0.3079,0.6013,18,158.01,4.4696,93.8428
0,65536046.33,1928,43,194,0,1,56.75,27955920.66,1.3305,1.0931,0,0.0,0.4157,0.3989,36,42.66,1.5765,-20.0
1,61235519.48,1052,20,108,0,1,33.71,24106661.46,0.8564,0.9778,0,0.0,0.2463,0.3453,11,39.37,3.0648,19.0313
0,24173288.66,106,7,10,1,1,64.06,13529481.93,1.1445,0.9763,4,0.4047,0.3671,0.4711,2,55.97,32.0291,16.892
1,63347864.99,381,32,45,1,1,63.74,35862133.13,1.1258,0.5018,11,0.2349,0.3464,0.4161,8,56.61,7.9669,34.9815
2,33175738.0,1110,20,114,0,1,87.19,31492585.11,0.9185,0.9368,4,0.0369,0.2398,0.6082,32,94.93,2.7246,15.9539
0,29049957.95,156,14,20,2,0,40.21,8894317.82,1.3133,1.1713,9,0.4606,0.3617,0.3029,2,30.62,20.1047,-12.4354
1,45312359.52,2300,15,228,0,1,63.94,28368286.87,1.0214,1.0908,0,0.0,0.2637,0.5019,49,62.61,1.305,-0.6208
2,649453868.1,516,89,62,1,1,70.72,1148305088.68,0.4,0.7577,3,0.0539,0.2337,0.7117,12,176.81,5.8937,200.0
1,37857532.26,1609,12,159,0,1,28.29,8133477.53,1.3166,1.2106,0,0.0,0.2757,0.505,15,21.48,1.8858,-20.0
1,9483173.31,365,13,48,2,1,57.05,4616143.91,1.172,1.0372,17,0.3596,0.2097,0.492,6,48.68,9.5087,17.014
1,27748093.72,1514,10,153,0,1,38.78,10323150.49,1.0425,0.992,11,0.07,0.3655,0.435,19,37.2,2.0413,-10.1625
0,76843117.06,2025,51,203,0,1,35.09,45499935.37,0.5927,0.7433,105,0.5151,0.307,0.457,23,59.21,1.5258,55.0167
1,52431703.44,1767,17,178,1,1,64.99,44637342.42,0.7634,0.9928,0,0.0,0.2732,0.5113,38,85.13,1.7102,14.0015
2,30231391.67,799,20,78,0,1,75.6,17917269.81,1.2756,0.8807,9,0.1189,0.1809,0.6342,20,59.27,3.78,-20.0
1,53214779.38,1711,17,169,0,1,64.33,33397537.02,1.0251,1.0481,0,0.0,0.216,0.527,36,62.76,1.787,-5.9742
1,37989274.04,1132,12,116,0,1,39.37,16811480.82,0.8896,0.8453,22,0.1856,0.1745,0.4152,14,44.25,2.812,12.4737
2,631364593.34,545,89,67,0,1,53.4,317112181.24,1.0632,0.6739,25,0.3679,0.3111,0.5005,9,50.23,5.9332,68.5412
0,40122344.51,1177,26,118,0,1,47.09,22545666.7,0.8379,0.8962,18,0.1529,0.3408,0.481,18,56.19,2.6159,11.4876
0,5668568.42,38,6,5,0,0,44.41,2539955.54,0.9912,0.4344,2,0.3203,0.3265,0.3247,1,44.81,44.4147,41.7509
1,155799837.65,2558,51,256,0,1,62.78,109763507.97,0.8911,0.8946,45,0.1776,0.2554,0.4635,53,70.45,1.1845,15.3741
2,58421876.45,1631,20,163,0,1,80.36,106364693.37,0.4414,0.6688,74,0.4539,0.2695,0.6282,43,182.06,1.8688,108.1058
1,68513677.07,488,52,60,1,1,51.67,29348450.46,1.2062,0.8227,12,0.1929,0.379,0.4653,8,42.84,6.4583,24.5189
0,47120804.25,1593,31,160,2,1,84.24,41279594.46,0.9616,1.0036,0,0.0,0.4154,0.4387,44,87.6,1.9146,0.0597
2,63483307.0,748,20,77,0,1,85.59,84530488.7,0.6428,0.8525,15,0.2002,0.4445,0.6238,21,133.15,4.0758,65.1929
1,38657545.14,209,38,23,1,1,83.95,32974289.55,0.9842,0.8725,5,0.2174,0.2198,0.4767,5,85.3,16.7895,17.4157
2,937624688.79,679,156,86,0,1,78.18,677892217.81,1.0814,1.1041,19,0.2244,0.3594,0.4759,17,72.3,4.599,35.2817
1,124151756.04,354,30,43,0,1,57.78,125180257.3,0.573,0.7402,3,0.0751,0.3287,0.4546,6,100.83,9.6298,105.2666
1,30396336.53,166,32,20,0,1,37.81,17435446.05,0.6592,1.2464,4,0.1774,0.2355,0.5405,2,57.36,18.9064,87.0953
1,39525537.09,1100,13,108,0,1,29.39,28130620.58,0.413,0.8217,12,0.1122,0.2378,0.4597,10,71.17,2.939,77.0936
2,28195402.69,828,20,81,0,1,25.28,12981055.47,0.5491,0.8117,23,0.29,0.1428,0.4253,6,46.04,4.2137,57.762
1,232027041.14,3380,77,338,0,1,73.77,164366223.37,1.0413,1.0395,13,0.0379,0.2837,0.4193,83,70.84,0.8887,4.0381
0,28092060.37,92,13,12,1,1,34.98,8138749.21,1.2074,0.9504,2,0.1315,0.2932,0.2755,1,28.97,34.9802,-6.8186
1,76216945.55,288,42,39,0,1,81.52,64319313.26,0.966,1.0479,12,0.3074,0.3084,0.6019,7,84.39,11.6453,27.2039
1,65366169.73,1209,21,123,0,1,50.79,42367711.36,0.7836,0.8275,34,0.2724,0.2414,0.4847,20,64.82,2.5395,28.0912
2,28932013.37,2160,20,214,2,1,69.22,47390965.93,0.4226,0.5632,105,0.4915,0.2537,0.4175,49,163.8,1.4127,144.5891
2,41646219.76,1211,20,123,0,1,51.4,27219348.73,0.7864,0.8979,20,0.16,0.2788,0.3796,20,65.36,2.57,17.1045
1,86927197.26,494,41,61,0,1,87.62,62021705.44,1.2281,1.0021,9,0.1485,0.3826,0.5359,14,71.35,6.2589,20.8444
1,101719077.31,522,28,66,2,1,44.5,50738981.79,0.8921,0.794,28,0.4296,0.37,0.5623,7,49.88,6.3568,51.0494
1,35345467.51,1505,11,150,1,1,45.46,19785621.15,0.8122,0.7467,53,0.3532,0.2737,0.567,22,55.98,2.0666,67.0589
1,11661556.51,470,33,59,1,1,29.46,3147641.11,1.0914,0.7215,9,0.1517,0.1984,0.4787,4,26.99,7.3647,10.7902
0,10273983.35,70,9,11,1,0,66.91,7344650.03,0.9359,0.7357,1,0.0963,0.3455,0.3475,1,71.49,66.907,8.668
2,30031973.11,1072,20,105,2,1,28.32,8431478.31,1.0088,1.0104,7,0.0666,0.2346,0.5226,10,28.08,2.8321,7.7451
2,232387238.65,498,46,52,2,1,51.13,143012332.39,0.8309,0.8982,6,0.1233,0.276,0.5543,8,61.54,6.3918,40.7454
0,10201685.69,62,9,11,2,0,44.69,3593566.04,1.2686,1.1338,6,0.5693,0.4845,0.4446,1,35.23,44.6853,-13.7624
1,18319525.69,306,43,41,0,1,65.3,11752557.15,1.0179,1.1225,5,0.1308,0.2923,0.5353,6,64.15,10.8833,7.616
1,157041071.0,1824,52,185,0,1,82.13,171140426.66,0.7536,0.8635,37,0.2002,0.2815,0.4879,49,108.98,1.676,50.1013
2,41849006.99,1264,20,126,0,1,65.0,22722041.04,1.1971,1.089,0,0.0,0.2193,0.5708,27,54.3,2.4073,-16.3859
1,131753659.13,1899,43,188,0,1,62.19,94342635.2,0.8685,1.0344,0,0.0,0.2109,0.5099,39,71.61,1.5946,13.0158
2,893711732.68,884,68,107,0,1,82.91,1341315046.51,0.5524,0.8687,38,0.3516,0.4316,0.5194,24,150.08,3.4546,142.3576
0,8635546.77,84,7,11,2,0,76.14,5402260.37,1.2171,0.7102,4,0.3182,0.3465,0.3588,2,62.56,38.0695,10.508
0,50682193.7,886,33,92,0,1,30.71,18750568.21,0.8302,1.1007,0,0.0,0.4195,0.4359,9,37.0,3.4128,2.6384
0,29825693.85,38,10,8,0,0,60.48,19130991.98,0.9428,1.1485,4,0.5524,0.4346,0.4423,1,64.14,60.4767,33.1364
2,120228419.72,1406,24,142,2,1,91.02,113257451.74,0.9662,0.939,7,0.0525,0.2626,0.661,42,94.2,2.1671,4.505
0,43737511.0,1209,29,124,1,1,80.23,35066287.49,1.0006,1.1091,0,0.0,0.3691,0.4223,32,80.17,2.507,-7.1347
0,23281555.68,83,12,11,0,1,91.15,17279722.22,1.2281,1.0799,1,0.072,0.357,0.6027,2,74.22,45.5761,-17.571
1,72727436.87,1638,24,165,0,1,66.35,43947223.51,1.098,0.9693,6,0.0363,0.2541,0.5119,36,60.43,1.843,-9.1668
1,30743932.0,1322,10,131,0,1,34.16,12960311.0,0.8103,1.0055,0,0.0,0.2654,0.6088,15,42.16,2.2771,29.9482
2,98893323.25,294,106,33,2,1,69.99,57171753.86,1.2106,0.771,6,0.1851,0.2019,0.6886,6,57.81,11.6644,62.3429
0,2105184.24,129,16,16,0,0,43.12,702164.23,1.2928,1.1138,5,0.3361,0.4922,0.4959,1,33.35,43.1185,-14.7282
2,750217952.54,721,122,89,0,1,91.53,769922991.09,0.8919,1.1801,17,0.1871,0.1953,0.5284,21,102.63,4.3588,60.0628
1,28618607.32,2086,10,211,0,1,28.48,14185429.53,0.5745,0.9249,38,0.182,0.3113,0.4376,19,49.57,1.4988,102.038
2,30239585.3,1175,20,117,0,1,88.46,25724585.02,1.0398,1.0595,0,0.0,0.2696,0.6074,34,85.07,2.6017,-4.9776
1,158601435.89,2411,52,240,0,1,31.08,68950369.24,0.7148,0.9349,19,0.0805,0.22,0.397,24,43.47,1.2949,26.0171
1,44051857.94,1829,14,181,0,1,30.15,10629879.28,1.2496,1.0119,0,0.0,0.2642,0.6155,18,24.13,1.6752,-20.0
1,123005190.64,1556,41,157,0,1,29.45,31571892.67,1.1472,1.1519,0,0.0,0.3135,0.4109,15,25.67,1.963,-20.0
1,102717558.4,1619,34,165,0,1,45.57,56448875.96,0.8293,0.8706,34,0.2039,0.2854,0.5925,24,54.96,1.8989,36.2935
0,15295628.24,79,10,6,0,1,45.5,10322063.62,0.6742,0.9139,1,0.1054,0.208,0.5369,1,67.48,45.4963,69.4033
0,23462582.64,70,8,7,1,0,78.56,18304321.05,1.007,1.1372,0,0.0492,0.3446,0.4212,1,78.01,78.5575,9.8864
0,17383822.66,92,11,14,0,0,69.03,9732806.1,1.2329,1.039,3,0.2161,0.3031,0.4935,2,55.99,34.5132,-16.2616
2,347109556.43,555,121,74,0,1,91.8,232268934.15,1.3718,0.8365,20,0.27,0.2782,0.5758,16,66.92,5.7373,26.4572
1,7824414.88,441,33,53,0,1,71.27,4157118.85,1.3415,1.0079,11,0.2002,0.2564,0.5426,10,53.13,7.1275,2.8007
0,3713675.33,136,9,22,0,1,64.29,2054647.24,1.162,1.0384,3,0.1274,0.49,0.3097,2,55.33,32.1438,-6.4152
1,663187402.0,2634,221,263,0,1,67.68,850632389.53,0.5277,0.7437,62,0.2372,0.2524,0.5308,59,128.26,1.1472,56.9878
1,187196860.91,454,31,57,1,1,55.76,86960480.66,1.2004,0.8176,8,0.1375,0.239,0.6014,8,46.45,6.9703,20.2696
1,28656581.78,1838,10,186,1,1,51.29,22636660.15,0.6494,0.8551,18,0.0969,0.3399,0.5002,31,78.99,1.6547,54.1846
1,80561925.64,209,33,25,0,1,30.23,20647768.6,1.1796,1.0986,7,0.2775,0.2862,0.3565,2,25.63,15.1158,13.2632
1,185555771.62,1907,61,188,0,1,76.71,231513980.6,0.6149,0.8355,22,0.1166,0.1593,0.566,48,124.77,1.5982,52.54
2,113143969.5,777,108,102,0,1,34.89,31686664.12,1.246,0.6531,30,0.294,0.2161,0.6375,9,28.01,3.8771,52.6792
1,50978960.0,913,16,94,0,1,61.04,44221493.04,0.7036,0.8069,30,0.3165,0.2545,0.5545,18,86.74,3.3909,53.0543
1,52345319.88,1363,17,134,1,1,68.07,58893055.14,0.6051,0.8403,17,0.127,0.2913,0.4959,30,112.51,2.2691,69.5095
2,58721309.35,1240,20,128,0,1,52.47,52819850.07,0.5834,0.674,52,0.4071,0.3187,0.5919,21,89.95,2.4987,57.7351
0,53799517.0,1073,35,106,0,1,50.86,49180615.15,0.5564,0.781,29,0.2718,0.3103,0.4261,18,91.41,2.8258,66.0581
0,13979451.79,194,10,29,1,0,33.76,5802839.81,0.8134,0.7727,11,0.3707,0.3694,0.5061,2,41.51,16.8813,40.1616
2,450073674.0,2506,90,253,0,1,77.04,487815181.96,0.7108,0.8232,79,0.311,0.2555,0.4914,64,108.39,1.2038,57.6066
1,28996199.62,724,10,71,0,1,55.63,13771323.48,1.1712,0.8277,11,0.1608,0.3292,0.5019,13,47.49,4.2789,-19.1689
1,104812972.18,119,41,11,1,1,39.76,30159032.64,1.3819,0.8798,3,0.2573,0.3399,0.5571,1,28.77,39.7632,15.2001
1,210833038.0,1743,70,178,0,1,80.61,282522059.0,0.6016,0.8661,44,0.2477,0.128,0.4778,46,134.0,1.7524,70.5972
2,28062983.26,2345,20,237,1,1,68.79,55152757.63,0.35,0.3727,154,0.65,0.1906,0.5583,53,196.53,1.2979,168.2839
0,17794656.8,101,11,9,1,0,60.65,21775788.25,0.4956,0.5592,2,0.1694,0.3947,0.4753,2,122.37,30.3269,125.1426
1,109873646.27,222,28,28,2,1,25.25,23048333.57,1.2035,0.9301,12,0.4186,0.3528,0.5804,1,20.98,25.2468,29.2711
1,184822818.28,280,13,38,0,1,33.7,64946271.88,0.959,0.7096,21,0.5479,0.269,0.4862,3,35.14,11.2335,52.9488
1,345290949.0,1906,115,189,0,1,47.68,147481527.16,1.1162,1.2015,0,0.0,0.2816,0.4473,30,42.71,1.5892,-8.2988
2,36254690.15,1976,20,196,1,1,74.36,21500548.78,1.2538,1.0421,0,0.0,0.1206,0.5978,48,59.3,1.5491,-20.0
0,32997525.59,2858,21,287,0,1,79.71,28001681.6,0.9393,0.9448,7,0.0258,0.3568,0.4935,75,84.86,1.0628,0.049
1,135842570.75,344,24,41,1,1,71.87,72263226.65,1.351,1.114,15,0.3699,0.3074,0.6122,8,53.2,8.9838,1.677
1,36840305.8,1719,12,173,2,1,46.54,15224697.04,1.1262,1.2664,0,0.0,0.1783,0.4959,26,41.33,1.79,-20.0
1,128695253.11,408,26,53,0,1,36.53,71186866.51,0.6604,0.4548,4,0.0724,0.2527,0.6235,4,55.31,9.1317,88.0659
1,32006590.0,1261,10,128,0,1,39.62,10664951.96,1.189,1.0579,0,0.0,0.3095,0.5367,16,33.32,2.4761,-8.627
2,958881433.88,686,110,86,1,1,67.78,1434546258.08,0.4531,1.0078,7,0.0854,0.2621,0.6634,15,149.61,4.5188,151.6624
1,131668599.29,1861,43,188,0,1,31.92,47177040.41,0.8909,0.7352,67,0.355,0.2649,0.4741,19,35.83,1.6801,31.0227
2,337827104.83,472,93,63,1,1,49.64,145600715.23,1.1517,0.5687,15,0.2413,0.2957,0.6808,7,43.1,7.0913,39.5074
2,543217485.01,163,140,21,1,1,87.2,437978989.03,1.0816,0.9782,9,0.4281,0.12,0.5395,4,80.63,21.8011,29.0263
1,157103465.02,218,32,25,0,1,91.91,169609199.95,0.8513,1.1873,15,0.6133,0.3335,0.5816,6,107.96,15.3176,48.4456
2,426273981.4,663,71,84,0,1,77.54,301202767.72,1.0973,0.6622,6,0.0675,0.2051,0.6564,17,70.66,4.5611,38.0012
0,5917454.36,194,11,22,0,0,79.74,3825453.56,1.2335,0.8923,6,0.2728,0.2948,0.569,5,64.65,15.9484,-5.1285
2,161822474.25,568,77,69,1,1,54.62,100479002.95,0.8797,0.6542,21,0.3092,0.2687,0.7119,10,62.09,5.4623,73.752
2,554674687.34,224,47,25,1,1,41.18,252076939.34,0.9061,0.7451,8,0.3031,0.3098,0.5282,3,45.45,13.7265,72.362
0,36818547.29,2439,24,244,0,1,69.3,34045181.06,0.7495,0.9035,18,0.0758,0.3305,0.4341,56,92.47,1.2375,42.4019
0,5069823.12,66,4,5,1,0,75.89,3483454.56,1.1045,0.9536,2,0.3577,0.4654,0.3145,1,68.71,75.8905,11.7233
1,125719420.24,183,29,19,0,1,81.27,77933798.37,1.311,0.8272,5,0.2828,0.3715,0.4653,4,61.99,20.3166,16.0283
2,31293341.36,612,20,60,0,1,30.47,11244213.95,0.8479,0.9207,3,0.0576,0.2593,0.5668,6,35.93,5.0778,14.4438
1,39497706.65,825,13,85,0,1,75.07,33416648.74,0.8874,1.0264,1,0.0078,0.3787,0.4536,20,84.6,3.7537,10.2831
1,174806169.0,1138,58,114,0,1,82.38,122038231.96,1.18,1.0038,0,0.0,0.227,0.5589,31,69.81,2.6574,-18.9131
2,75875349.89,420,20,40,2,1,28.26,40348270.6,0.5314,0.8609,4,0.097,0.1923,0.5733,3,53.18,9.4202,74.0855
1,174162502.4,2650,58,266,0,1,60.6,105552754.82,0.9998,0.9625,4,0.0139,0.1635,0.5449,53,60.61,1.1433,8.3843
0,1701867.07,121,13,15,2,1,58.57,822905.25,1.2114,0.9191,2,0.1219,0.3148,0.4421,2,48.35,29.2868,1.813
2,86286560.34,1214,20,121,0,1,72.9,75271742.35,0.8357,0.9675,5,0.0433,0.1884,0.5157,29,87.23,2.5138,22.5505
2,28965028.88,1830,20,184,1,1,65.84,29301597.31,0.6508,0.7702,69,0.377,0.229,0.4946,40,101.16,1.646,44.3695
0,62420485.81,1624,41,166,2,1,60.99,42461887.24,0.8966,0.9695,23,0.1359,0.2646,0.3367,33,68.03,1.8482,3.4828
2,956091032.42,719,97,91,1,1,43.28,485752044.69,0.8519,1.1026,3,0.0382,0.3384,0.5185,10,50.81,4.3281,50.3432
1,33617472.1,3380,11,341,0,1,77.94,30999134.96,0.8452,0.8917,47,0.1377,0.2803,0.5304,87,92.21,0.8958,18.3769
0,2107887.61,156,6,16,0,0,25.88,472889.08,1.1535,1.085,3,0.1945,0.2805,0.4601,1,22.43,25.8773,-14.6361
2,763354560.77,862,69,110,1,1,88.22,889059096.34,0.7574,1.1081,16,0.1437,0.2478,0.606,25,116.47,3.5287,62.7632
1,134207483.65,1684,44,170,0,1,79.79,138846448.85,0.7713,0.9083,27,0.1591,0.2649,0.5412,44,103.46,1.8135,26.7351
1,49195640.8,156,29,17,0,1,33.44,24480926.66,0.6719,0.5147,2,0.1096,0.3829,0.4854,1,49.76,33.435,96.7911
1,52530892.0,1227,17,123,0,1,53.65,35457839.07,0.7948,0.966,0,0.0,0.2763,0.5648,21,67.5,2.5547,10.9735
1,111757142.39,627,37,66,0,1,64.54,100782715.93,0.7157,0.853,10,0.1546,0.2534,0.687,13,90.18,4.9649,45.8102
2,763905278.02,815,128,102,1,1,78.21,556635502.75,1.0733,1.0451,19,0.1856,0.1244,0.5095,21,72.87,3.7244,45.77
2,282189203.42,162,87,24,1,1,59.78,272158558.16,0.6198,1.0917,2,0.0954,0.2897,0.6272,3,96.45,19.926,114.7066
1,50286710.23,1704,16,174,0,1,82.08,64748669.41,0.6375,0.8159,46,0.2635,0.2333,0.5518,46,128.76,1.7844,42.9453
0,3851329.06,180,9,21,1,0,82.77,2705387.19,1.1783,0.7209,4,0.1961,0.3983,0.437,4,70.25,20.6928,10.5125
1,112491905.0,1025,37,103,0,1,26.8,53495457.42,0.5635,0.7089,41,0.3984,0.3111,0.5481,9,47.55,2.9777,54.2835
1,50782315.51,1303,16,130,0,1,53.61,31209574.99,0.8723,0.9153,8,0.0591,0.3055,0.4157,23,61.46,2.3309,25.7279
1,43721655.0,1148,14,117,0,1,41.16,14316577.65,1.257,1.1024,0,0.0,0.3395,0.6105,15,32.74,2.744,-20.0
1,100897309.0,1657,33,164,0,1,73.04,89158501.14,0.8266,0.8445,61,0.3711,0.3225,0.5267,40,88.37,1.8261,31.5293
1,98846727.24,2047,32,205,0,1,56.55,42297876.14,1.3216,1.1006,0,0.0,0.3366,0.3504,38,42.79,1.4883,-19.026
2,92682582.09,2525,20,254,0,0,45.42,120282304.51,0.35,0.4287,165,0.65,0.3256,0.6259,38,129.78,1.1953,180.3812
2,89043565.16,2184,20,219,1,1,67.06,79206128.52,0.7539,1.0163,0,0.0,0.2121,0.5375,48,88.95,1.3971,24.3863
0,126987874.7,1413,84,140,0,1,47.03,68867967.89,0.8672,0.9592,14,0.098,0.4023,0.4014,22,54.23,2.1376,23.2466
2,30580165.9,1317,20,134,0,1,62.58,15004910.0,1.2754,1.0312,0,0.0,0.3425,0.5715,27,49.07,2.3177,-20.0
1,212547453.0,1208,70,118,0,1,89.23,209584232.25,0.905,0.9643,3,0.0237,0.355,0.3787,35,98.61,2.5495,8.565
0,23197080.67,61,11,5,1,0,46.48,10843019.23,0.9943,0.8613,3,0.5404,0.3728,0.3633,1,46.74,46.4751,44.065
1,60706733.23,1456,20,146,0,1,38.29,23033715.68,1.009,0.9142,17,0.1154,0.3102,0.5654,18,37.94,2.127,-2.602
1,72934672.06,1815,24,185,0,1,51.8,60318434.66,0.6263,0.8781,35,0.1889,0.3901,0.3805,31,82.7,1.6709,53.6331
1,57128068.44,190,28,28,1,1,86.55,40893204.79,1.2091,0.9882,9,0.3117,0.3819,0.5421,5,71.58,17.3101,8.5307
0,25954941.38,156,4,16,0,0,62.14,16902962.86,0.9542,1.0088,2,0.1063,0.3002,0.528,3,65.12,20.7144,9.7899
2,651826576.18,374,81,47,2,1,28.07,146204726.5,1.2513,0.8909,16,0.337,0.2774,0.6849,3,22.43,9.3554,27.2979
0,20869615.57,70,5,12,0,1,64.07,19683512.53,0.6793,1.1209,1,0.0549,0.2967,0.4105,1,94.32,64.0682,61.0819
1,28624289.22,1445,10,145,0,1,30.57,8638293.4,1.013,0.8961,12,0.081,0.314,0.452,14,30.18,2.1836,11.9707
2,624188804.05,852,127,110,2,1,83.74,461556641.77,1.1325,0.762,20,0.1814,0.2544,0.5276,23,73.95,3.6411,32.8025
0,33068283.0,988,22,99,0,1,78.04,20658879.81,1.2491,1.0825,0,0.0,0.2678,0.4073,25,62.47,3.1214,-20.0
2,241173195.11,402,94,50,1,1,82.46,497191806.99,0.4,0.7201,3,0.051,0.2299,0.654,11,206.16,7.4966,196.3761
1,61583065.41,155,18,16,1,1,53.33,28342889.72,1.1587,1.2291,5,0.3335,0.3533,0.436,2,46.02,26.6643,22.719
1,135219031.25,501,33,65,0,1,40.0,60495119.93,0.8941,0.63,32,0.4869,0.2051,0.414,6,44.74,6.6669,71.1378
2,925069118.33,370,57,51,2,1,25.9,199114751.22,1.2035,0.891,29,0.5784,0.2566,0.6274,3,21.52,8.6345,40.6647
0,14385383.78,194,14,23,1,0,89.28,11498730.23,1.117,0.9944,9,0.3844,0.2813,0.278,5,79.93,17.8567,5.5786
2,47414008.19,816,20,80,0,1,42.78,41368899.54,0.4903,0.7906,16,0.1965,0.1391,0.474,11,87.25,3.8891,63.605
1,48893481.0,1036,16,101,1,1,87.01,41723813.87,1.0196,1.0159,0,0.0,0.2323,0.5124,30,85.34,2.9002,-4.7209
0,4007228.6,142,11,17,2,1,38.74,1431822.7,1.0843,0.6276,3,0.1939,0.4341,0.4296,1,35.73,38.7445,22.5763
1,36310638.74,1393,12,142,0,1,30.12,9219042.89,1.1865,1.004,8,0.0539,0.3616,0.3847,13,25.39,2.3173,-20.0
1,65946679.3,2241,21,222,2,1,54.45,46748021.24,0.7681,0.8604,28,0.1254,0.2694,0.4167,40,70.89,1.3611,35.2126
1,79406892.48,279,60,38,1,1,25.88,29940936.34,0.6864,0.7847,3,0.0712,0.3546,0.4334,2,37.71,12.94,85.0266
2,28933566.07,760,20,80,2,1,72.99,17233933.37,1.2254,1.1888,0,0.0,0.2249,0.5569,18,59.56,4.0549,-20.0
1,150376885.77,170,42,22,0,1,68.77,113146531.84,0.914,0.7832,6,0.2897,0.2232,0.5985,3,75.24,22.9233,54.2784
2,91601317.38,3105,20,308,0,1,65.93,132064435.91,0.4573,0.699,95,0.3079,0.3375,0.5549,68,144.17,0.9695,156.7785
0,25733006.61,162,9,19,0,0,34.36,10632168.01,0.8316,0.9191,8,0.4116,0.4985,0.4436,1,41.32,34.3579,33.4899
2,315447275.59,610,94,74,0,1,58.24,135908510.79,1.3517,1.0907,26,0.3453,0.1527,0.5141,11,43.08,5.2943,21.9153
2,41849006.99,1264,20,126,0,1,68.99,22270841.81,1.2964,1.0629,0,0.0,0.2622,0.6931,29,53.22,2.3789,-16.3859
1,1936534993.61,2565,500,260,0,1,31.31,1015807026.18,0.5969,0.8997,29,0.1114,0.299,0.4403,26,52.45,1.2042,37.6651
2,103407738.47,275,90,33,1,1,38.05,49661192.54,0.7923,0.9163,4,0.1066,0.3361,0.3539,3,48.02,12.6831,74.7808
2,679807939.97,487,105,60,1,1,41.36,323008694.08,0.8704,0.873,1,0.0106,0.1841,0.5247,6,47.51,6.8926,40.8306
2,854544890.48,480,73,63,2,1,58.92,397876326.17,1.2654,0.9194,20,0.318,0.12,0.4645,9,46.56,6.5461,35.1189
1,57226719.06,1426,19,140,2,1,73.3,76576425.89,0.5478,0.8166,37,0.2631,0.2016,0.5493,34,133.81,2.156,57.2415
1,158425044.94,503,40,61,1,1,37.71,77450685.12,0.7713,1.1386,8,0.1241,0.27,0.5604,6,48.89,6.2846,34.432
1,54116376.6,2527,18,252,2,1,86.42,57859544.72,0.8083,0.8894,28,0.111,0.3892,0.5072,72,106.92,1.2002,24.2279
1,191636225.0,1510,63,150,0,1,91.92,212088952.2,0.8306,1.0038,0,0.0,0.3504,0.5166,46,110.67,1.9983,15.9689
2,38978353.23,1276,20,127,1,1,46.55,23299538.95,0.7788,0.8911,29,0.2283,0.3378,0.4186,19,59.78,2.4502,21.2862
0,26852270.7,75,11,11,1,0,62.68,19765015.45,0.8516,0.5882,1,0.0574,0.299,0.4023,1,73.61,62.6811,34.9527
2,687660647.52,195,36,26,1,1,41.81,264291221.49,1.0879,1.1928,10,0.3852,0.12,0.5997,2,38.43,20.906,27.6129
2,901219445.85,814,3,100,0,1,57.68,522794042.03,0.9944,0.8725,37,0.3662,0.12,0.5104,15,58.01,3.8456,53.9321
2,80409381.17,408,75,49,0,1,29.06,19325977.81,1.2089,0.6939,3,0.0701,0.1782,0.3275,3,24.03,9.6853,40.6192
1,36353392.7,1167,12,114,0,1,38.08,16191545.52,0.855,0.8261,27,0.2339,0.4541,0.4326,14,44.54,2.7201,30.8045
2,826154490.2,286,63,36,0,1,87.75,636798180.11,1.1385,0.6915,13,0.3692,0.2992,0.4845,8,77.08,10.9693,38.011
2,85683866.82,2699,20,268,1,1,78.49,121661530.07,0.5528,0.7702,94,0.3521,0.244,0.5779,70,141.99,1.1214,77.7224
1,27748093.72,1514,10,153,0,1,72.05,17427982.65,1.1471,0.9926,14,0.0914,0.2999,0.4401,36,62.81,2.0014,-10.1625
0,13546603.47,58,12,11,0,0,60.07,8978319.54,0.9063,0.7876,0,0.0324,0.3903,0.5697,1,66.28,60.0664,29.9617
1,35345467.51,1505,11,150,1,1,52.66,31362327.69,0.5935,0.9407,7,0.0452,0.3844,0.5415,26,88.73,2.0255,67.0589
2,652307916.38,856,99,112,1,1,43.73,309215693.24,0.9226,0.5843,22,0.1937,0.3206,0.5266,12,47.4,3.6445,69.4563
2,232387238.65,498,46,52,2,1,91.91,304654045.95,0.7011,0.8574,10,0.1859,0.2977,0.5626,15,131.1,6.1271,40.7454
2,175268932.5,1850,35,189,1,1,33.05,138198499.37,0.4191,0.7142,81,0.4264,0.1679,0.5367,20,78.85,1.6524,78.346
1,49565847.26,1974,16,198,2,1,72.94,51812592.71,0.6978,0.8054,63,0.3167,0.2587,0.5438,47,104.53,1.552,65.4352
2,981684064.47,210,112,25,1,1,79.06,804690734.09,0.9645,1.0498,2,0.0673,0.3016,0.5681,5,81.97,15.8125,47.1937
0,23668069.12,186,14,25,0,0,89.6,20774805.67,1.0208,0.8849,8,0.3127,0.2475,0.4225,5,87.78,17.92,16.1025
0,28744652.93,126,5,12,2,0,86.25,21105801.78,1.1747,1.252,1,0.0532,0.3672,0.3847,3,73.43,28.7499,-13.6492
0,26850529.5,57,12,8,2,0,78.46,16869179.23,1.2489,0.8848,2,0.2568,0.447,0.423,1,62.83,78.4613,-3.7133
2,784038108.44,415,62,50,2,1,65.73,677885342.89,0.7603,0.9709,7,0.1379,0.2768,0.5979,9,86.46,7.3038,76.9741
2,79082206.66,1919,20,190,0,1,73.25,119536969.95,0.4846,0.6964,75,0.3952,0.25,0.5682,46,151.16,1.5924,88.8823
2,96277669.87,579,160,76,1,1,29.03,46382688.99,0.6027,1.1627,14,0.184,0.3576,0.5084,5,48.18,5.8067,105.1125
2,134210976.67,1954,26,198,1,1,53.15,148348849.27,0.4809,0.5324,98,0.4931,0.3123,0.5119,34,110.53,1.5633,163.7262
1,43461902.75,172,62,18,0,1,68.4,35085630.25,0.8473,1.1551,9,0.4987,0.2922,0.4932,3,80.73,22.7988,59.9738
1,212547453.0,1208,70,118,0,1,72.29,162868260.43,0.9434,1.0951,0,0.0,0.2774,0.4645,29,76.63,2.4927,8.565
0,18292864.03,148,8,22,1,0,77.98,11786482.93,1.2103,1.0694,6,0.2697,0.444,0.5791,3,64.43,25.9948,-14.2808
1,27740189.58,1422,10,145,2,1,88.88,30579579.52,0.8063,0.9565,6,0.0392,0.2457,0.571,42,110.24,2.1162,18.9626
2,139546431.36,511,92,64,0,1,58.81,60681902.78,1.3525,0.7708,16,0.2436,0.1761,0.5822,10,43.49,5.8812,27.0761
1,52868338.71,376,46,44,2,1,81.85,42957342.52,1.0073,0.4665,8,0.186,0.3242,0.6077,10,81.25,8.1851,65.0953
1,59960875.4,1675,19,169,0,1,77.78,75509601.03,0.6176,0.8518,45,0.2663,0.3241,0.25,43,125.93,1.8088,40.2463
1,185222838.58,515,34,67,1,1,57.01,97600339.41,1.0819,1.22,16,0.2431,0.2384,0.5661,9,52.69,6.3345,24.5242
2,58721309.35,1240,20,128,0,1,38.53,41012314.48,0.5516,0.7333,31,0.2427,0.342,0.646,15,69.84,2.5685,57.7351
2,938725089.55,201,99,23,1,1,60.42,627737693.94,0.9035,0.7944,4,0.1704,0.2098,0.5319,4,66.87,15.1054,62.1515
2,73625050.0,963,20,97,0,1,70.24,99155196.22,0.5215,0.7537,27,0.278,0.3359,0.6136,22,134.68,3.1926,86.2253
2,632594848.11,448,137,53,1,1,48.42,511848340.62,0.5985,0.4192,20,0.3836,0.2633,0.5331,7,80.91,6.9177,149.3598
1,18961283.07,268,36,33,1,1,70.71,12905484.56,1.0389,0.9978,7,0.2119,0.2988,0.5014,6,68.06,11.7845,22.3428
1,69843672.8,381,16,52,1,1,62.6,49724555.98,0.8793,0.5227,1,0.0188,0.3925,0.428,7,71.19,8.9435,56.117
0,28341597.55,123,12,14,2,0,38.35,17784964.07,0.6112,1.0144,3,0.217,0.287,0.4556,1,62.75,38.3544,57.8163
1,126512105.0,1589,42,159,2,1,69.28,110327133.06,0.7944,0.9949,9,0.0591,0.2411,0.4401,36,87.21,1.9244,23.2012
1,39877308.37,2516,13,249,0,1,56.69,40140899.72,0.5632,0.8697,44,0.1785,0.3418,0.5978,47,100.66,1.2062,49.2438
1,149565662.0,3226,49,321,0,1,25.73,47357845.94,0.8127,0.8674,84,0.2625,0.345,0.5456,27,31.66,0.9531,20.3475
1,90023410.51,208,48,23,0,1,26.09,23665289.35,0.9923,1.1052,4,0.159,0.2959,0.4526,1,26.29,26.0856,38.3864
2,30961711.66,676,20,70,0,1,41.75,20977884.82,0.6162,0.7251,24,0.3474,0.1295,0.5238,9,67.75,4.639,93.8428
2,869670745.24,346,119,41,0,1,80.26,555986438.12,1.2555,1.1237,2,0.0404,0.1612,0.5474,9,63.93,8.9181,12.7773
0,129139373.89,1536,86,157,0,1,78.43,92345917.54,1.0968,1.0877,0,0.0,0.3627,0.4377,40,71.51,1.9608,-13.7047
1,56236581.01,1807,18,184,1,1,25.86,21545441.76,0.675,0.6932,61,0.3291,0.2327,0.5535,15,38.31,1.724,47.6939
1,158563349.17,2146,52,215,0,1,73.77,189842424.99,0.6161,0.8833,33,0.1551,0.3298,0.5256,52,119.73,1.4186,66.9518
1,147644236.25,328,40,42,0,1,36.85,44143340.85,1.2324,1.035,15,0.3602,0.2247,0.5144,4,29.9,9.2117,14.2008
0,22082172.28,176,6,23,0,0,51.26,15646590.57,0.7234,0.8079,2,0.0813,0.2575,0.4312,3,70.86,17.0851,54.5239
1,39525537.09,1100,13,108,0,1,42.74,26499809.01,0.6375,0.8864,23,0.2139,0.2908,0.3301,15,67.04,2.8495,77.0936
1,76054585.0,1234,25,123,1,1,35.14,31848325.78,0.8391,0.8994,0,0.0,0.3581,0.5314,14,41.88,2.5098,14.3086
1,119641474.36,277,38,35,0,1,59.28,88683806.94,0.7997,1.0687,4,0.11,0.3288,0.6544,5,74.12,11.8562,71.2316
1,83175853.15,1705,27,172,2,1,31.4,21851794.74,1.1951,1.024,0,0.0,0.3905,0.5677,17,26.27,1.8469,-2.3307
2,37689772.53,814,20,81,2,1,65.26,40696590.11,0.6044,0.8205,23,0.2827,0.12,0.5844,17,107.98,3.8387,38.4313
0,80338143.28,2007,53,204,0,1,74.07,65562734.58,0.9076,1.0645,0,0.0,0.3557,0.5896,49,81.61,1.5115,7.431
2,36666729.63,810,20,81,0,1,86.59,37521966.4,0.8461,0.8976,9,0.1069,0.2308,0.4627,23,102.33,3.7646,19.0889
2,38978353.23,1276,20,127,1,1,69.49,34129290.48,0.7936,0.8832,15,0.1218,0.2457,0.4789,29,87.56,2.396,21.2862
1,33589888.28,1247,11,125,0,1,51.57,33111964.61,0.5231,0.781,23,0.1802,0.3497,0.4326,21,98.58,2.4555,71.509
0,7647293.27,191,19,25,1,1,63.05,4763164.36,1.0122,1.0063,5,0.1808,0.3951,0.4316,4,62.29,15.7614,18.8174
1,37111021.05,931,12,91,0,1,34.25,9299307.88,1.367,0.9226,21,0.2262,0.2146,0.5902,10,25.06,3.4253,-20.0
2,47948447.03,1694,20,170,1,1,31.47,43108506.8,0.35,0.4504,110,0.65,0.1713,0.5799,17,89.91,1.851,146.076
1,67495820.28,1726,22,171,1,1,62.42,70461336.08,0.598,0.947,26,0.152,0.3213,0.4982,35,104.39,1.7835,63.9813
2,426349577.94,538,105,67,1,1,38.09,125251314.41,1.2966,1.2803,23,0.3475,0.2758,0.5691,6,29.38,6.3485,25.4126
1,191636225.0,1510,63,150,0,1,84.62,200815678.47,0.8075,1.0466,0,0.0,0.345,0.3819,42,104.79,2.0146,15.9689
2,80505282.73,422,140,55,0,1,84.9,93949232.83,0.7276,0.9234,5,0.0929,0.2647,0.4608,11,116.7,7.7186,84.5344
0,73001109.71,1742,48,176,0,1,79.33,65834416.51,0.8797,0.9437,30,0.1718,0.3687,0.4806,46,90.18,1.7246,16.9137
1,111757142.39,627,37,66,0,1,48.77,80625361.72,0.676,1.0152,0,0.0,0.3162,0.4364,10,72.14,4.8772,45.8102
0,19200803.38,98,10,17,1,1,71.65,16077252.42,0.8558,0.8507,1,0.0571,0.4125,0.3863,2,83.73,35.8271,29.2625
2,46470615.27,2088,20,209,2,1,30.07,23172997.0,0.603,0.8412,34,0.1606,0.2511,0.5629,20,49.87,1.5035,83.2982
2,192091651.66,613,18,76,2,1,88.24,211588672.73,0.8011,1.2258,4,0.0538,0.2468,0.5151,18,110.15,4.902,46.1318
2,989773839.18,157,88,17,0,1,77.59,870981049.4,0.8817,1.2171,3,0.1875,0.2858,0.6314,4,88.0,19.3978,35.4973
2,33931630.16,933,20,93,0,1,71.67,53681672.23,0.453,0.7259,36,0.3876,0.2439,0.5366,22,158.21,3.2576,75.304
1,129793326.54,2920,43,292,1,1,26.9,46037548.94,0.7584,1.0538,0,0.0,0.2036,0.4781,26,35.47,1.0346,20.9039
2,118613321.22,2740,23,276,1,1,27.5,76410954.05,0.4268,0.5773,179,0.65,0.278,0.5901,25,64.42,1.0999,106.4809
1,319382955.0,2443,106,243,0,1,35.41,111174538.95,1.0174,1.0345,0,0.0,0.29,0.5572,28,34.81,1.2648,2.0144
1,29032930.83,822,10,83,2,1,71.13,16759326.04,1.2323,1.0249,0,0.0,0.3049,0.4936,19,57.73,3.7438,-17.5735
1,57262001.92,1032,19,104,0,1,42.83,32915899.29,0.7451,0.9527,8,0.0803,0.3035,0.5096,14,57.48,3.0595,31.7399
0,3925315.0,114,9,15,0,1,47.74,2288094.78,0.8189,0.9467,2,0.1109,0.3793,0.4231,1,58.29,47.7368,40.8962
1,82625519.64,474,23,58,2,1,49.94,39454386.06,1.0458,0.7531,16,0.2783,0.3585,0.5127,7,47.75,7.1339,39.0418
1,38848491.46,269,36,34,2,1,61.03,20650065.37,1.1481,0.8934,6,0.1785,0.12,0.5966,5,53.16,12.2053,10.7082
0,15350410.71,180,9,19,0,0,37.25,4510766.06,1.2676,1.0816,5,0.2473,0.3633,0.5411,2,29.39,18.6241,-11.2817
1,187535194.27,264,38,35,1,1,66.19,97520002.79,1.2729,0.8145,6,0.1758,0.3608,0.4556,5,52.0,13.2383,19.8341
2,963412712.89,599,97,73,0,1,33.74,279709247.22,1.1622,1.0704,17,0.2285,0.2995,0.5673,6,29.03,5.6237,17.1631
1,121122295.67,2445,40,243,0,1,83.89,121875139.69,0.8337,0.8642,42,0.1722,0.3256,0.4984,68,100.62,1.2337,34.5428
1,30827126.0,1022,10,105,1,1,54.4,22033568.08,0.7612,0.9619,5,0.0494,0.3169,0.4313,18,71.47,3.0224,63.3422
0,14181844.52,30,7,6,0,0,65.02,9861633.37,0.935,0.4889,2,0.2906,0.2704,0.4798,1,69.54,65.0158,35.5541
1,198667132.81,487,47,65,0,1,37.14,61909700.05,1.1918,0.7506,11,0.1736,0.2409,0.5438,6,31.16,6.1902,20.8934
1,348587197.51,2468,116,245,2,1,90.86,320439124.52,0.9884,0.971,17,0.0696,0.4749,0.3756,74,91.93,1.2278,1.4648
0,36818547.29,2439,24,244,0,1,77.86,38506075.93,0.7445,0.8068,91,0.3722,0.3044,0.4494,63,104.58,1.2359,42.4019
2,30580165.9,1317,20,134,0,1,39.9,9472722.85,1.2879,1.0119,0,0.0,0.3762,0.6247,17,30.98,2.3468,-20.0
2,29034338.46,1127,20,114,1,1,59.38,16550781.94,1.0417,1.1341,9,0.0747,0.3217,0.6226,22,57.0,2.6991,-9.2806
2,43328477.58,946,20,98,2,1,86.9,30001100.99,1.255,1.0325,3,0.0335,0.3413,0.6466,27,69.24,3.2185,-20.0
2,80105906.57,1238,20,121,1,1,81.77,121920959.13,0.5373,0.8056,33,0.2718,0.257,0.5619,33,152.2,2.478,108.1672
1,87881285.97,416,29,41,0,1,34.6,38708754.93,0.7856,1.0409,0,0.0,0.2962,0.5128,4,44.05,8.6511,23.5398
0,20291765.03,69,6,8,0,1,90.51,23586178.95,0.7787,1.1345,3,0.4239,0.3787,0.5841,2,116.24,45.2537,53.1942
1,45358260.68,988,15,99,0,1,91.19,53204846.76,0.7774,0.8841,12,0.1259,0.302,0.5162,30,117.3,3.0396,25.4759
1,212547453.0,1208,70,118,0,1,91.57,204620800.07,0.9511,0.9611,9,0.0732,0.2324,0.593,36,96.27,2.5435,8.565
1,86177328.14,447,36,55,2,1,83.14,179124818.04,0.4,1.2139,17,0.3067,0.2504,0.4561,12,207.86,6.9285,177.5645
2,119029701.11,3611,23,359,1,1,46.19,92737909.45,0.5929,0.8304,79,0.2212,0.2941,0.4549,55,77.91,0.8398,51.5265
0,5282038.41,180,6,21,0,0,52.69,2538526.54,1.0964,1.1858,4,0.1885,0.3576,0.535,3,48.06,17.5643,-20.0
0,27984643.01,162,13,25,0,0,32.48,7852026.85,1.1577,1.2546,5,0.1849,0.3936,0.4731,1,28.06,32.4844,-14.7238
2,532784038.7,464,66,56,1,1,45.94,215826606.28,1.134,0.5383,18,0.3149,0.1374,0.4859,7,40.51,6.5625,46.9627
1,100363205.59,183,46,27,0,1,70.64,87753018.41,0.808,1.051,7,0.2523,0.2638,0.72,4,87.44,17.6609,75.0086
1,348587197.51,2468,116,245,2,1,86.86,310212988.9,0.9761,0.9789,11,0.0447,0.2849,0.497,71,88.99,1.2234,1.4648
2,666423793.67,593,70,77,1,1,90.43,526048716.66,1.1457,1.0544,12,0.1621,0.2263,0.4784,17,78.94,5.3196,39.7632
2,152194720.0,495,30,50,0,1,61.14,164486272.02,0.5657,0.722,11,0.2191,0.2179,0.4869,10,108.08,6.1142,83.8283
2,63265395.09,1191,20,119,0,1,77.49,103102166.47,0.4755,0.5834,51,0.4308,0.2574,0.517,30,162.97,2.583,126.3081
0,17330371.44,151,10,19,1,1,34.13,5927338.69,0.998,0.722,3,0.134,0.3768,0.4701,1,34.2,34.1348,28.164
1,149071543.28,297,28,40,0,1,35.83,44289318.79,1.2061,0.7199,13,0.3219,0.2804,0.4925,3,29.71,11.9449,25.4833
2,272217847.34,732,75,94,1,1,25.37,92467321.17,0.747,0.5885,34,0.3615,0.2323,0.4702,6,33.97,4.2289,99.1056
1,128210517.69,315,25,42,1,1,91.78,103986163.75,1.1316,0.9619,14,0.3334,0.3061,0.4793,9,81.11,10.1973,13.703
1,38179427.09,422,39,57,0,1,73.56,25950739.56,1.0823,1.0645,14,0.2416,0.2176,0.4434,10,67.97,7.3564,31.6998
1,33819700.39,870,11,87,0,1,79.09,34215636.17,0.7817,0.9305,0,0.0,0.3177,0.3666,22,101.17,3.5949,19.3245
0,56938544.58,2815,37,285,1,1,72.28,56074451.53,0.734,0.9054,35,0.1237,0.4019,0.443,67,98.48,1.0789,28.8894
2,214934133.09,1293,42,133,2,1,82.33,137381269.71,1.288,1.0473,0,0.0,0.1902,0.6363,35,63.92,2.3522,-20.0
2,558724996.62,871,119,108,0,1,73.79,464999532.66,0.8866,1.187,19,0.1721,0.1851,0.6231,21,83.23,3.5136,57.5284
0,23713308.62,134,9,20,0,0,76.8,21843788.23,0.8337,0.7679,5,0.2346,0.3774,0.4358,3,92.12,25.5994,44.5235
2,28395529.69,2118,20,209,0,1,64.65,30485372.39,0.6021,0.8234,70,0.3342,0.2585,0.553,45,107.36,1.4366,60.84
2,59744324.51,930,20,93,0,1,71.28,81890665.11,0.52,0.7994,21,0.2274,0.2732,0.552,22,137.07,3.2399,78.0607
1,32128671.0,2063,10,208,1,1,66.37,24980153.28,0.8536,1.0323,0,0.0,0.3596,0.5372,45,77.75,1.4749,24.4326
0,23264623.72,109,7,11,0,0,86.73,20983715.78,0.9616,1.264,1,0.1033,0.3466,0.5222,3,90.2,28.91,-4.6252
1,27555083.07,467,34,56,2,1,63.38,16016357.93,1.0904,0.5518,12,0.2103,0.3632,0.5281,9,58.12,7.0419,25.2406
0,22924363.83,182,5,21,0,1,30.51,6970703.32,1.0035,0.4,14,0.65,0.3379,0.436,1,30.41,30.5124,73.1851
0,89832525.66,2931,59,293,0,1,43.32,40890209.3,0.9518,0.9117,18,0.0631,0.3961,0.4811,42,45.52,1.0315,5.8751
2,28395529.69,2118,20,209,0,1,77.34,35798773.16,0.6134,0.7723,63,0.3025,0.2851,0.5352,54,126.07,1.4321,60.84
2,913199687.41,805,82,103,0,1,81.12,696605866.24,1.0634,0.952,14,0.1397,0.2738,0.5736,21,76.28,3.8628,50.3836
1,168201838.42,2191,56,223,0,1,37.64,80339514.58,0.7881,0.8119,49,0.2215,0.3397,0.4551,27,47.76,1.3942,27.3845
2,559619663.2,735,101,91,0,1,72.12,399641963.66,1.0099,1.0683,6,0.0709,0.2149,0.4857,17,71.41,4.2424,45.9233
1,111757142.39,627,37,66,0,1,75.11,125274583.61,0.67,0.7753,17,0.2502,0.2969,0.5383,15,112.1,5.0073,45.8102
1,23557777.8,359,34,48,1,1,62.8,14220999.3,1.0403,0.9506,3,0.0711,0.323,0.573,7,60.37,8.9717,22.5781
2,1870679349.39,846,374,85,0,1,70.76,1633962983.3,0.8102,0.9796,3,0.0399,0.2907,0.5547,19,87.35,3.7244,25.6327
0,21690930.85,60,10,11,0,1,47.21,14535526.99,0.7045,0.9105,0,0.0069,0.4821,0.4168,1,67.01,47.2078,60.86
1,19461857.73,457,24,60,0,1,83.87,17678803.23,0.9233,0.7942,4,0.0734,0.3164,0.4711,12,90.84,6.9893,45.4279
0,1567890.79,145,12,21,2,0,85.8,1630297.82,0.8252,0.9295,3,0.1651,0.4479,0.3661,4,103.98,21.4504,31.2067
0,21845361.13,128,12,20,0,0,38.97,9113157.8,0.9342,1.1258,1,0.059,0.3399,0.3772,1,41.72,38.9697,10.0848
0,1849231.57,172,6,26,0,0,68.23,1285163.41,0.9817,1.215,7,0.2673,0.3406,0.4749,3,69.5,22.7424,11.6792
1,190364468.91,230,43,29,0,1,89.91,123905089.9,1.3814,0.9026,8,0.2817,0.2369,0.5657,6,65.09,14.9857,-5.0509
0,11201878.9,150,16,16,0,0,86.44,7900869.26,1.2255,0.861,2,0.1473,0.3021,0.5788,4,70.53,21.6088,-6.7726
2,715908690.51,512,79,67,1,1,73.66,539564367.08,0.9773,0.7633,11,0.1677,0.2737,0.5431,12,75.37,6.1382,53.0496
1,232027041.14,3380,77,338,0,1,59.6,138181071.42,1.0008,0.9042,56,0.1666,0.2187,0.4444,67,59.55,0.8896,4.0381
2,461368351.38,844,102,107,1,1,79.11,372357489.52,0.9802,0.976,20,0.1912,0.2403,0.5601,22,80.71,3.5958,38.6597
1,153920553.51,482,33,65,0,1,68.46,80409636.93,1.3105,0.6477,15,0.2375,0.3076,0.4747,10,52.24,6.8463,22.5745
2,68149459.15,1208,20,119,0,1,54.14,79783834.85,0.4624,0.49,77,0.65,0.2612,0.4579,21,117.07,2.578,160.8432
1,41706878.95,1591,13,160,0,1,72.49,37974185.29,0.7961,0.9102,29,0.1835,0.2641,0.5396,38,91.05,1.9076,20.705
1,84389350.26,1789,28,182,0,1,78.47,123770676.26,0.535,0.7628,61,0.3335,0.3238,0.6365,46,146.67,1.7058,66.2745
2,334698425.07,841,83,106,2,1,46.82,147946832.11,1.0593,1.2436,42,0.3947,0.2149,0.4982,13,44.2,3.6019,43.0821
1,119491335.3,246,34,27,1,1,90.74,92433354.25,1.173,0.8637,5,0.1684,0.2721,0.3891,7,77.36,12.9625,25.785
2,38097176.66,1315,20,130,0,1,40.98,17110683.22,0.9123,0.811,12,0.0944,0.2457,0.6286,17,44.91,2.4103,26.9175
2,326935352.43,1451,65,147,0,1,52.58,271766124.3,0.6325,0.6791,56,0.379,0.2825,0.6034,25,83.13,2.103,89.6931
1,626386701.0,1533,208,157,0,1,80.25,432288290.05,1.1629,1.0035,2,0.0144,0.2942,0.6465,41,69.01,1.9574,-14.0048
2,30031973.11,1072,20,105,2,1,53.67,16572733.92,0.9725,1.0935,0,0.0,0.3641,0.4399,19,55.18,2.8246,7.7451
1,36840305.8,1719,12,173,2,1,75.57,21823141.33,1.2757,1.0412,2,0.0127,0.2892,0.4325,43,59.24,1.7574,-20.0
1,45358260.68,988,15,99,0,1,34.82,20709466.99,0.7627,1.0068,0,0.0,0.2506,0.5319,11,45.66,3.1656,25.4759
1,71103590.57,890,23,91,0,1,72.17,76377290.15,0.6719,0.9143,8,0.0921,0.2365,0.5227,21,107.42,3.4367,52.3863
2,70240583.84,262,111,33,2,1,51.52,34006424.36,1.0641,1.0396,2,0.0702,0.2407,0.72,4,48.41,12.8794,30.4004
0,10684168.0,117,14,16,0,0,32.34,3373595.53,1.0242,0.8941,2,0.1491,0.2368,0.5294,1,31.58,32.339,14.6274
1,85937192.23,343,26,42,0,1,78.98,57548783.53,1.1794,0.6806,18,0.4369,0.3008,0.5883,9,66.97,8.7759,37.5414
1,133450694.55,546,31,70,0,1,84.84,103454702.41,1.0944,0.9212,7,0.0971,0.3619,0.4998,15,77.52,5.6563,20.0774
1,727726763.2,2055,242,207,0,1,43.84,445083790.73,0.7168,0.8489,32,0.153,0.4277,0.4425,30,61.16,1.4614,21.4478
0,26054700.83,71,10,12,2,1,67.06,17320749.61,1.0088,0.6796,3,0.2788,0.381,0.347,1,66.48,67.0632,29.4322
2,33964645.28,1306,20,132,2,1,51.06,13881868.97,1.2493,1.0142,7,0.0565,0.2176,0.5296,22,40.87,2.3209,-20.0
1,84389350.26,1789,28,182,0,1,87.98,129434926.7,0.5736,0.8388,51,0.2793,0.3423,0.4327,52,153.38,1.6919,66.2745
1,31297422553.64,1327,500,136,0,1,73.17,23240437777.88,0.9853,0.8989,3,0.0244,0.233,0.4132,32,74.26,2.2864,1.5987
0,13180765.12,43,13,5,0,0,29.99,6121599.22,0.6457,0.6541,1,0.2756,0.5007,0.3575,1,46.44,29.9869,86.0009
1,52530892.0,1227,17,123,0,1,70.83,40550114.14,0.9176,0.871,27,0.2188,0.2996,0.462,28,77.19,2.5297,10.9735
2,68738271.82,1564,20,159,0,1,56.16,56120386.08,0.6879,0.9106,10,0.0623,0.23,0.7007,29,81.64,1.9366,32.0928
2,961410296.15,677,62,83,1,1,71.26,1042961292.44,0.6569,1.1447,28,0.3433,0.4212,0.4116,16,108.48,4.4539,98.4966
2,517696510.04,411,89,56,0,1,58.31,254873655.87,1.1843,0.9436,10,0.1802,0.2589,0.5981,7,49.23,8.3294,18.7126
0,10177005.45,177,6,22,0,0,52.76,4573357.62,1.1741,0.911,4,0.1889,0.3801,0.5415,3,44.94,17.5878,6.4728
1,41081887.0,1991,13,197,1,1,28.85,12801404.13,0.9257,0.9282,7,0.0342,0.3802,0.6024,19,31.16,1.5182,20.946
2,33931630.16,933,20,93,0,1,82.07,54555658.56,0.5104,0.7735,33,0.3546,0.2512,0.4919,25,160.78,3.2827,75.304
1,96572804.35,341,37,39,0,1,84.43,92426719.16,0.8822,0.9488,3,0.0649,0.3166,0.464,9,95.71,9.3816,40.0382
0,13152748.61,36,8,5,1,0,46.5,7297454.89,0.8382,0.658,1,0.1066,0.3056,0.3207,1,55.48,46.5048,37.4952
0,24122052.11,125,14,12,0,1,28.54,5986237.99,1.1502,0.9665,4,0.3134,0.424,0.4852,1,24.82,28.5435,7.49
0,61723637.28,991,41,97,0,1,72.63,54432989.66,0.8236,0.8662,14,0.1443,0.2165,0.3737,23,88.19,3.1578,28.5072
2,159907450.6,2860,31,289,1,1,60.35,177459812.94,0.5438,0.5645,155,0.5352,0.291,0.507,57,110.98,1.0588,106.5668
1,108259983.56,392,33,53,1,1,72.62,63032902.48,1.2472,1.0163,4,0.0699,0.21,0.4982,9,58.22,8.0687,3.2442
2,41646219.76,1211,20,123,0,1,58.54,24147456.9,1.0097,0.9895,7,0.0554,0.2414,0.4201,23,57.98,2.5453,17.1045
1,39256181.63,371,36,44,0,1,72.89,50747855.18,0.5638,1.1227,5,0.1195,0.3324,0.5352,9,129.27,8.0984,101.5043
1,1350091538.49,2029,450,206,0,1,84.86,984457095.25,1.1638,1.0114,5,0.0238,0.2763,0.4996,57,72.92,1.4888,-17.7278
0,19484708.86,121,8,18,0,0,57.92,11419871.07,0.9882,0.4765,7,0.3728,0.3846,0.4169,2,58.61,28.9582,35.3747
0,26240734.34,89,10,8,1,1,91.46,20150720.84,1.191,1.1349,2,0.2191,0.3003,0.5562,2,76.79,45.7301,-1.1296
2,405880217.63,618,102,75,2,1,68.31,266834123.69,1.0391,1.1118,42,0.5645,0.2342,0.4806,14,65.74,4.8793,49.7748
0,87947597.67,1538,58,153,0,1,52.62,58577535.77,0.7901,0.8797,21,0.1373,0.3051,0.4346,26,66.61,2.024,38.737
1,94247033.42,909,31,91,0,1,66.66,52589720.1,1.1947,0.9772,8,0.0917,0.1978,0.5649,20,55.8,3.3331,-19.7502
1,155837221.5,2922,51,291,0,1,84.88,168366504.1,0.7856,0.9519,24,0.0817,0.3755,0.4934,82,108.04,1.0351,29.1944
1,28694783.0,1397,10,141,0,1,36.71,9360728.96,1.1253,1.0235,0,0.0,0.2951,0.5916,17,32.62,2.1594,-15.4026
1,37214400.0,1096,12,112,0,1,49.52,23387350.93,0.7879,0.8909,23,0.2097,0.2832,0.5961,18,62.84,2.751,21.2362
1,145050168.33,445,54,60,1,1,33.98,56881393.05,0.8665,1.1027,7,0.1212,0.356,0.5634,5,39.21,6.7958,47.237
0,2861427.59,85,10,8,0,0,73.08,2339980.74,0.8936,1.0573,1,0.1719,0.2333,0.4568,2,81.78,36.5394,17.2626
1,52725298.0,1180,17,119,1,1,81.92,54686031.03,0.7898,0.8252,17,0.1399,0.2312,0.4382,32,103.72,2.5601,25.4901
2,695103373.62,450,110,57,0,1,50.46,396804903.8,0.884,1.1906,9,0.1534,0.2312,0.4736,7,57.09,7.209,51.018
1,51708792.0,1261,17,126,0,1,58.62,41849156.18,0.7243,0.971,0,0.0,0.2841,0.4707,24,80.93,2.4425,7.1551
1,30101189.0,1036,10,101,0,1,91.07,24155521.13,1.1348,0.9666,9,0.0906,0.3404,0.5628,31,80.25,2.9376,-16.1568
2,285049556.46,781,107,101,1,1,69.52,159754889.94,1.2404,0.4,14,0.1344,0.3045,0.5857,18,56.04,3.8621,38.5891
0,24290905.44,82,8,13,0,1,48.71,29580904.43,0.4,1.0175,3,0.2267,0.401,0.5715,1,121.78,48.7111,167.2429
1,57226719.06,1426,19,140,2,1,74.12,62147164.66,0.6826,0.8311,23,0.1675,0.2412,0.5718,35,108.6,2.1178,57.2415
1,104802623.78,1521,34,150,1,1,34.05,63783206.77,0.5595,0.8603,22,0.1466,0.3372,0.531,17,60.86,2.0028,64.564
1,232027041.14,3380,77,338,0,1,31.38,68816629.99,1.058,1.1113,0,0.0,0.3368,0.5419,35,29.66,0.8965,4.0381
1,134207483.65,1684,44,170,0,1,74.96,137841274.55,0.7298,0.9165,19,0.1089,0.3684,0.5845,42,102.71,1.7847,26.7351
2,115689244.53,696,72,88,1,1,57.23,83169885.11,0.796,1.1189,25,0.2879,0.1829,0.6649,13,71.89,4.402,60.746
1,118513778.28,252,48,36,0,1,47.87,54195129.81,1.0468,1.0053,5,0.13,0.281,0.584,4,45.73,11.9678,23.4638
0,27317670.74,168,9,26,1,0,54.58,12259796.4,1.2161,0.883,7,0.27,0.489,0.3975,3,44.88,18.193,-2.3998
0,92187554.9,2510,61,250,0,1,41.55,40105601.5,0.9552,0.9914,0,0.0,0.3794,0.5096,34,43.5,1.2222,24.79
2,723580388.34,179,64,25,0,1,61.81,447897151.75,0.9985,1.0861,1,0.0531,0.2776,0.5822,3,61.9,20.6026,51.5792
1,172386736.08,965,57,97,0,1,27.15,61950763.9,0.7556,0.9047,9,0.0901,0.2734,0.4972,8,35.94,3.3942,26.7233
0,2944620.59,55,12,5,0,0,42.26,1111596.66,1.1194,1.2095,1,0.1397,0.3358,0.4982,1,37.75,42.2568,-10.4506
1,194883515.71,304,52,42,2,1,68.55,126283803.28,1.0579,1.0605,10,0.2404,0.2677,0.5257,6,64.8,11.4255,47.0779
0,24961743.58,127,9,14,1,1,84.73,29103623.85,0.7267,0.9388,4,0.3131,0.3887,0.4304,3,116.59,28.2436,62.3112
1,34199505.89,910,11,92,0,1,61.36,22031481.65,0.9524,1.1,0,0.0,0.2205,0.5175,18,64.42,3.4087,4.655
2,578317137.79,656,50,80,1,1,82.63,407770377.1,1.172,0.8821,12,0.1494,0.3021,0.5003,18,70.51,4.5908,23.3973
0,12384685.69,35,15,5,2,1,77.0,13235590.56,0.7205,0.9974,1,0.2218,0.3776,0.4838,1,106.87,76.9974,73.3011
1,40201179.74,1458,13,145,0,1,65.14,50029613.19,0.5234,0.7242,53,0.3668,0.2322,0.3906,31,124.45,2.1012,63.6748
1,75144937.89,417,38,53,0,1,51.43,27913737.21,1.3846,0.9065,2,0.0402,0.489,0.4985,7,37.15,7.3475,7.286
2,31293341.36,612,20,60,0,1,63.64,19558181.7,1.0183,0.9559,6,0.0997,0.2812,0.5088,12,62.5,5.3035,14.4438
1,31658561.08,899,10,87,1,1,69.9,17595778.13,1.2576,1.0838,0,0.0,0.3332,0.466,20,55.58,3.4949,-20.0
2,28321972.79,967,20,100,0,1,67.43,34420159.99,0.5549,0.8237,28,0.2816,0.2618,0.6592,21,121.53,3.2112,48.1948
1,166406346.88,525,32,70,1,1,69.69,289921104.36,0.4,1.1811,41,0.5877,0.3576,0.5001,12,174.22,5.8075,179.417
1,158563349.17,2146,52,215,0,1,73.49,162173062.16,0.7186,0.8,73,0.3375,0.3157,0.5578,52,102.28,1.4133,66.9518
1,120529890.44,384,31,47,1,1,35.67,34512015.75,1.2458,1.0928,16,0.348,0.299,0.6126,4,28.63,8.9179,15.0692
2,961184127.58,394,80,47,2,1,74.49,923317306.38,0.7754,1.0119,9,0.1904,0.2901,0.72,9,96.06,8.2764,65.8351
0,26700671.49,192,14,24,2,0,78.61,33193885.75,0.6323,0.5173,10,0.3983,0.3668,0.3916,5,124.32,15.7214,83.0407
2,210773027.74,802,24,104,2,1,78.91,152275137.96,1.0922,0.4913,9,0.0828,0.2445,0.4899,21,72.25,3.7575,48.149
0,18535281.36,64,8,5,1,0,71.39,11037541.41,1.1988,0.8575,0,0.0553,0.3967,0.4397,1,59.55,71.3862,3.8337
1,268215569.46,1773,89,181,0,1,57.26,193073792.86,0.7954,0.9416,24,0.1328,0.2333,0.418,33,71.98,1.7351,25.3694
2,947117228.43,768,97,93,2,1,29.77,353595449.6,0.7973,1.0913,19,0.2082,0.1942,0.5985,7,37.33,4.2526,68.1312
1,117556153.43,1810,39,185,2,1,68.98,82933742.6,0.9778,0.9856,17,0.0895,0.312,0.673,41,70.55,1.6825,-2.2198
1,226047070.65,1289,75,128,0,1,79.93,153258576.84,1.1789,1.0621,0,0.0,0.3016,0.5399,34,67.8,2.3508,-14.8376
2,30562195.47,881,20,92,0,1,36.27,25109309.52,0.4415,0.6531,39,0.4259,0.1709,0.5257,10,82.16,3.6275,66.5754
0,6662257.62,82,11,9,1,0,38.14,2127577.97,1.1945,0.9694,1,0.0809,0.397,0.4763,1,31.93,38.1447,-16.6905
2,496004881.31,719,60,86,1,1,83.75,305702097.69,1.3588,0.8067,24,0.2754,0.1728,0.5333,20,61.63,4.1874,37.1194
2,37689772.53,814,20,81,2,1,28.02,12731167.35,0.8294,0.817,24,0.293,0.3043,0.6559,7,33.78,4.0022,38.4313
1,227007508.37,1487,75,146,0,1,70.53,264187765.86,0.606,0.6675,51,0.3496,0.1914,0.3425,34,116.38,2.0744,53.2543
2,62215153.16,1242,20,122,1,1,49.38,62111511.03,0.4946,0.7981,27,0.22,0.1539,0.5476,20,99.83,2.4689,100.3515
0,14404297.14,152,5,23,1,0,27.83,3406925.88,1.1764,1.0167,3,0.1122,0.2544,0.4375,1,23.65,27.8252,-14.4808
2,655182093.96,290,88,39,2,1,58.23,377657924.43,1.0102,0.9457,5,0.1391,0.3096,0.6019,5,57.64,11.6462,44.4165
2,63483307.0,748,20,77,0,1,52.92,43417725.19,0.7737,0.7529,24,0.3069,0.197,0.5735,13,68.39,4.0705,65.1929
2,91040865.0,1846,20,188,0,1,28.17,43513347.06,0.5895,0.7316,69,0.3687,0.2123,0.4882,17,47.8,1.6573,80.4812
2,124780168.88,678,159,86,2,1,42.31,54154868.08,0.9749,0.7742,10,0.119,0.2419,0.6408,9,43.4,4.7011,56.6256
0,59754923.39,1459,39,143,0,1,49.01,34918517.11,0.8387,0.9786,0,0.0031,0.2383,0.4984,23,58.44,2.131,23.8285
1,84140798.68,1576,28,161,0,1,82.08,66972950.1,1.0311,0.9899,0,0.0,0.3453,0.5246,43,79.6,1.9087,-9.421
0,19401740.76,189,10,28,1,0,89.97,14873668.78,1.1736,1.0113,5,0.1725,0.3124,0.58,5,76.66,17.9933,-20.0
1,236537391.12,791,78,82,0,1,73.23,207312591.1,0.8355,0.8538,23,0.2765,0.27,0.3841,19,87.64,3.854,23.1593
0,22651123.63,127,8,12,1,0,87.5,23985038.9,0.8264,0.8345,4,0.371,0.3754,0.4887,3,105.89,29.1672,51.4431
0,27883371.98,112,9,12,0,0,69.99,18075094.39,1.0796,0.9246,2,0.1814,0.2767,0.5647,2,64.82,34.9931,8.0318
0,30904004.03,1586,20,158,0,1,30.34,9939055.09,0.9434,0.9217,17,0.1048,0.3559,0.4549,16,32.16,1.8963,27.6082
0,3387620.25,62,13,5,1,1,36.63,3102368.82,0.4,0.6177,0,0.0506,0.2364,0.5104,1,91.58,36.6318,185.841
2,80105906.57,1238,20,121,1,1,59.69,76230710.35,0.6272,0.649,56,0.4642,0.2208,0.6656,24,95.16,2.487,108.1672
1,29638136.13,990,10,101,0,1,55.57,18273611.73,0.9013,0.9444,10,0.1,0.2954,0.3839,18,61.66,3.0873,9.8317
1,101523714.4,1655,33,169,0,1,89.77,93233969.0,0.9776,0.9905,2,0.0099,0.1683,0.3584,49,91.83,1.8321,9.4784
0,8349434.94,82,9,14,1,0,40.48,3138765.34,1.0767,1.0536,2,0.1691,0.3338,0.4996,1,37.59,40.4775,-0.1934
2,46470615.27,2088,20,209,2,1,25.58,22248746.4,0.5344,0.673,94,0.4481,0.1695,0.551,17,47.88,1.5049,83.2982
0,27313138.97,937,18,96,1,1,68.98,19084246.79,0.9873,0.867,19,0.202,0.4539,0.498,21,69.87,3.285,12.9287
0,16798125.51,189,13,26,1,0,63.62,12531905.3,0.8528,0.8543,3,0.1255,0.3913,0.5215,4,74.6,15.9052,48.9774
0,87947597.67,1538,58,153,0,1,91.94,110601581.85,0.731,0.9173,0,0.0,0.3001,0.4611,47,125.76,1.9561,38.737
0,20137536.35,146,11,23,2,1,88.36,26772297.0,0.6646,0.8218,3,0.1498,0.3081,0.3939,4,132.95,22.0903,82.4018
2,867638949.87,504,121,65,0,1,55.33,574298282.17,0.836,1.0629,26,0.4054,0.3456,0.4092,9,66.19,6.1481,61.8916
1,36371031.53,759,12,73,1,1,70.72,30616972.16,0.8401,0.8946,14,0.1891,0.3324,0.5191,17,84.18,4.16,40.5574
1,28996199.62,724,10,71,0,1,43.78,11463362.37,1.1075,1.0734,0,0.0,0.3505,0.4911,10,39.53,4.3783,-19.1689
1,1203582245.0,908,401,94,2,1,47.55,661904757.59,0.8647,0.835,20,0.2119,0.304,0.5592,14,54.99,3.3966,22.9515
1,83376450.32,1331,27,133,0,1,55.06,50847240.49,0.9028,0.9018,5,0.0338,0.3132,0.5164,24,60.99,2.294,4.9869
2,857655814.03,884,61,113,0,1,29.03,235654898.89,1.0565,0.7544,18,0.1607,0.2713,0.5109,8,27.48,3.6286,51.8429
0,23547334.17,170,8,23,0,0,66.9,19040486.97,0.8273,0.7903,4,0.1765,0.3973,0.539,3,80.86,22.2999,58.4642
2,135012038.96,232,60,30,1,1,35.59,49663862.04,0.9676,0.9841,13,0.4213,0.167,0.5216,2,36.78,17.7963,56.8564
0,50878598.0,1529,33,156,0,1,28.87,16295275.67,0.9014,1.0753,0,0.0,0.1965,0.422,14,32.03,2.0622,14.4463
1,37111021.05,931,12,91,0,1,77.36,24239277.86,1.1843,1.036,0,0.0,0.3072,0.6382,24,65.32,3.2231,-20.0
1,614652572.45,2118,204,211,0,1,40.58,260585313.08,0.9572,0.9277,19,0.0904,0.2368,0.4766,28,42.4,1.4494,13.983
2,52373824.46,2098,20,213,1,1,83.39,43115112.14,1.013,1.0033,9,0.0403,0.2566,0.4336,58,82.32,1.4378,1.8239
2,58421876.45,1631,20,163,0,1,38.07,63554092.7,0.35,0.7828,54,0.3283,0.3179,0.5908,20,108.78,1.9037,108.1058
2,816476940.2,685,40,90,1,1,77.62,524707807.53,1.2079,1.0906,38,0.4257,0.3637,0.4908,17,64.26,4.5661,32.6996
1,71103590.57,890,23,91,0,1,36.99,37105565.64,0.7088,0.8835,11,0.1178,0.3666,0.4382,10,52.19,3.6988,52.3863
0,23395538.6,39,8,5,1,1,84.03,18361557.72,1.0706,1.1224,1,0.1227,0.4031,0.5775,1,78.48,84.0253,3.7386
0,26751838.21,125,9,17,0,1,77.61,25937503.52,0.8005,1.0971,1,0.0463,0.3313,0.4435,3,96.96,25.8698,21.7424
1,37479460.0,821,12,80,0,1,70.44,33418895.22,0.79,0.9628,4,0.0539,0.2512,0.4679,19,89.17,3.7073,33.1302
2,645259174.03,411,150,48,2,1,63.62,530221756.48,0.7743,0.4539,14,0.2978,0.2343,0.516,8,82.17,7.9528,100.2687
2,38633482.88,1826,20,186,1,1,66.67,23483727.53,1.0968,0.9608,21,0.1127,0.2938,0.4771,40,60.79,1.6667,-10.0465
1,41990020.66,1119,13,110,0,1,67.68,24194078.43,1.1746,1.077,0,0.0,0.3346,0.4051,25,57.62,2.7071,-5.0682
1,47170943.0,1703,15,172,0,1,26.61,29995933.27,0.4185,0.7305,51,0.2942,0.2834,0.3208,15,63.59,1.7741,84.0219
0,28001030.59,1474,18,147,0,1,62.83,20187782.55,0.8715,0.8909,6,0.0391,0.3293,0.5006,30,72.1,2.0944,17.5467
2,46307242.61,269,20,30,0,1,42.82,27049727.71,0.733,0.8174,7,0.2239,0.2955,0.583,3,58.41,14.2729,69.9184
2,881161803.1,871,47,105,0,1,30.66,238849406.99,1.1311,0.9361,4,0.0379,0.3698,0.4572,8,27.11,3.8325,35.9092
0,27242085.81,113,7,19,1,1,73.02,38229998.09,0.5203,0.5989,3,0.1476,0.2473,0.4332,2,140.33,36.5084,116.9057
0,9454865.66,152,11,23,0,0,44.2,4542594.73,0.92,0.7248,3,0.1507,0.4414,0.5423,2,48.05,22.1007,31.5747
1,58200569.61,567,41,70,2,1,51.63,23980031.62,1.253,0.8969,9,0.1281,0.2517,0.5465,9,41.2,5.7363,18.4351
1,84345771.33,412,36,52,1,1,25.88,18385402.17,1.1872,0.9735,20,0.3893,0.3962,0.6486,3,21.8,8.6261,23.7183
1,51708792.0,1261,17,126,0,1,47.65,26943500.72,0.9145,1.0716,0,0.0,0.418,0.6711,20,52.11,2.3826,7.1551
2,171934188.94,489,105,60,1,1,85.52,165407491.16,0.8889,0.7536,28,0.4612,0.1775,0.5731,13,96.2,6.5782,81.2917
1,95877534.69,100,35,9,0,1,48.57,37650876.17,1.2368,0.8471,2,0.214,0.4052,0.5299,1,39.27,48.568,18.2842
0,25746621.58,157,9,22,0,0,65.48,16753164.53,1.0063,0.5351,4,0.1774,0.3423,0.4796,3,65.07,21.8268,27.9151
2,67777770.34,797,107,96,1,1,89.0,51727082.14,1.1662,0.5892,7,0.0768,0.1285,0.5656,23,76.32,3.8695,43.6172
2,32359172.9,390,20,43,0,1,72.59,39565005.4,0.5937,0.6848,16,0.3816,0.1734,0.5993,9,122.27,8.0661,90.7021
1,40505845.67,436,25,51,1,1,47.07,19758274.53,0.965,1.0047,5,0.1051,0.29,0.4789,6,48.78,7.8455,34.4189
0,28938166.91,55,10,9,2,1,55.45,15165714.41,1.058,0.9745,1,0.143,0.3057,0.3239,1,52.41,55.4459,2.4959
2,49024934.0,1201,20,120,0,1,46.91,54965049.87,0.4184,0.438,78,0.65,0.2867,0.6346,18,112.12,2.6061,200.0
1,82859529.27,351,34,43,0,1,38.77,38182339.51,0.8414,0.9385,18,0.4227,0.3413,0.5542,4,46.08,9.693,57.2734
0,28412422.84,72,7,9,1,0,49.41,15000909.94,0.9359,0.9992,1,0.0935,0.3984,0.4823,1,52.8,49.4109,25.1391
1,128432043.79,229,51,27,0,1,39.42,60977410.33,0.8302,0.8004,3,0.1259,0.2121,0.6251,3,47.48,13.1392,62.7436
0,19584584.02,110,13,14,0,1,87.37,14256035.25,1.2003,0.7677,3,0.211,0.3836,0.5612,3,72.79,29.123,31.2845
1,35554917.09,1879,11,190,0,1,87.03,37856556.71,0.8174,1.016,0,0.0,0.2721,0.5594,54,106.47,1.6117,27.1002
0,24182638.06,68,10,8,1,1,74.67,18486855.87,0.9768,0.9524,1,0.1848,0.3157,0.5401,1,76.45,74.674,19.5059
1,43615262.5,924,14,92,0,1,47.45,25586364.3,0.8088,0.9276,15,0.163,0.3936,0.4459,14,58.66,3.3892,41.1705
2,35844806.39,174,69,23,0,1,81.76,39236493.08,0.7469,0.9342,3,0.1352,0.355,0.602,4,109.46,20.4393,72.8362
1,71391346.14,348,30,47,0,1,71.73,64155215.12,0.7982,1.0969,11,0.2386,0.2558,0.5688,8,89.86,8.9665,56.366
1,33617472.1,3380,11,341,0,1,56.88,22592034.15,0.8464,0.8001,98,0.2875,0.3097,0.6382,64,67.2,0.8887,18.3769
0,62420485.81,1624,41,166,2,1,77.66,55954184.41,0.8663,1.057,0,0.0,0.3939,0.3574,42,89.64,1.849,3.4828
2,80105906.57,1238,20,121,1,1,64.43,109147628.98,0.4729,0.6862,58,0.4802,0.2851,0.5462,26,136.25,2.4781,108.1672
1,33441895.59,599,41,79,0,1,77.13,19203097.96,1.3432,0.7128,3,0.044,0.2327,0.537,15,57.42,5.142,7.7748
1,54409758.01,1597,18,162,0,1,46.99,31883042.34,0.8019,0.9281,0,0.0,0.3846,0.4458,25,58.6,1.8795,22.1381
1,11077031.37,590,20,76,1,1,45.99,4499948.88,1.1321,0.896,14,0.187,0.3287,0.5728,9,40.62,5.1101,21.2526
1,29685080.22,1286,10,132,0,1,52.14,11722433.31,1.3204,1.0943,0,0.0,0.2435,0.5819,22,39.49,2.3701,-18.9874
1,49565847.26,1974,16,198,2,1,38.11,23759471.85,0.795,0.7635,63,0.3159,0.3343,0.5508,25,47.94,1.5243,65.4352
2,41511546.0,890,20,91,2,1,25.5,30244216.47,0.35,0.7513,36,0.391,0.2481,0.4642,7,72.86,3.6429,134.7985
2,675613904.19,242,122,28,0,1,70.21,574007823.94,0.8264,1.1302,2,0.0825,0.4013,0.4732,5,84.96,14.0416,73.1699
2,214934133.09,1293,42,133,2,1,89.56,168516845.78,1.1423,1.0465,0,0.0,0.2983,0.5027,38,78.4,2.3568,-20.0
2,85970812.08,214,112,26,0,1,80.69,60373661.17,1.149,0.7451,1,0.0461,0.3839,0.6374,5,70.23,16.1381,37.9953
2,565330939.0,2783,113,279,1,1,69.08,767952244.47,0.5085,0.781,94,0.3354,0.2507,0.643,64,135.84,1.0793,77.4998
2,108074754.95,635,73,77,2,1,48.92,43559142.28,1.2138,0.8251,11,0.1466,0.3252,0.4575,10,40.3,4.892,44.8113
0,1276367.32,114,9,18,0,1,25.29,271890.24,1.1871,0.9868,7,0.3703,0.4885,0.5238,1,21.3,25.2864,2.1249
2,316032313.38,233,84,30,1,1,39.93,100463445.56,1.2562,0.8476,5,0.1602,0.211,0.586,3,31.79,13.3113,15.0528
2,282522893.16,440,96,55,1,1,58.72,166706201.14,0.9951,0.853,17,0.3009,0.1871,0.5896,8,59.01,7.3399,58.2561
1,70637339.0,992,23,101,2,1,59.79,68176987.87,0.6195,0.7596,26,0.2532,0.3636,0.3951,19,96.52,3.1471,89.4732
0,17196230.52,181,8,21,2,0,73.41,9300250.38,1.3574,0.8524,5,0.2387,0.371,0.3727,4,54.08,18.3536,1.9229
1,140052545.41,137,28,20,2,1,52.24,58266777.8,1.2556,1.1188,3,0.1637,0.3116,0.4849,2,41.6,26.1176,0.5156
1,51613583.79,1850,17,184,1,1,59.68,26418381.54,1.166,1.1094,0,0.0,0.3714,0.4717,36,51.18,1.6578,-16.1182
0,21359777.6,183,8,25,1,0,82.43,24978665.49,0.7049,1.024,9,0.3732,0.3026,0.3606,5,116.94,16.486,43.0888
2,739844103.81,376,70,52,2,1,34.02,405469947.39,0.6208,1.0876,21,0.3986,0.2357,0.5323,4,54.8,8.5051,126.8924
0,3310823.32,118,3,11,1,1,29.13,834123.39,1.1561,1.1236,2,0.1566,0.1937,0.4691,1,25.19,29.1257,-18.6814
0,27063068.23,162,11,19,0,1,87.73,36653400.54,0.6478,0.9456,3,0.153,0.3231,0.4141,4,135.44,21.9334,76.9255
2,91040865.0,1846,20,188,0,1,45.06,63341984.84,0.6477,0.7529,83,0.4426,0.2528,0.4852,27,69.58,1.6689,80.4812
0,9731702.25,190,13,21,1,0,42.83,4823378.47,0.8641,0.9219,7,0.3452,0.2879,0.2744,2,49.56,21.4137,40.8021
2,845445827.94,787,99,101,2,1,51.33,650040793.94,0.6677,0.7408,33,0.3275,0.2848,0.6374,13,76.89,3.9488,120.2431
2,134594400.69,216,200,25,2,1,74.74,108189756.04,0.9298,1.0079,2,0.0791,0.2201,0.591,5,80.38,14.9478,45.9109
1,57857919.0,1147,19,114,0,1,50.21,21578942.07,1.3463,1.1714,0,0.0,0.3723,0.4274,19,37.3,2.6427,-20.0
1,51550598.71,699,17,71,1,1,46.56,35018865.99,0.6854,0.7703,23,0.3263,0.161,0.5777,10,67.93,4.6559,35.7362
1,228140685.14,1799,76,183,0,1,75.35,205573464.28,0.8362,0.9173,10,0.0558,0.4474,0.6261,45,90.11,1.6744,7.989
1,124693229.19,189,31,27,2,1,37.15,61220100.33,0.7566,0.8376,2,0.0659,0.3256,0.4739,2,49.1,18.5743,80.1916
0,9044638.11,39,7,8,2,1,72.85,5559616.65,1.1852,0.9809,4,0.5004,0.4351,0.3608,1,61.47,72.8507,7.4707
1,123825327.27,118,15,14,1,1,38.76,56097125.32,0.8555,0.8341,7,0.4708,0.3192,0.5638,1,45.3,38.7589,58.1202
1,78562445.95,402,19,47,0,1,63.4,49192512.22,1.0125,0.7403,13,0.2748,0.3139,0.4881,8,62.62,7.9247,40.6781
2,342228701.55,497,73,66,2,1,38.44,146242305.02,0.8995,0.8167,10,0.1476,0.2533,0.5357,6,42.73,6.4064,53.1124
2,92682582.09,2525,20,254,0,0,25.03,54639563.12,0.4246,0.5705,140,0.5531,0.2356,0.5866,21,58.95,1.1919,180.3812
2,879524802.23,858,80,111,0,1,53.17,380088433.99,1.2305,0.6334,16,0.1438,0.2339,0.3953,15,43.22,3.545,35.7555
1,209025585.0,1357,69,134,0,1,59.56,178408029.93,0.6978,0.9096,12,0.0923,0.4338,0.3902,26,85.35,2.2906,43.1774
2,33931630.16,933,20,93,0,1,39.96,26847421.4,0.505,0.6835,39,0.4171,0.3252,0.6578,12,79.12,3.3298,75.304
1,129793326.54,2920,43,292,1,1,90.27,154867668.88,0.7565,0.9224,30,0.1042,0.2831,0.4827,87,119.32,1.0375,20.9039
2,609346659.1,662,108,84,1,1,59.14,413396170.16,0.8717,1.0106,26,0.3107,0.2834,0.5071,13,67.84,4.5491,72.2307
1,159581335.48,468,28,57,0,1,39.99,50794678.01,1.2562,1.1819,6,0.1102,0.3257,0.4887,6,31.83,6.6643,-3.0535
1,138504457.91,166,31,23,1,1,66.42,108895551.98,0.8448,0.9565,2,0.0921,0.2572,0.5282,3,78.62,22.1399,59.566
1,76383318.0,1892,25,191,0,1,40.83,57066110.29,0.5465,0.7138,65,0.3385,0.3215,0.4374,25,74.71,1.6333,80.4996
2,552394225.36,339,91,40,0,1,63.06,316983545.16,1.0989,0.7394,4,0.0883,0.2658,0.5042,7,57.38,9.0082,35.1518
0,2093931.95,197,8,27,0,1,29.18,542866.04,1.1255,1.0243,5,0.1755,0.2661,0.3869,1,25.93,29.1784,8.5088
2,30580165.9,1317,20,134,0,1,36.78,9802360.93,1.1474,1.054,15,0.1115,0.2682,0.4895,16,32.05,2.2987,-20.0
2,896406298.11,293,113,37,0,1,61.73,744745965.06,0.743,0.8345,23,0.6092,0.2245,0.5227,6,83.08,10.2877,115.8223
1,132424279.83,343,37,47,2,1,47.55,76566987.2,0.8224,0.686,7,0.1433,0.3681,0.517,5,57.82,9.5104,40.2517
1,52835280.56,1935,17,192,0,1,33.4,21005904.07,0.8401,0.9264,11,0.0558,0.3077,0.5186,21,39.76,1.5905,23.8186
2,214934133.09,1293,42,133,2,1,60.94,112612751.14,1.1632,0.9876,3,0.0193,0.1249,0.593,26,52.39,2.344,-20.0
1,29348727.0,1597,10,158,1,1,52.68,17603608.87,0.8783,1.0294,0,0.0,0.3512,0.5262,28,59.98,1.8815,17.6605
1,95091587.2,1512,31,149,2,1,84.15,87291956.41,0.9167,0.9866,0,0.0,0.2049,0.4356,42,91.8,2.0036,5.1032
1,162638604.12,1705,54,171,0,1,35.09,72142766.55,0.7911,0.7373,52,0.3023,0.3129,0.4283,19,44.36,1.8468,30.3189
2,89043565.16,2184,20,219,1,1,61.07,63880096.39,0.8513,1.1365,0,0.0,0.15,0.613,44,71.74,1.3879,24.3863
2,201451160.83,2398,40,237,1,1,56.42,273983355.52,0.4149,0.7438,77,0.3262,0.388,0.5564,45,136.0,1.2539,124.1288
1,44591580.44,1422,14,140,0,1,46.4,17662989.68,1.1713,0.834,29,0.2043,0.2548,0.5643,21,39.61,2.2093,-14.5519
2,58886121.23,1600,20,163,1,1,83.21,115964130.1,0.4225,0.669,66,0.4022,0.1664,0.5991,44,196.93,1.8911,117.0736
1,7654648.21,567,52,70,0,1,25.36,1579376.45,1.2292,0.6902,13,0.1817,0.2474,0.4761,4,20.63,6.3404,29.3432
1,32006590.0,1261,10,128,0,1,91.17,26306949.51,1.1093,0.9915,0,0.0,0.2739,0.5133,38,82.19,2.3993,-8.627
1,319382955.0,2443,106,243,0,1,83.58,275675296.17,0.9683,1.0403,0,0.0,0.2504,0.4452,68,86.31,1.2291,2.0144
1,143363118.48,379,37,48,0,1,47.38,64794820.83,1.0482,0.8768,11,0.2247,0.3379,0.4784,5,45.2,9.4753,34.727
2,51017923.0,1090,20,108,0,1,43.15,21895865.78,1.0053,0.8997,13,0.1247,0.1759,0.659,15,42.92,2.8764,10.2094
1,165449121.72,372,26,51,1,1,53.8,86469802.23,1.0294,0.7569,9,0.174,0.2676,0.5421,6,52.26,8.9665,30.8033
0,22285195.72,181,16,26,0,0,78.87,14760729.75,1.1908,1.0062,2,0.0637,0.309,0.399,4,66.24,19.7184,-14.8546
2,859973752.38,482,71,60,2,1,39.22,440288465.38,0.766,0.7321,6,0.102,0.3262,0.5795,6,51.2,6.5359,84.8631
2,31218111.42,958,20,93,0,1,91.91,65002178.56,0.4414,0.7007,37,0.4012,0.327,0.6229,29,208.22,3.1694,103.2539
2,122766577.45,1940,24,198,1,1,30.33,47484251.97,0.7841,0.918,24,0.1203,0.346,0.5796,19,38.68,1.5962,22.931
0,7781625.49,53,3,5,1,1,70.91,6670074.53,0.8273,1.1573,0,0.0769,0.3513,0.4146,1,85.72,70.913,22.4926
2,992371103.92,698,100,90,1,1,64.1,528712336.19,1.2032,1.0951,36,0.4021,0.2531,0.5728,14,53.28,4.5789,27.3157
0,30557944.86,895,20,88,0,1,84.13,32678763.45,0.7867,0.9375,0,0.0,0.3198,0.467,25,106.94,3.3654,29.1224
1,125571981.6,245,48,32,0,1,78.96,85729297.63,1.1566,0.5391,4,0.1165,0.2585,0.4286,6,68.27,13.1607,27.7075
1,40792354.0,931,13,94,1,1,36.4,17715499.55,0.8382,1.041,0,0.0,0.271,0.6527,11,43.43,3.3092,33.7844
2,646776274.32,235,127,29,0,1,79.47,990545180.31,0.5189,0.819,5,0.1757,0.2542,0.5668,6,153.15,13.2456,144.5274
1,154578918.88,1191,51,118,1,1,45.04,69296922.57,1.0047,1.0637,0,0.0,0.362,0.4172,17,44.83,2.6495,-1.2098
1,316432547.0,2367,105,236,0,1,86.14,496566494.39,0.5489,0.8531,46,0.1931,0.4052,0.4935,67,156.93,1.2857,77.3222
1,49565847.26,1974,16,198,2,1,43.44,27539076.56,0.7818,0.885,8,0.0411,0.4567,0.4598,28,55.56,1.5513,65.4352
2,49024934.0,1201,20,120,0,1,90.05,126128251.18,0.35,0.3526,78,0.65,0.2633,0.5209,36,257.27,2.5013,200.0
0,7013998.07,32,7,5,2,1,35.74,3147817.51,0.7963,1.1929,1,0.2896,0.2977,0.4653,1,44.88,35.7372,46.871
1,52540275.83,1382,17,142,1,1,66.99,58521346.98,0.6015,0.763,44,0.312,0.3377,0.4835,30,111.38,2.2331,63.8915
1,139387534.5,151,33,23,0,1,25.84,32899850.1,1.0949,1.0911,2,0.0877,0.1443,0.3958,1,23.6,25.8428,14.7768
1,767752737.03,1993,255,201,0,1,64.37,661979703.51,0.7466,0.8107,24,0.1182,0.3161,0.4431,42,86.22,1.5327,39.4905
1,27681676.51,1706,10,169,1,1,43.02,17341260.6,0.6868,0.9278,10,0.0586,0.2446,0.592,24,62.65,1.7926,30.4653
1,44741097.03,487,46,65,1,1,60.69,21109950.4,1.2864,0.7816,10,0.1568,0.2561,0.6738,9,47.18,6.7438,-2.2887
1,33210489.27,1467,11,148,2,1,32.33,9248987.22,1.161,1.0587,0,0.0,0.2766,0.5393,15,27.85,2.1556,-3.3165
0,76843117.06,2025,51,203,0,1,74.75,85275483.7,0.6736,0.8692,13,0.0637,0.4602,0.3666,50,110.97,1.4949,55.0167
1,134207483.65,1684,44,170,0,1,47.87,88027697.1,0.7299,1.053,0,0.0,0.2669,0.4891,26,65.59,1.8412,26.7351
2,49437908.39,821,72,105,0,1,50.42,30890723.28,0.807,0.7531,40,0.3827,0.2407,0.4919,13,62.48,3.8786,76.2973
1,124730915.04,2198,41,221,0,1,38.91,47028435.53,1.032,0.9875,0,0.0,0.1863,0.5082,28,37.7,1.3897,-17.0084
1,52262115.0,1662,17,164,0,1,81.7,69551909.34,0.6139,0.8415,41,0.2482,0.3332,0.4832,45,133.08,1.8155,65.6464
1,365959470.37,2153,121,218,0,1,55.03,338219451.4,0.5955,0.7643,63,0.2912,0.2904,0.5142,39,92.42,1.4111,73.7525
1,174806169.0,1138,58,114,0,1,76.26,113643646.14,1.173,1.0609,0,0.0,0.2533,0.4559,28,65.01,2.7235,-18.9131
1,163246992.09,496,57,66,1,1,55.72,65837732.16,1.3817,1.0162,12,0.1763,0.2908,0.4472,9,40.33,6.1916,-2.1456
2,42352352.98,2016,20,202,1,1,49.98,37472331.19,0.5649,0.8242,38,0.1873,0.2068,0.5272,33,88.48,1.5147,46.9454
1,39454595.81,805,13,81,0,1,77.66,39237583.72,0.7809,0.9834,0,0.0,0.3033,0.585,20,99.45,3.8829,21.8778
2,828052454.22,797,117,96,0,1,80.95,775368890.78,0.8645,0.5383,8,0.079,0.4342,0.6149,21,93.64,3.8548,68.997
0,28164118.2,45,9,6,0,0,31.58,7574783.46,1.174,1.1442,2,0.3567,0.3318,0.4552,1,26.9,31.5751,-7.8837
1,62719347.75,782,20,79,2,1,68.28,59337768.13,0.7217,0.8617,12,0.1459,0.3178,0.5694,17,94.61,4.0164,45.4295
1,129793326.54,2920,43,292,1,1,34.27,52743869.29,0.8432,1.0131,11,0.0376,0.317,0.541,33,40.64,1.0383,20.9039
2,781835006.95,275,111,39,0,1,80.78,735794127.14,0.8584,0.9267,20,0.5086,0.2495,0.4997,7,94.11,11.5407,76.9682
2,858362762.5,895,124,115,0,1,25.12,219972910.49,0.9803,0.7728,35,0.3044,0.2436,0.5162,7,25.63,3.5891,52.4434
1,39063966.35,1449,13,147,0,1,91.52,54525171.12,0.6557,0.9061,3,0.0216,0.2929,0.4186,44,139.58,2.08,39.2827
2,749033227.53,838,92,107,1,1,82.38,707089282.58,0.8726,0.6344,32,0.3011,0.2206,0.4185,23,94.4,3.5816,76.3322
1,114361021.09,392,41,48,1,1,45.76,128298761.09,0.4079,1.2027,6,0.1147,0.2088,0.6052,5,112.19,9.1511,163.053
1,64599554.32,235,45,33,0,1,49.08,29542013.74,1.0732,0.9488,11,0.3394,0.3192,0.4676,3,45.73,16.3596,40.5519
2,88562836.22,157,75,17,1,1,78.98,106052937.86,0.6595,0.9097,6,0.3691,0.164,0.5554,4,119.75,19.7445,95.1296
2,992971270.11,284,84,36,1,1,30.06,234710543.84,1.2718,1.0199,2,0.0617,0.2401,0.5929,2,23.64,15.0314,26.8157
1,127044313.66,343,47,47,0,1,71.95,85337185.95,1.0711,0.9219,9,0.1869,0.2833,0.5381,8,67.17,8.9933,14.1119
1,34378665.88,666,11,68,0,1,29.48,12823303.26,0.7902,1.0323,0,0.0,0.3449,0.4676,6,37.3,4.9126,29.7772
1,40076875.0,997,13,99,0,1,53.69,18896319.47,1.1387,1.0314,0,0.0,0.3912,0.5709,17,47.15,3.1582,-20.0
2,646611760.63,293,96,39,0,1,74.14,548032274.61,0.8747,1.0027,1,0.0187,0.124,0.5978,7,84.75,10.5911,71.9557
0,27911667.95,68,9,10,0,1,62.96,17001711.14,1.0335,0.7659,2,0.2277,0.4107,0.4413,1,60.91,62.9553,31.7012
1,57857919.0,1147,19,114,0,1,85.83,39078045.16,1.2708,1.1511,0,0.0,0.4469,0.5124,32,67.54,2.6823,-20.0
0,14982464.8,120,13,17,0,1,74.47,12686082.28,0.8796,0.7541,6,0.3651,0.3725,0.4665,2,84.67,37.2371,43.7537
2,801348397.1,744,153,94,1,1,31.49,210732558.34,1.1975,0.7975,37,0.3977,0.12,0.523,7,26.3,4.4987,41.757
1,37214400.0,1096,12,112,0,1,66.31,26001008.99,0.9491,0.8848,0,0.0,0.3627,0.4761,24,69.87,2.7629,21.2362
0,28708312.35,69,10,11,0,0,61.54,18152196.35,0.9732,0.8938,2,0.2264,0.2947,0.6405,1,63.23,61.5367,13.3431
0,23821163.66,77,8,14,2,1,81.9,15829462.52,1.2325,0.7674,3,0.2326,0.3633,0.4032,2,66.45,40.949,-1.4104
1,287649031.79,2032,95,204,0,1,42.04,273304525.67,0.4424,0.8084,59,0.2875,0.3266,0.5875,28,95.01,1.5013,89.9158
1,62189627.0,1271,20,127,0,1,72.66,43317235.89,1.0432,0.9869,0,0.0,0.3273,0.5152,30,69.65,2.4221,1.0136
1,141860266.94,372,43,45,0,1,90.89,102698164.01,1.2555,0.923,7,0.1617,0.3054,0.4426,11,72.39,8.2626,9.7205
1,78408544.3,3062,26,305,0,1,69.18,93734969.45,0.5787,0.8375,61,0.2002,0.2237,0.4242,70,119.55,0.9883,79.8898
1,60483099.92,377,30,48,1,1,61.42,40342516.97,0.9209,0.7491,2,0.0445,0.3768,0.4356,7,66.7,8.7748,26.6484
1,134513148.64,1097,44,107,0,1,44.33,88613665.42,0.673,0.8116,34,0.3209,0.3823,0.4306,16,65.88,2.7708,34.0471
2,68149459.15,1208,20,119,0,1,46.58,65005476.7,0.4883,0.5264,61,0.5119,0.2469,0.5697,18,95.39,2.5878,160.8432
0,8932789.85,120,10,19,1,1,70.99,4984600.03,1.2722,1.0372,7,0.3868,0.4235,0.4636,2,55.8,35.4954,-10.8759
2,34733561.94,2283,20,228,0,1,44.55,36219083.28,0.4272,0.363,148,0.65,0.321,0.5168,33,104.28,1.3499,156.2207
1,30188936.89,1161,10,115,0,1,83.54,29565272.56,0.853,0.8638,15,0.1334,0.2806,0.5857,32,97.93,2.6105,30.3989
2,799918481.33,738,107,96,1,1,52.37,409422286.84,1.0232,1.0935,28,0.2898,0.302,0.4666,12,51.18,4.3642,32.6968
1,39877308.37,2516,13,249,0,1,31.05,16961079.75,0.7301,0.9125,0,0.0,0.2856,0.5363,26,42.53,1.1943,49.2438
0,25719147.26,110,11,15,0,0,25.19,5424789.5,1.1943,0.8439,5,0.3647,0.2782,0.4636,1,21.09,25.1897,10.2649
1,174162502.4,2650,58,266,0,1,39.47,90394939.01,0.7604,0.9939,0,0.0,0.2704,0.5099,34,51.9,1.1608,8.3843
0,29408614.28,108,14,10,2,0,50.99,17250568.09,0.8693,1.0963,2,0.2188,0.3327,0.4325,1,58.66,50.9907,30.617
0,106288110.47,1014,70,101,0,1,30.73,49252081.85,0.6632,1.0112,0,0.0,0.419,0.4469,10,46.34,3.0732,25.3082
0,106288110.47,1014,70,101,0,1,31.82,51336489.01,0.6588,1.0198,0,0.0,0.3705,0.4047,10,48.3,3.182,25.3082
1,169363842.86,594,54,75,2,1,83.3,138068112.97,1.0218,0.5625,12,0.1617,0.3333,0.537,16,81.52,5.2062,51.9969
2,28423371.0,1855,20,189,1,1,45.38,14958141.61,0.8622,0.9172,47,0.2473,0.2691,0.5432,28,52.63,1.6206,30.6183
1,155071022.29,1405,51,143,0,1,87.29,298398313.82,0.4536,0.544,76,0.5327,0.1956,0.5012,40,192.43,2.1821,125.4427
0,33860684.62,1367,22,137,0,1,69.6,19080676.1,1.2352,1.0791,0,0.0,0.2827,0.2742,31,56.35,2.2453,-18.4458
2,29034338.46,1127,20,114,1,1,57.31,17100288.61,0.973,1.1653,0,0.0,0.2883,0.4284,21,58.9,2.7288,-9.2806
1,133020460.67,436,23,53,0,1,40.94,44740228.37,1.2172,0.4799,13,0.2374,0.2062,0.6233,5,33.63,8.1881,40.8074
2,28062983.26,2345,20,237,1,1,54.31,43547204.37,0.35,0.5996,120,0.506,0.2397,0.4917,42,155.18,1.2931,168.2839
2,85683866.82,2699,20,268,1,1,85.88,136707654.39,0.5383,0.7926,78,0.2921,0.3019,0.5999,77,159.55,1.1153,77.7224
0,2694735.91,161,11,21,1,0,48.84,2484831.5,0.5296,0.9856,7,0.3184,0.298,0.4573,2,92.21,24.4185,104.3999
2,181315162.91,351,59,46,0,1,29.09,52704827.3,1.0007,0.8239,5,0.1172,0.1776,0.6112,3,29.07,9.696,55.1233
2,411940760.43,799,91,100,1,1,56.18,410866002.96,0.5633,1.1002,22,0.2191,0.2192,0.5044,14,99.74,4.0129,127.1042
1,39200077.17,2120,13,211,0,1,58.43,26757687.61,0.8561,0.9051,27,0.1296,0.2329,0.5071,41,68.26,1.4252,34.2498
2,27913021.0,723,20,71,0,1,31.48,8245191.07,1.0656,1.1864,0,0.0,0.2061,0.471,7,29.54,4.4965,-20.0
2,693842862.86,585,44,70,1,1,40.38,253537473.16,1.105,0.9626,35,0.5027,0.2413,0.5643,7,36.54,5.7685,50.0717
0,10914814.3,95,11,11,0,1,32.9,4112254.75,0.8732,0.7455,5,0.4848,0.4132,0.3812,1,37.68,32.897,59.5233
1,233375733.0,3366,77,340,0,1,41.36,93081745.93,1.037,0.8849,47,0.1373,0.3066,0.6712,46,39.88,0.8992,0.3187
2,21646598.51,662,96,84,0,1,49.54,9681272.79,1.1078,0.9196,19,0.2303,0.1769,0.5592,10,44.72,4.9544,32.8269
1,55994835.81,3382,18,341,0,1,46.3,27270635.67,0.9506,0.9495,3,0.0076,0.2118,0.5157,52,48.7,0.8903,7.6182
1,57342125.87,2432,19,242,2,1,84.85,77993442.67,0.6238,0.7735,83,0.3442,0.4024,0.6399,68,136.01,1.2478,71.8431
1,124730915.04,2198,41,221,0,1,69.68,70939048.39,1.2251,1.1101,0,0.0,0.3684,0.4999,51,56.87,1.3662,-17.0084
2,678767482.17,631,80,83,1,1,84.07,494600472.06,1.1538,1.0933,6,0.0667,0.3441,0.5909,17,72.87,4.9454,28.406
1,157041071.0,1824,52,185,0,1,49.21,106925790.22,0.7227,0.8923,27,0.1462,0.2326,0.5537,29,68.09,1.6968,50.1013
2,33175738.0,1110,20,114,0,1,39.36,13333037.91,0.9794,0.9592,11,0.0932,0.2741,0.5475,14,40.19,2.8116,15.9539
0,18879609.19,166,10,22,1,0,58.5,9346832.12,1.1816,1.0341,4,0.1673,0.3644,0.4429,3,49.51,19.5001,-6.0993
1,152508647.25,209,34,26,0,1,61.3,93153740.63,1.0037,1.0824,2,0.0904,0.2689,0.5189,4,61.08,15.3262,17.0549
0,13996273.33,81,11,14,2,0,45.33,8752144.69,0.7249,0.8124,3,0.209,0.3788,0.4003,1,62.53,45.3277,60.8092
1,153358549.0,2052,51,204,0,1,86.59,188363618.65,0.705,0.9552,24,0.1165,0.2052,0.5313,59,122.83,1.4676,48.2958
2,391524890.37,254,57,29,0,1,49.41,228841762.0,0.8453,0.7747,7,0.2329,0.2472,0.5692,4,58.45,12.3519,76.5592
1,128677396.87,264,27,30,0,1,66.76,83444117.21,1.0295,0.9768,6,0.2034,0.4044,0.4168,5,64.85,13.3526,15.6937
1,164427575.11,473,30,64,1,1,57.52,115250869.18,0.8207,0.883,4,0.0616,0.3022,0.5659,9,70.09,6.3914,48.551
1,169684291.06,161,36,23,0,1,71.69,124118582.38,0.9801,0.9484,6,0.2557,0.3104,0.4148,3,73.15,23.898,29.2938
2,69129080.1,969,20,96,2,1,39.48,32880824.18,0.83,0.9475,4,0.0451,0.249,0.5472,12,47.56,3.29,19.5936
1,43686267.0,1997,14,198,0,1,27.27,15449971.39,0.7712,0.8377,73,0.3703,0.2154,0.4591,18,35.37,1.5152,32.1201
0,7638625.36,145,11,20,2,0,90.75,11361200.51,0.6101,0.991,3,0.1333,0.4185,0.4036,4,148.73,22.6863,61.0878
2,102377801.57,360,111,50,2,1,48.77,49707290.92,1.0045,0.8546,22,0.4415,0.133,0.5892,5,48.55,9.7544,60.2726
1,99933050.17,345,40,46,0,1,55.43,44613905.16,1.2417,0.8706,9,0.1882,0.2558,0.5107,6,44.64,9.2387,12.5202
1,114283886.67,2168,38,214,2,1,71.27,98968312.58,0.823,0.8983,29,0.1349,0.3455,0.5092,51,86.6,1.3975,32.3928
1,45312359.52,2300,15,228,0,1,72.11,35326773.78,0.925,0.9889,0,0.0,0.2758,0.4475,55,77.96,1.3112,-0.6208
0,36818547.29,2439,24,244,0,1,49.18,31636871.8,0.5723,1.0473,0,0.0,0.3382,0.4354,39,85.93,1.261,42.4019
0,129139373.89,1536,86,157,0,1,84.1,91064366.32,1.1926,1.0375,0,0.0,0.3415,0.4547,43,70.52,1.9558,-13.7047
1,44711234.0,1678,14,165,0,1,81.12,46897308.07,0.7734,0.8951,21,0.1253,0.2859,0.4219,45,104.89,1.8028,31.6695
1,153358549.0,2052,51,204,0,1,58.25,155300285.1,0.5752,1.0014,0,0.0,0.181,0.5865,39,101.27,1.4936,48.2958
0,41684748.05,1045,27,104,0,1,46.88,22311186.0,0.876,0.9682,5,0.0435,0.3626,0.3973,16,53.52,2.9303,34.0794
2,175268932.5,1850,35,189,1,1,29.78,69211171.98,0.7541,0.8783,31,0.164,0.1936,0.513,18,39.49,1.6543,78.346
0,24485887.44,30,11,5,1,1,69.21,18987806.32,0.8925,0.9479,1,0.1166,0.3997,0.4329,1,77.55,69.2065,31.4793
2,427689181.53,424,67,57,0,1,50.54,176360233.02,1.2257,1.0292,7,0.1211,0.2596,0.5546,7,41.24,7.2204,25.9429
2,372205182.79,261,66,30,0,1,51.31,165106868.61,1.1567,0.9577,6,0.205,0.2489,0.637,4,44.36,12.8273,31.2472
1,135201167.34,2771,45,281,0,1,80.39,147072744.52,0.739,0.8317,72,0.2557,0.3379,0.5336,74,108.78,1.0864,27.3844
0,38429688.42,944,25,95,0,1,26.52,14374405.57,0.7091,0.7405,35,0.3686,0.4078,0.3245,8,37.4,3.3155,23.013
2,257957019.69,533,77,69,2,1,38.78,104356631.0,0.9585,0.822,6,0.0875,0.1483,0.6375,6,40.46,6.4625,28.9731
2,100799970.91,418,87,56,0,1,48.79,57203053.09,0.8598,1.0737,14,0.244,0.2821,0.6459,6,56.75,8.1321,61.7648
2,63265395.09,1191,20,119,0,1,37.66,68072417.81,0.35,0.6437,59,0.4945,0.3042,0.5848,14,107.6,2.69,126.3081
2,28567647.7,869,20,86,0,1,72.29,31506960.28,0.6554,0.8031,18,0.2054,0.2544,0.6974,20,110.29,3.6144,70.3967
1,7050282.85,561,55,69,2,1,71.79,5435283.55,0.9312,0.8067,23,0.3315,0.1912,0.5146,13,77.09,5.5225,66.0198
1,365959470.37,2153,121,218,0,1,51.3,279529449.08,0.6716,0.5782,109,0.5011,0.1988,0.4422,36,76.38,1.4251,73.7525
1,35780935.06,902,11,93,1,1,76.44,21770884.09,1.2563,1.1157,0,0.0,0.3668,0.5689,22,60.84,3.4745,-20.0
0,14050966.0,144,9,21,2,0,85.64,10347770.5,1.1629,0.6841,3,0.1536,0.3549,0.6444,4,73.64,21.4102,-8.039
0,8376560.56,197,11,22,0,0,49.89,6955005.22,0.6009,1.0525,7,0.3271,0.4394,0.4403,3,83.03,16.6301,89.4912
0,11411403.35,197,6,26,1,0,44.24,4298593.62,1.1744,1.0546,8,0.3193,0.3305,0.459,2,37.67,22.1203,-16.6113
2,29229446.58,523,20,52,1,1,47.89,17718642.96,0.79,0.8327,14,0.2612,0.2685,0.6417,8,60.62,5.9859,38.5691
1,62888864.87,1103,20,114,0,1,69.09,80958774.04,0.5367,0.7953,41,0.3637,0.4214,0.443,25,128.73,2.7635,68.7043
2,245921992.81,885,99,113,1,1,38.0,79477311.59,1.1758,0.9277,31,0.2745,0.2503,0.5668,11,32.32,3.4544,21.3346
1,405028868.38,2128,135,213,2,1,68.71,315099053.28,0.8832,0.8917,38,0.1807,0.3651,0.5257,48,77.8,1.4315,17.0473
1,57342125.87,2432,19,242,2,1,33.91,33749149.69,0.5761,0.8608,66,0.2742,0.3221,0.6382,27,58.86,1.2558,71.8431
1,226047070.65,1289,75,128,0,1,82.11,153953050.43,1.2056,1.1233,0,0.0,0.2399,0.6179,35,68.11,2.346,-14.8376
0,10299926.6,129,10,15,2,0,44.45,3681041.89,1.2436,0.7593,3,0.2143,0.312,0.434,1,35.74,44.4455,-4.7791
0,33860684.62,1367,22,137,0,1,29.1,8604207.56,1.1453,0.832,33,0.2437,0.2961,0.4982,13,25.41,2.2387,-18.4458
1,66829941.43,1206,22,123,2,1,44.74,28376753.93,1.0536,0.8546,23,0.1851,0.2662,0.4526,17,42.46,2.6315,2.0658
0,3888766.56,52,10,5,2,0,65.33,2312128.68,1.0987,0.6147,0,0.036,0.409,0.538,1,59.46,65.327,3.047
0,2683341.78,99,8,14,1,0,64.68,1872503.71,0.9269,0.9231,2,0.11,0.2274,0.4379,2,69.78,32.3394,24.2357
1,27589756.89,918,10,94,0,1,72.08,29504261.21,0.6741,0.7467,23,0.2457,0.3477,0.4006,22,106.94,3.2765,68.9528
1,161354193.46,517,24,62,0,1,78.65,109665797.46,1.1572,1.0999,25,0.4003,0.273,0.6341,13,67.97,6.0501,28.0547
1,205916462.35,1236,68,124,0,1,76.64,287560392.65,0.5488,0.882,14,0.1135,0.3216,0.4027,31,139.65,2.4723,60.9899
1,39454595.81,805,13,81,0,1,73.46,35404328.14,0.8186,0.799,12,0.1519,0.2999,0.6379,19,89.73,3.8663,21.8778
0,19456891.78,141,13,17,0,0,35.72,8301107.87,0.8373,0.9379,5,0.2652,0.4675,0.4262,1,42.66,35.724,29.9296
2,675909496.22,264,94,34,0,1,67.01,410193215.21,1.1042,0.7725,11,0.3141,0.2278,0.5452,5,60.69,13.4021,49.1202
0,6044509.53,42,9,5,0,1,60.6,3623090.96,1.0111,0.9898,1,0.2586,0.3664,0.4763,1,59.94,60.6035,17.0376
0,24471895.52,164,8,24,1,0,75.35,20600021.84,0.8951,1.0212,4,0.1531,0.3599,0.4269,4,84.18,18.8372,20.6866
0,24721516.43,98,7,9,1,0,44.18,10247825.76,1.0658,1.0062,3,0.2848,0.4151,0.41,1,41.45,44.1822,14.7025
1,27467171.94,98,57,14,1,1,76.81,27255847.23,0.7741,0.8805,3,0.1976,0.1728,0.5754,2,99.23,38.4066,63.9165
1,33666330.0,1338,11,131,0,1,81.15,37785622.2,0.723,0.9376,20,0.1551,0.3828,0.5371,36,112.24,2.254,32.6585
2,728212837.12,175,68,19,1,1,52.42,347199045.86,1.0994,1.1694,4,0.2223,0.4027,0.6307,3,47.68,17.4724,27.5627
1,49293483.27,2024,16,205,0,1,86.17,63804548.23,0.6657,0.8561,26,0.1282,0.3594,0.5817,58,129.44,1.4856,56.3249
2,427018382.93,837,99,102,2,1,84.38,335311320.61,1.0746,0.8451,31,0.3058,0.2696,0.6066,23,78.52,3.6688,53.3476
1,228824960.57,2261,76,227,0,1,65.3,160419173.83,0.9315,0.9523,35,0.154,0.3605,0.482,49,70.11,1.3327,12.5888
1,321962568.0,1663,107,167,0,1,34.0,77499541.58,1.4126,0.9524,16,0.0971,0.3192,0.4392,18,24.07,1.889,-20.0
1,22526133.09,217,27,28,2,1,51.93,16390360.75,0.7137,0.6883,6,0.2316,0.2172,0.5005,3,72.76,17.3103,80.1023
2,102317760.02,180,49,26,0,1,48.36,46008498.12,1.0755,0.9155,3,0.1109,0.25,0.6109,2,44.97,24.1797,22.4848
1,90904753.36,389,34,45,0,1,40.49,31454845.24,1.1703,1.0012,5,0.1216,0.278,0.4431,5,34.6,8.0987,24.0279
2,29114436.8,623,20,60,0,1,77.74,41506898.83,0.5453,0.7555,22,0.3633,0.2475,0.5815,16,142.56,4.8589,85.4808
0,14548824.57,170,3,22,1,0,75.93,11594285.93,0.9528,0.7602,5,0.2218,0.3401,0.4273,4,79.69,18.9828,15.6668
0,12341840.91,43,10,6,1,0,35.9,5616716.07,0.7889,0.5171,1,0.2264,0.4008,0.4775,1,45.51,35.9025,38.8511
2,571869435.74,585,91,74,0,1,40.72,246367900.27,0.9452,0.8732,22,0.2974,0.1987,0.72,7,43.08,5.8172,49.0536
2,912200056.16,792,52,101,0,1,41.9,409297143.99,0.9339,0.741,6,0.0604,0.247,0.5008,11,44.87,3.8094,44.8164
1,5491032.69,401,22,53,2,1,91.66,4907025.33,1.0257,0.9304,6,0.1198,0.3321,0.5526,12,89.36,7.6383,39.681
0,3498796.94,44,14,5,0,0,43.58,1995644.22,0.7641,1.238,2,0.4769,0.4006,0.3048,1,57.04,43.5846,50.7748
0,16293248.89,102,7,16,0,0,27.81,3866427.56,1.1721,0.9586,5,0.3217,0.3293,0.3347,1,23.73,27.8147,-2.1514
1,50324602.61,313,36,36,0,1,34.96,17745851.76,0.9914,0.9628,13,0.3638,0.4005,0.5429,3,35.26,11.6535,47.7023
2,180004084.15,229,144,30,0,1,28.03,49705564.1,1.0151,0.9368,7,0.2379,0.3378,0.4956,2,27.61,14.0146,42.889
2,28423371.0,1855,20,189,1,1,79.24,29215843.18,0.7709,0.8857,27,0.1435,0.203,0.5508,48,102.79,1.6508,30.6183
2,589403435.59,868,104,108,1,1,42.25,184880669.04,1.3471,0.6639,27,0.2535,0.3224,0.5718,12,31.37,3.5212,37.863
1,54371225.17,517,35,67,0,1,73.96,52578084.74,0.7649,0.9128,18,0.2681,0.2427,0.6564,12,96.7,6.1636,46.7183
2,30031973.11,1072,20,105,2,1,49.34,16155868.68,0.9171,0.8932,13,0.1284,0.183,0.6218,17,53.8,2.9021,7.7451
2,431081049.6,316,101,43,0,1,52.92,211727293.8,1.0775,1.1793,3,0.0716,0.2869,0.5408,5,49.12,10.5842,27.1514
1,54418716.0,1092,18,110,0,1,63.8,45858483.56,0.757,0.9685,5,0.045,0.4029,0.4839,23,84.27,2.7737,16.0301
2,124047561.4,1686,24,166,0,1,25.79,34360727.33,0.9311,0.9314,3,0.0165,0.3087,0.5555,14,27.7,1.8422,0.0343
1,36683848.0,1245,12,128,0,1,79.66,37102323.71,0.7876,0.9708,1,0.005,0.251,0.5108,33,101.14,2.414,12.5592
2,866925973.1,362,134,45,2,1,42.6,510768890.35,0.7231,0.9653,4,0.0903,0.238,0.469,5,58.92,8.5206,72.927
2,304825061.38,874,131,107,0,1,29.75,75400878.1,1.2029,0.7088,34,0.3223,0.2674,0.5431,8,24.74,3.7194,42.2103
0,13364520.36,197,10,29,0,1,41.23,7742611.91,0.7117,1.1628,1,0.0464,0.3568,0.3519,2,57.93,20.6166,53.2561
1,45105510.6,2561,15,254,0,1,68.43,24368345.2,1.2666,1.0283,0,0.0,0.3445,0.5573,58,54.03,1.1798,-20.0
0,24211695.57,172,8,23,0,1,80.68,29000500.07,0.6736,1.2349,5,0.196,0.4235,0.437,4,119.78,20.1693,65.2719
2,863296388.81,279,96,37,2,1,26.51,260680865.99,0.878,1.0989,4,0.1131,0.2979,0.6333,2,30.2,13.2554,77.752
1,212588735.23,1397,70,141,0,1,35.95,69478773.04,1.0999,1.082,0,0.0,0.3176,0.3888,16,32.68,2.2467,-20.0
1,52835280.56,1935,17,192,0,1,32.48,22492807.51,0.7629,1.0728,0,0.0,0.3189,0.4775,20,42.57,1.6239,23.8186
2,504101166.63,318,116,38,0,1,26.25,144774158.72,0.9141,0.6147,12,0.3057,0.2441,0.6231,2,28.72,13.126,65.7412
1,59960875.4,1675,19,169,0,1,50.51,41352331.05,0.7324,0.9189,27,0.1607,0.2585,0.4522,28,68.97,1.8039,40.2463
1,29416594.77,938,10,92,0,1,42.62,24275924.16,0.5165,0.8629,16,0.1756,0.375,0.5355,13,82.52,3.2786,80.5274
1,28563369.98,474,32,56,1,1,90.71,22896337.63,1.1316,1.2199,14,0.2527,0.3106,0.3864,14,80.16,6.479,21.2054
1,1203582245.0,908,401,94,2,1,42.91,676553834.65,0.7634,1.0816,0,0.0,0.2398,0.6912,12,56.21,3.5759,22.9515
2,521302534.69,655,97,86,1,1,64.49,493468803.28,0.6813,0.4546,35,0.4037,0.2106,0.6308,14,94.66,4.6063,117.815
1,148960076.76,423,43,54,0,1,49.68,99431387.82,0.7442,1.0793,3,0.053,0.289,0.3733,7,66.75,7.0969,46.6273
1,148438198.98,345,31,45,2,1,76.58,91564017.48,1.2414,0.4497,14,0.3056,0.395,0.4675,8,61.68,9.572,27.7565
2,47414008.19,816,20,80,0,1,56.36,38982843.58,0.6854,0.637,35,0.4386,0.2467,0.5661,15,82.22,3.757,63.605
2,110709117.0,1289,22,128,0,1,48.8,82654673.37,0.6536,0.7768,43,0.3367,0.1443,0.6104,20,74.66,2.4399,75.5138
0,89832525.66,2931,59,293,0,1,52.82,48321069.73,0.982,1.0055,0,0.0,0.3918,0.5155,51,53.79,1.0358,5.8751
1,65089548.3,498,38,61,0,1,50.88,25563236.8,1.2955,0.9885,13,0.2164,0.2601,0.6686,8,39.27,6.3602,13.6012
1,55328989.8,1829,18,180,0,1,48.92,32173131.98,0.8413,0.9347,17,0.0936,0.2579,0.5307,29,58.15,1.6869,15.6391
1,26771969.78,312,40,38,2,1,49.17,9761546.45,1.3484,0.8495,9,0.2287,0.381,0.5885,5,36.46,9.8331,5.6537
2,223483615.61,548,68,67,0,1,58.73,187811107.24,0.6989,0.5848,15,0.2284,0.2932,0.4684,10,84.04,5.8731,89.8935
1,145815855.01,2958,48,293,1,1,54.04,120418173.85,0.6543,0.8951,14,0.0491,0.2731,0.6057,53,82.58,1.0195,51.6452
1,36371031.53,759,12,73,1,1,62.19,31207749.93,0.7248,0.9431,7,0.0978,0.2594,0.4878,15,85.8,4.146,40.5574
1,70637339.0,992,23,101,2,1,64.16,88733219.17,0.5108,0.7829,23,0.2312,0.2216,0.495,21,125.62,3.0552,89.4732
0,9451654.8,52,11,11,2,0,80.89,6997379.47,1.0926,1.0612,3,0.2768,0.3448,0.4354,1,74.03,80.8891,-9.8538
1,134907932.03,294,32,36,1,1,28.72,41605370.47,0.9313,1.0814,2,0.0606,0.314,0.3311,2,30.84,14.3602,30.3128
1,134207483.65,1684,44,170,0,1,56.63,84831480.47,0.896,1.0357,0,0.0,0.2975,0.5063,31,63.21,1.8269,26.7351
1,287649031.79,2032,95,204,0,1,82.32,446120441.77,0.5308,0.7022,63,0.3104,0.4009,0.621,55,155.09,1.4967,89.9158
1,64045648.47,431,33,53,0,1,63.46,101605976.93,0.4,0.7991,13,0.2467,0.2442,0.4605,9,158.65,7.0509,176.8692
2,507618021.13,866,92,105,0,1,74.67,392799092.03,0.965,1.2364,19,0.1807,0.2708,0.4939,21,77.38,3.5557,49.6025
1,30101189.0,1036,10,101,0,1,42.79,10379390.13,1.241,1.151,0,0.0,0.3238,0.3753,14,34.48,3.0564,-16.1568
1,65294183.85,1022,21,103,0,1,55.76,40946470.56,0.8892,0.9209,21,0.1992,0.3625,0.4905,18,62.71,3.098,3.0064
1,39497706.65,825,13,85,0,1,83.12,35592106.96,0.9225,0.9107,13,0.1561,0.2986,0.5197,22,90.11,3.7784,10.2831
2,40235169.13,565,20,54,1,1,82.29,26328673.96,1.2575,1.0456,0,0.0,0.2996,0.5111,15,65.44,5.486,-20.0
1,327392296.61,1702,109,168,0,1,26.98,101217576.16,0.8728,0.7841,23,0.136,0.3967,0.6785,15,30.92,1.7989,36.412
2,86088267.01,194,73,28,0,1,75.62,59778003.33,1.0891,0.8308,10,0.3438,0.3578,0.538,4,69.44,18.9055,56.7397
1,43721655.0,1148,14,117,0,1,90.23,32606583.64,1.2099,1.068,0,0.0,0.2488,0.5251,34,74.58,2.6539,-20.0
2,640174211.26,405,146,55,0,1,41.96,198529411.01,1.3529,0.769,13,0.2304,0.282,0.5211,5,31.01,8.3914,27.0139
1,161837909.8,412,33,51,0,1,40.16,68466726.03,0.9493,1.0637,9,0.1742,0.342,0.2935,5,42.31,8.032,38.8925
2,608181590.78,790,79,95,2,1,30.24,256757170.97,0.7162,0.8219,51,0.541,0.2939,0.5431,7,42.22,4.3194,103.868
1,50812794.74,1020,16,103,1,1,89.83,55069355.66,0.8288,0.9295,1,0.014,0.3928,0.5053,30,108.38,2.9942,23.3772
1,172442086.62,403,40,50,2,1,78.87,146050780.54,0.9312,0.7477,12,0.2467,0.3192,0.538,10,84.7,7.8867,66.6186
1,198928189.65,294,35,41,1,1,34.24,102665287.75,0.6635,0.9099,14,0.3377,0.2826,0.3482,3,51.61,11.4142,103.0719
1,143927551.18,203,7,23,2,1,69.96,100847302.94,0.9985,1.0611,7,0.2975,0.3421,0.4767,4,70.07,17.491,38.0314
1,47573132.94,205,11,27,1,1,68.04,28284262.43,1.1445,0.8709,5,0.1888,0.2257,0.4825,4,59.45,17.011,16.9235
2,41115000.0,1447,20,142,1,1,36.93,36887077.99,0.4116,0.761,42,0.2925,0.3062,0.5375,17,89.72,2.1723,100.4836
2,34801112.98,1070,20,107,0,1,25.67,14232813.54,0.6278,0.9584,17,0.163,0.3176,0.4659,9,40.9,2.8528,47.2886
1,60846234.61,126,48,18,0,1,87.43,43009949.73,1.2369,0.7437,5,0.2568,0.2851,0.3797,3,70.69,29.1437,39.1194
1,88612050.76,352,33,44,1,1,49.7,36016198.3,1.2228,0.722,11,0.2514,0.3451,0.3259,5,40.64,9.9404,34.2341
1,55328989.8,1829,18,180,0,1,53.77,30257178.41,0.9832,0.8459,24,0.1326,0.271,0.4694,32,54.69,1.6803,15.6391
1,125129830.04,2468,41,247,0,1,28.86,50168717.74,0.7198,0.8792,30,0.1198,0.3472,0.5683,23,40.09,1.2548,21.1244
2,204234493.13,798,55,102,0,1,90.97,138596404.39,1.3405,1.0561,19,0.1855,0.1512,0.5832,24,67.86,3.7902,17.4611
1,164172178.16,434,54,52,1,1,86.83,161027917.01,0.8852,0.6399,4,0.081,0.2778,0.6106,12,98.08,7.2357,44.6654
1,104801133.94,417,42,50,0,1,52.81,58410900.81,0.9475,1.1605,7,0.1312,0.3315,0.4111,7,55.73,7.5438,30.3994
2,159907450.6,2860,31,289,1,1,33.3,99795501.65,0.5335,0.6118,147,0.5072,0.2448,0.5308,31,62.41,1.0741,106.5668
2,743518964.9,672,124,88,1,1,78.45,508935914.07,1.1462,1.0862,43,0.4913,0.1983,0.4799,17,68.45,4.6149,24.002
1,28878723.95,1726,10,173,0,1,59.65,17181765.85,1.0025,0.8916,49,0.2805,0.3043,0.5349,34,59.5,1.7543,-0.8987
2,573903813.3,736,71,94,0,1,67.27,325050229.51,1.1878,0.8807,25,0.2683,0.2116,0.5915,16,56.64,4.2046,42.5981
1,54116376.6,2527,18,252,2,1,54.59,41513818.62,0.7116,0.9501,0,0.0,0.374,0.4331,45,76.71,1.2131,24.2279
2,34126688.76,833,20,87,0,1,34.23,23647284.72,0.494,0.7047,36,0.4099,0.1914,0.4348,9,69.29,3.8034,112.8235
2,382513391.98,525,53,67,1,1,76.39,256263575.16,1.1403,0.9952,29,0.427,0.2613,0.4912,13,66.99,5.8762,57.5732
2,80695124.82,2274,20,230,1,1,55.07,94230403.13,0.4716,0.6827,94,0.4072,0.3106,0.5287,41,116.77,1.3432,125.782
0,17236048.18,167,12,18,0,0,27.18,6152733.15,0.7614,0.9947,0,0.0239,0.1834,0.5742,1,35.7,27.1778,21.8156
2,616673395.49,778,88,94,0,1,40.47,206659549.92,1.2077,0.9477,29,0.306,0.1919,0.5475,10,33.51,4.0471,27.7791
2,225869671.82,161,106,22,1,1,34.9,70203118.18,1.1228,1.0265,8,0.3814,0.2568,0.5085,1,31.08,34.8986,46.2188
2,30562195.47,881,20,92,0,1,44.57,18185552.73,0.7491,0.6771,37,0.4028,0.3779,0.5786,13,59.5,3.4287,66.5754
1,127346011.11,294,28,38,1,1,82.22,132016689.88,0.7931,1.0803,3,0.0768,0.1988,0.4064,8,103.67,10.2779,38.4275
1,164043024.26,154,33,17,1,1,58.58,108964755.06,0.882,0.8571,9,0.5365,0.1893,0.5555,3,66.42,19.5282,64.485
1,176266894.05,367,53,42,0,1,63.36,103183249.43,1.0824,0.8437,13,0.3007,0.334,0.6041,7,58.54,9.0518,37.9893
2,926450562.28,873,67,109,0,1,86.26,678189220.6,1.1783,0.9606,5,0.0493,0.1831,0.528,25,73.2,3.4502,28.1547
2,63265395.09,1191,20,119,0,1,39.68,51085227.31,0.4914,0.5293,72,0.6056,0.1596,0.4098,15,80.75,2.6454,126.3081
1,121122295.67,2445,40,243,0,1,49.41,83190183.84,0.7194,0.814,55,0.2251,0.3136,0.5227,40,68.68,1.2353,34.5428
1,345290949.0,1906,115,189,0,1,81.58,266530713.18,1.0569,1.0531,0,0.0,0.2131,0.4952,51,77.19,1.5996,-8.2988
2,385302883.51,219,78,27,1,1,37.73,183978381.61,0.7901,0.9244,2,0.0607,0.244,0.4427,2,47.75,18.8628,67.5794
1,30445082.78,552,37,72,1,1,91.32,32895469.49,0.8452,1.1104,6,0.0898,0.348,0.422,16,108.05,5.7075,46.2468
1,46237336.47,1946,15,195,0,1,28.7,23530018.06,0.564,0.8589,23,0.1166,0.2934,0.5762,18,50.89,1.5945,64.7592
1,50812794.74,1020,16,103,1,1,73.12,47362991.62,0.7844,0.9306,3,0.0298,0.3989,0.6568,24,93.21,3.0465,23.3772
1,42170212.07,208,21,23,1,1,78.63,29969023.11,1.1064,1.2666,2,0.0809,0.3706,0.5323,5,71.07,15.7251,28.711
2,30562195.47,881,20,92,0,1,72.31,40000756.55,0.5525,0.7132,35,0.379,0.1657,0.5175,21,130.88,3.4434,66.5754
0,23105549.36,64,4,7,1,0,84.56,22221772.97,0.8792,0.7027,4,0.5412,0.2934,0.4137,1,96.18,84.5592,62.4825
2,29698621.5,1833,20,186,0,1,44.21,18867094.81,0.6959,0.9301,0,0.0022,0.236,0.4697,27,63.53,1.6373,26.1872
0,21569865.37,89,11,12,1,0,73.13,18976438.75,0.8313,0.7109,6,0.4612,0.2532,0.4131,2,87.98,36.5658,44.1095
2,264382625.8,699,114,87,2,1,91.44,305356876.01,0.7917,1.0343,50,0.5743,0.1409,0.4556,21,115.5,4.3544,91.8573
2,49708453.91,1460,20,150,0,0,87.41,52489279.55,0.8278,0.9402,14,0.0908,0.3166,0.569,42,105.59,2.0813,19.8838
1,52620114.59,569,17,59,2,1,55.22,38459209.76,0.7555,0.8923,12,0.2059,0.3552,0.5263,10,73.09,5.5222,41.5048
1,186828576.42,479,39,60,0,1,86.23,349685604.42,0.4607,0.9097,3,0.0516,0.14,0.3597,13,187.17,6.633,144.5053
1,29685080.22,1286,10,132,0,1,65.79,16388375.97,1.1917,0.9955,3,0.0194,0.3056,0.5324,28,55.21,2.3496,-18.9874
1,60706733.23,1456,20,146,0,1,80.36,46565371.07,1.0476,1.0323,0,0.0,0.2887,0.4499,39,76.71,2.0605,-2.602
2,37689772.53,814,20,81,2,1,86.74,46647093.82,0.7009,0.8549,12,0.1444,0.2337,0.5302,23,123.77,3.7714,38.4313
2,33964645.28,1306,20,132,2,1,77.63,22736942.44,1.1597,1.0195,1,0.0056,0.2692,0.592,33,66.94,2.3525,-20.0
1,198562205.0,1045,66,105,2,0,38.31,62694470.54,1.2132,1.2208,0,0.0,0.3338,0.508,13,31.57,2.9465,-20.0
2,36666729.63,810,20,81,0,1,32.71,15481149.1,0.7747,0.8964,10,0.1254,0.2039,0.5505,8,42.22,4.0885,19.0889
0,4652158.58,185,13,25,1,1,77.7,3141302.92,1.1507,0.744,7,0.2806,0.4539,0.3912,4,67.52,19.4257,14.6665
1,49565847.26,1974,16,198,2,1,39.33,30938506.45,0.6301,0.8969,33,0.1651,0.4057,0.5366,25,62.42,1.5731,65.4352
1,198439608.23,202,43,25,0,1,76.56,176584799.22,0.8603,0.9778,8,0.3255,0.2997,0.6764,5,88.99,15.3114,62.4778
1,121339324.92,331,35,42,0,1,36.47,54777845.1,0.8079,1.0649,16,0.3871,0.2818,0.6381,4,45.14,9.1177,46.6593
1,236537391.12,791,78,82,0,1,85.77,265333476.47,0.7647,0.8843,13,0.1535,0.2836,0.4764,22,112.17,3.8989,23.1593
0,14336268.98,198,10,26,1,1,61.78,6966014.41,1.2715,0.9394,3,0.1332,0.4493,0.3894,4,48.59,15.4452,8.1261
1,29638136.13,990,10,101,0,1,84.56,28774971.27,0.871,0.9762,13,0.1257,0.3332,0.4408,27,97.09,3.132,9.8317
1,185555771.62,1907,61,188,0,1,41.95,118962242.36,0.6544,0.7095,57,0.3019,0.3018,0.572,26,64.11,1.6136,52.54
0,25299824.45,89,4,14,1,0,61.46,18876846.27,0.8237,0.7609,5,0.3639,0.3355,0.376,1,74.61,61.4583,40.5855
2,442426843.72,168,58,18,2,1,35.9,130953712.23,1.213,0.8893,4,0.2046,0.283,0.531,2,29.6,17.9524,37.5205
1,194381525.08,593,27,72,0,1,47.27,115068570.65,0.7986,0.9464,12,0.1664,0.2936,0.5351,9,59.2,5.2526,52.85
1,37989274.04,1132,12,116,0,1,59.63,26563592.71,0.8528,1.0355,0,0.0,0.3385,0.6079,22,69.92,2.7106,12.4737
2,58886121.23,1600,20,163,1,1,78.46,88287822.66,0.5233,0.5935,90,0.552,0.3864,0.5644,41,149.93,1.9137,117.0736
0,27166041.46,194,6,26,0,0,91.98,19683162.34,1.2695,0.984,7,0.2694,0.456,0.4616,5,72.46,18.3959,0.7883
2,32584321.76,1050,20,105,0,1,44.64,25126260.73,0.5789,0.8689,17,0.1602,0.3546,0.4682,15,77.11,2.9759,27.0617
2,45584249.04,492,66,60,0,1,88.36,51634095.9,0.7801,1.0559,26,0.4299,0.351,0.525,14,113.27,6.3116,83.7038
1,70442438.37,215,39,29,2,1,55.62,37062963.19,1.0572,0.8357,10,0.3517,0.3118,0.5446,3,52.61,18.5405,33.8728
2,655993698.58,152,107,18,1,1,83.49,661906721.57,0.8275,0.8962,8,0.4202,0.3436,0.654,4,100.9,20.8737,81.341
0,22296595.49,134,5,21,0,0,68.31,15719645.38,0.9689,1.0767,11,0.5175,0.2746,0.5932,3,70.5,22.771,28.2054
0,25332768.47,152,6,23,2,0,90.43,44099173.34,0.5195,1.0873,4,0.1581,0.2592,0.2514,4,174.08,22.6075,113.355
0,13749887.11,74,11,9,1,0,25.38,3376756.09,1.0336,0.7324,1,0.1015,0.3297,0.3663,1,24.56,25.3844,26.2592
2,51017923.0,1090,20,108,0,1,58.1,29730129.81,0.9971,0.9669,0,0.0,0.3422,0.5244,21,58.27,2.7668,10.2094
1,119982745.63,427,47,50,0,1,27.97,34623453.18,0.9692,1.0717,4,0.0772,0.2788,0.5293,3,28.86,9.3226,9.8096
2,26498591.47,750,64,98,0,1,51.41,16653558.02,0.8181,0.7981,6,0.0625,0.3513,0.61,12,62.85,4.2845,69.5291
1,28025936.97,863,10,90,0,1,45.19,23639728.61,0.5357,0.9306,13,0.1461,0.2891,0.4678,12,84.35,3.7655,25.0061
1,47150887.49,779,15,77,2,1,37.68,26987099.48,0.6584,0.7078,32,0.4118,0.3372,0.596,9,57.24,4.1872,86.3842
2,37770706.5,1267,20,129,0,1,41.19,40355310.46,0.3855,0.6188,68,0.5292,0.324,0.4692,17,106.84,2.4231,109.7485
1,90552491.0,1064,30,108,0,1,78.09,85805805.38,0.8241,1.0381,0,0.0,0.258,0.4884,27,94.76,2.8923,11.3099
1,84389350.26,1789,28,182,0,1,67.04,78590744.74,0.7199,0.7746,71,0.3905,0.3326,0.72,39,93.13,1.7189,66.2745
1,626386701.0,1533,208,157,0,1,45.79,275439235.55,1.0414,1.021,0,0.0,0.3139,0.4611,23,43.97,1.991,-14.0048
1,29638136.13,990,10,101,0,1,69.86,24632053.51,0.8406,1.0402,0,0.0,0.1991,0.5246,23,83.11,3.0373,9.8317
0,24952673.22,125,8,16,1,1,89.46,19118527.22,1.1676,1.0344,1,0.0346,0.4166,0.4198,3,76.62,29.8206,-7.9504
0,29904679.17,188,9,25,0,0,88.79,25092060.57,1.0582,1.1052,4,0.1542,0.3785,0.5737,5,83.91,17.7582,2.9866
1,28618607.32,2086,10,211,0,1,60.6,28096758.8,0.6173,0.6661,83,0.3945,0.275,0.4123,42,98.18,1.4429,102.038
1,195042326.31,2099,65,212,0,1,77.41,150450875.66,1.0035,0.9356,20,0.0964,0.2571,0.5918,54,77.14,1.4335,-10.5095
0,49871630.28,917,33,94,1,1,26.46,12418159.3,1.0627,1.0884,0,0.0,0.3314,0.3769,8,24.9,3.3076,-5.5853
2,41646219.76,1211,20,123,0,1,89.32,45169250.09,0.8235,0.9826,0,0.0,0.3847,0.7067,36,108.46,2.4812,17.1045
1,29032930.83,822,10,83,2,1,59.22,12685327.85,1.3554,0.9776,5,0.0548,0.3063,0.5765,16,43.69,3.7014,-17.5735
1,157788690.8,110,35,15,2,1,66.78,87776945.73,1.2004,0.5069,8,0.5569,0.2805,0.5558,2,55.63,33.3883,42.2681
1,143499747.92,230,54,32,0,1,38.96,43418052.06,1.2876,0.8281,2,0.0536,0.2622,0.4495,2,30.26,19.4794,13.1333
1,38064000.0,984,12,101,0,1,70.37,35608105.49,0.7522,0.8649,28,0.2744,0.3036,0.5145,23,93.55,3.0594,20.6965
2,180191262.95,424,36,44,0,1,35.85,99348918.92,0.6502,0.9151,2,0.0371,0.2002,0.5602,5,55.14,7.17,62.8207
2,185706617.96,341,69,41,2,1,45.44,91854862.61,0.9187,0.9653,3,0.0631,0.2862,0.4718,5,49.46,9.0883,41.6342
1,125869844.95,411,39,55,0,1,33.82,47174737.36,0.9023,0.9458,6,0.1093,0.2826,0.5132,4,37.48,8.4546,48.1909
0,26028479.18,169,5,26,0,0,83.0,22345637.0,0.9668,0.6965,7,0.2545,0.4063,0.3946,4,85.85,20.7506,30.1679
1,47941450.51,538,27,70,1,1,64.42,30198941.01,1.0227,0.9764,21,0.2945,0.2894,0.5512,11,62.99,5.8565,44.7994
0,23353970.93,185,14,22,0,0,59.72,12826470.08,1.0873,1.0846,4,0.1766,0.4119,0.309,3,54.92,19.9052,-10.9998
2,64333552.05,1790,20,180,1,1,67.36,45054204.08,0.9618,1.0717,0,0.0,0.2543,0.468,40,70.03,1.684,8.3726
2,846794229.9,261,124,36,0,1,61.31,407231034.7,1.2748,0.7407,5,0.1433,0.2102,0.5979,5,48.09,12.2615,24.2579
2,889796179.65,292,132,38,1,1,90.81,809518097.79,0.9982,0.6485,8,0.2133,0.192,0.5435,8,90.98,11.3512,73.8471
1,119971024.91,551,24,71,0,1,67.43,68143334.51,1.1872,0.6571,8,0.109,0.1501,0.2945,12,56.8,5.6194,14.1276
1,84492369.85,239,45,29,2,1,34.07,65161251.07,0.4417,0.9649,8,0.26,0.4297,0.524,2,77.12,17.0328,155.8528
1,155837221.5,2922,51,291,0,1,43.11,86353914.19,0.778,0.8392,62,0.2131,0.2983,0.5135,41,55.41,1.0515,29.1944
2,28933566.07,760,20,80,2,1,48.39,11527026.88,1.2145,1.0059,0,0.0,0.2658,0.553,12,39.84,4.0322,-20.0
2,72055176.52,1978,20,201,0,1,25.29,32805905.44,0.5556,0.6727,81,0.404,0.284,0.5014,16,45.53,1.5809,53.0021
2,28680061.86,2090,20,210,0,1,59.27,33090473.59,0.5137,0.8062,61,0.2899,0.2029,0.5437,41,115.38,1.4457,61.0666
1,119182971.68,921,39,90,0,1,41.38,51286476.16,0.9616,0.8511,13,0.1476,0.2274,0.6632,12,43.03,3.4483,34.7694
1,29032930.83,822,10,83,2,1,25.23,6679770.46,1.0964,0.9831,0,0.0,0.2157,0.4647,6,23.01,4.2042,-17.5735
0,26369671.69,101,14,15,0,0,75.61,16306390.55,1.2226,0.7948,1,0.086,0.3007,0.403,2,61.84,37.8028,-8.0811
0,4346969.73,161,10,21,0,0,65.05,2573146.39,1.0989,0.5772,2,0.0847,0.4244,0.4934,3,59.19,21.6833,10.186
0,13282231.03,68,7,10,0,0,40.26,4587255.66,1.1657,0.9569,1,0.1453,0.3881,0.25,1,34.54,40.2598,-9.419
2,68738271.82,1564,20,159,0,1,86.24,83409290.49,0.7107,0.8839,33,0.2071,0.2847,0.5866,44,121.34,1.96,32.0928
2,608445970.39,810,86,105,1,1,75.74,539201148.32,0.8547,0.9673,27,0.2558,0.1463,0.6318,20,88.62,3.7871,77.884
1,145059152.95,458,59,59,2,1,67.91,128752695.29,0.7652,1.0151,29,0.4846,0.3103,0.4372,10,88.76,6.7914,60.3503
0,11253165.29,90,14,12,0,1,71.19,7370832.53,1.0869,0.7954,2,0.1276,0.3537,0.5841,2,65.5,35.595,21.4292
1,34149427.64,410,21,51,1,1,75.57,46448100.27,0.5556,0.8335,24,0.4772,0.3315,0.5227,10,136.01,7.5569,145.7605
2,585257321.54,439,51,57,1,1,31.51,155174177.03,1.1883,0.8579,11,0.1928,0.3383,0.5681,4,26.51,7.8768,28.1216
0,9137203.5,169,10,20,0,1,31.6,2615317.77,1.1039,0.995,2,0.1125,0.4132,0.4466,1,28.62,31.596,17.0904
1,31746747.31,1389,10,142,0,1,39.85,15264184.5,0.8288,0.7955,27,0.1871,0.2282,0.4842,18,48.08,2.2139,22.7217
1,29348727.0,1597,10,158,1,1,35.23,11789517.08,0.877,0.9589,35,0.2195,0.3547,0.4243,18,40.17,1.9572,17.6605
0,29519532.92,83,11,11,2,0,77.89,40499640.98,0.5677,0.6247,1,0.1265,0.3451,0.4841,2,137.2,38.9426,91.6211
1,118319193.55,549,21,66,0,1,38.13,64535900.84,0.699,0.9216,11,0.1622,0.2712,0.4764,6,54.54,6.3542,72.7923
0,30557944.86,895,20,88,0,1,45.51,16413952.79,0.8473,0.9678,3,0.0346,0.3972,0.5383,13,53.71,3.5008,29.1224
1,44051857.94,1829,14,181,0,1,66.22,22410870.78,1.3017,1.1001,0,0.0,0.2323,0.3224,40,50.87,1.6556,-20.0
1,119472034.31,566,3,73,0,1,45.41,43204588.42,1.2557,1.228,19,0.2595,0.2723,0.5769,8,36.16,5.6761,12.6516
0,3456491.11,154,6,20,2,0,65.17,2007975.05,1.1217,0.807,4,0.1985,0.4134,0.4964,3,58.09,21.7218,-0.6908
0,49871630.28,917,33,94,1,1,73.1,35109523.08,1.0384,1.0058,0,0.0,0.3136,0.4219,22,70.4,3.3228,-5.5853
2,90966940.32,553,20,57,0,1,58.06,125730935.5,0.4201,0.686,25,0.4467,0.2898,0.4434,10,138.22,5.8063,112.9681
1,155799837.65,2558,51,256,0,1,73.31,141317588.27,0.8082,1.0345,0,0.0,0.3363,0.5873,62,90.7,1.1824,15.3741
2,301772486.92,256,74,36,2,1,54.79,163397364.13,1.012,1.1647,5,0.1483,0.3033,0.4886,4,54.15,13.6983,40.0587
0,13058714.72,57,9,6,0,0,75.68,11794113.17,0.8379,0.5371,2,0.3929,0.4965,0.454,1,90.32,75.6752,42.3243
2,34801112.98,1070,20,107,0,1,37.04,18431384.74,0.6993,0.679,50,0.4714,0.1519,0.4938,13,52.96,2.849,47.2886
0,11048608.22,59,12,12,0,1,83.59,9258132.3,0.9976,0.7777,4,0.3052,0.3232,0.4774,1,83.79,83.5915,49.6823
1,55415916.8,1013,18,104,0,1,57.53,23979492.97,1.3295,1.1375,0,0.0,0.3599,0.4969,19,43.27,3.028,-20.0
1,39525537.09,1100,13,108,0,1,52.38,39725971.85,0.5212,0.9289,1,0.0075,0.2311,0.566,19,100.51,2.7569,77.0936
2,651911466.6,813,60,103,1,1,61.99,365023379.07,1.1072,0.7423,9,0.0871,0.2716,0.3958,16,55.99,3.8746,36.7248
2,968788058.32,631,100,77,2,1,36.47,291867528.22,1.2105,1.0858,37,0.4853,0.1738,0.5706,7,30.13,5.2097,38.5377
2,59744324.51,930,20,93,0,1,76.72,84254471.65,0.544,0.7468,28,0.2986,0.1513,0.5768,23,141.03,3.3356,78.0607
0,12779200.82,78,7,7,2,0,76.19,8850102.96,1.1001,1.0673,3,0.4967,0.3101,0.4265,1,69.25,76.1877,10.6856
1,84016469.59,1471,28,150,0,1,57.16,78771411.25,0.6097,0.9199,17,0.1111,0.2817,0.4414,28,93.76,2.0415,65.4714
1,31009423.0,1020,10,106,1,1,57.1,20237089.71,0.8749,0.8385,18,0.1693,0.3834,0.4733,19,65.26,3.005,9.0321
1,126761052.08,1902,42,188,1,1,55.23,54078519.3,1.2946,1.0228,0,0.0,0.2393,0.6053,35,42.66,1.578,-20.0
1,86579263.41,975,28,95,0,1,60.95,46294873.77,1.1399,1.0068,0,0.0,0.2944,0.6918,19,53.47,3.2081,-0.117
0,3532813.67,81,6,7,2,0,58.06,2009216.57,1.0209,0.8628,1,0.1956,0.4791,0.4292,1,56.87,58.0631,14.4783
1,28656581.78,1838,10,186,1,1,33.46,14826644.04,0.6467,0.7315,58,0.3099,0.2822,0.5174,20,51.74,1.6729,54.1846
0,4807205.76,40,7,8,1,0,71.51,2757995.61,1.2464,1.0107,1,0.1246,0.4073,0.4118,1,57.37,71.5114,-3.9641
0,20875627.79,172,6,23,1,1,27.84,6254960.18,0.9292,1.094,8,0.3489,0.29,0.6041,1,29.96,27.841,32.6647
1,134313398.71,479,30,61,1,1,41.76,48777796.45,1.1498,0.5588,4,0.0586,0.2662,0.4229,6,36.32,6.9593,32.0124
0,5198567.7,118,7,12,1,1,78.31,4937883.95,0.8244,1.096,2,0.1512,0.2714,0.3989,3,94.99,26.1026,28.0961
2,742174580.92,606,41,72,2,1,88.33,1262012286.99,0.5195,0.5897,18,0.2519,0.2367,0.5619,17,170.04,5.196,148.86
2,985303213.56,596,128,76,2,1,27.86,223633143.57,1.2273,1.0537,10,0.1336,0.2751,0.4887,5,22.7,5.5712,23.7504
1,37479460.0,821,12,80,0,1,56.48,28389941.02,0.7456,0.8356,19,0.2376,0.1817,0.4547,15,75.75,3.7651,33.1302
0,32997525.59,2858,21,287,0,1,34.63,11106343.91,1.0288,0.9479,22,0.0758,0.3938,0.5335,32,33.66,1.0821,0.049
0,520392.05,115,12,16,1,0,68.34,315349.4,1.1277,0.973,3,0.1789,0.3109,0.5112,2,60.6,34.1692,-9.7974
2,316735461.08,2027,63,205,1,1,59.58,166889207.42,1.1307,1.1123,0,0.0,0.1887,0.5433,40,52.69,1.4894,-20.0
2,36722866.77,828,20,83,0,1,67.65,20924813.76,1.1872,1.0992,0,0.0,0.1934,0.577,18,56.98,3.7582,-20.0
1,154927040.0,2890,51,291,0,1,42.05,62466504.67,1.043,1.0251,1,0.0037,0.3649,0.4794,40,40.32,1.0514,-5.5876
1,45312359.52,2300,15,228,0,1,61.65,25719576.53,1.0861,0.992,0,0.0,0.3556,0.65,47,56.76,1.3117,-0.6208
1,87881285.97,416,29,41,0,1,37.89,34788841.65,0.957,0.901,8,0.1863,0.3739,0.4955,5,39.59,7.577,23.5398
2,113398534.77,850,125,109,2,1,59.55,167867446.62,0.4022,0.9285,8,0.0727,0.12,0.4241,16,148.03,3.7216,185.7669
2,235504953.29,843,106,108,1,1,31.01,59824471.98,1.2209,1.0057,70,0.65,0.3621,0.5571,8,25.4,3.8768,37.7404
0,24030958.86,164,12,20,0,1,67.21,12861460.33,1.2558,0.7868,1,0.0519,0.327,0.2784,3,53.52,22.4029,-19.413
2,496214789.88,350,55,44,0,1,31.67,171429801.37,0.9166,1.045,13,0.3068,0.2766,0.6659,3,34.55,10.5553,60.5835
0,16449578.09,79,13,7,2,1,29.16,3958666.32,1.2115,0.6365,0,0.041,0.4175,0.3818,1,24.07,29.1558,6.2834
2,224004065.3,419,93,50,0,1,75.63,144107485.49,1.1756,0.6994,13,0.2661,0.2968,0.72,10,64.33,7.5632,47.7905
2,565330939.0,2783,113,279,1,1,32.85,314744241.9,0.59,0.6826,113,0.4038,0.2408,0.5768,30,55.67,1.0949,77.4998
1,48640452.43,424,19,51,0,1,65.86,28049011.58,1.1422,0.6766,13,0.259,0.308,0.3802,9,57.67,7.3183,45.5686
2,442151505.41,712,132,92,0,1,46.77,257975069.34,0.8017,1.1161,50,0.5436,0.1348,0.6199,11,58.35,4.2522,80.2537
1,99288997.74,428,52,50,1,1,33.53,42278101.22,0.7875,1.1329,11,0.2123,0.3397,0.4358,4,42.58,8.3827,63.3784
2,342379481.62,351,89,42,2,1,38.88,140051131.03,0.9504,0.7625,10,0.2333,0.3504,0.6252,4,40.91,9.7189,66.5205
0,44651100.66,1532,29,153,0,1,54.75,45005984.31,0.5432,0.7845,35,0.2262,0.4366,0.3891,27,100.79,2.0277,56.3048
1,88851307.03,188,35,28,1,1,78.84,61939089.84,1.1309,0.8375,9,0.3178,0.428,0.4804,4,69.71,19.7095,36.4521
0,11644803.95,149,10,19,0,0,39.01,3852095.84,1.1792,1.1421,4,0.1924,0.3299,0.5453,1,33.08,39.0069,-8.0252
0,4662515.61,136,8,16,0,0,68.18,3508052.91,0.9062,0.6082,5,0.327,0.4468,0.5022,3,75.24,22.7272,44.6822
2,537980317.9,643,39,80,1,1,31.35,135535549.89,1.2442,0.8441,4,0.0558,0.1594,0.5358,6,25.19,5.2244,42.1221
2,891216841.62,637,74,79,2,1,35.47,403312308.22,0.7838,1.024,23,0.2907,0.2621,0.4975,7,45.25,5.067,68.5378
2,28625800.35,998,20,102,0,1,65.79,22609933.03,0.833,0.8301,24,0.2323,0.1681,0.53,21,78.98,3.1331,18.9545
0,17881138.89,175,5,18,1,0,38.12,6818454.49,0.9997,0.8335,5,0.286,0.2674,0.4433,2,38.13,19.0605,2.6037
1,28656581.78,1838,10,186,1,1,85.43,31981731.45,0.7655,0.8197,47,0.2538,0.4698,0.5136,52,111.6,1.6429,54.1846
1,102717558.4,1619,34,165,0,1,34.41,50042647.53,0.7063,0.9146,33,0.1975,0.2975,0.5702,18,48.72,1.9117,36.2935
2,82133361.51,2556,20,259,1,1,60.75,93641950.93,0.5329,0.903,31,0.1212,0.3262,0.5127,51,114.01,1.1912,71.1149
1,34378665.88,666,11,68,0,1,57.43,26585641.46,0.7426,1.0554,0,0.0,0.3345,0.5267,12,77.33,4.7855,29.7772
1,133709120.51,1786,44,180,1,1,56.38,80462441.87,0.937,0.8875,29,0.1637,0.4436,0.426,33,60.18,1.7086,23.9233
1,50978960.0,913,16,94,0,1,51.53,33664351.2,0.7804,0.801,30,0.3218,0.2926,0.5428,15,66.04,3.4354,53.0543
0,40623071.57,2068,27,209,1,1,53.24,22539998.99,0.9595,0.8824,21,0.0992,0.3574,0.4522,36,55.49,1.4788,6.1499
1,83175853.15,1705,27,172,2,1,85.8,70222997.66,1.0162,1.0159,0,0.0,0.2723,0.5411,48,84.43,1.7874,-2.3307
1,407152291.0,1296,135,128,2,1,34.95,134812332.18,1.0554,1.1548,0,0.0,0.3096,0.5753,15,33.11,2.3297,15.3979
0,12632032.8,143,10,16,1,0,25.6,6279095.65,0.5149,0.7915,5,0.2981,0.3492,0.4201,1,49.71,25.5968,117.031
1,28694783.0,1397,10,141,0,1,42.11,8581843.98,1.4079,1.1143,0,0.0,0.403,0.5174,19,29.91,2.2161,-15.4026
1,31746747.31,1389,10,142,0,1,72.67,28714906.89,0.8034,0.9477,15,0.1078,0.2798,0.5025,33,90.45,2.2021,22.7217
1,54146248.18,1214,18,120,1,1,68.49,67427750.38,0.55,0.805,37,0.3091,0.2304,0.5009,27,124.53,2.5366,69.9287
2,86286560.34,1214,20,121,0,1,53.5,48575058.54,0.9504,0.792,25,0.2049,0.275,0.6665,21,56.3,2.5478,22.5505
1,75522175.65,376,13,45,1,1,89.79,60462361.75,1.1215,0.8686,14,0.3193,0.2477,0.4425,11,80.06,8.1623,26.6489
1,171630572.0,1740,57,178,0,1,80.59,124322334.17,1.1126,0.9312,19,0.1075,0.3609,0.3839,46,72.44,1.752,-5.1214
1,99630113.81,1452,33,143,0,1,50.52,59299227.94,0.8488,0.863,25,0.1758,0.2051,0.5493,24,59.52,2.1051,30.5059
0,1385589.63,194,12,24,1,0,57.81,791694.45,1.0118,1.0265,5,0.1921,0.3189,0.4043,3,57.14,19.2713,3.8257
2,28668392.45,1081,20,106,0,1,62.37,23020885.07,0.7767,0.7743,40,0.3812,0.2809,0.4894,22,80.3,2.8351,32.8726
0,2043263.82,113,9,16,0,1,81.31,2291755.66,0.7249,0.8612,4,0.2397,0.3773,0.5561,3,112.16,27.103,64.0184
1,36041531.0,1292,12,131,0,1,63.51,21228367.43,1.0782,1.0462,0,0.0,0.3255,0.5509,27,58.9,2.3521,15.195
2,284825946.8,742,65,90,2,1,59.81,167364672.25,1.0178,0.9526,20,0.225,0.1941,0.5427,14,58.76,4.2721,64.9005
0,9566285.64,166,5,17,1,0,31.6,2502449.1,1.2078,0.8219,0,0.0191,0.4888,0.6169,1,26.16,31.5951,7.3195
0,750973.9,117,10,15,2,1,60.78,360660.31,1.2655,1.0518,3,0.1825,0.2505,0.5131,2,48.03,30.3894,-0.9819
1,54409758.01,1597,18,162,0,1,54.02,32579362.97,0.9022,0.883,19,0.1145,0.3728,0.5696,28,59.88,1.9294,22.1381
1,147125981.77,187,33,22,0,1,63.96,100364842.54,0.9376,0.9314,6,0.2598,0.2658,0.6082,3,68.22,21.3193,30.4057
1,32759566.92,1401,10,142,0,1,56.22,34076859.84,0.5405,0.6883,58,0.4094,0.3179,0.4173,26,104.02,2.1623,50.3582
1,42093969.31,445,36,59,0,1,46.89,14854478.52,1.3289,0.927,13,0.2256,0.2201,0.4706,6,35.29,7.8158,-1.0487
1,39818752.05,1259,13,126,0,1,41.01,21717308.96,0.7518,0.9965,5,0.043,0.37,0.4768,17,54.54,2.4121,26.0806
0,34468711.82,827,22,84,0,1,58.46,22997843.91,0.8763,0.9368,1,0.0177,0.3236,0.3575,16,66.72,3.654,14.0024
1,33819700.39,870,11,87,0,1,40.01,14000898.35,0.9663,0.9355,0,0.0,0.2445,0.4106,11,41.4,3.6369,19.3245
2,178034118.61,753,55,96,0,1,84.79,170101838.19,0.8875,1.0461,13,0.1391,0.3246,0.3623,21,95.54,4.0378,51.4487
2,879133741.47,433,85,52,2,1,33.09,253788478.08,1.1463,0.9418,20,0.3835,0.2499,0.5687,4,28.87,8.2729,38.752
2,234992442.6,841,87,108,0,1,86.35,226845493.11,0.8945,0.6414,63,0.5792,0.2726,0.4898,24,96.53,3.5979,84.847
0,22421913.56,111,10,10,1,1,68.96,11885435.22,1.301,1.1963,1,0.1173,0.4747,0.5418,2,53.01,34.4814,6.3211
2,125297162.39,167,101,24,0,1,82.86,81541940.08,1.2733,0.9777,12,0.4934,0.2638,0.4569,4,65.08,20.7154,31.5878
0,126987874.7,1413,84,140,0,1,32.97,45806314.28,0.9141,0.8841,20,0.1407,0.395,0.4774,15,36.07,2.1983,23.2466
2,110709117.0,1289,22,128,0,1,46.58,100051976.12,0.5154,0.693,42,0.3278,0.3139,0.5982,20,90.37,2.329,75.5138
1,50812794.74,1020,16,103,1,1,41.31,26895622.03,0.7804,0.988,0,0.0,0.1403,0.2856,14,52.93,2.9505,23.3772
1,90583070.31,1473,30,150,0,1,41.76,42458511.3,0.891,1.0268,0,0.0,0.3316,0.5397,20,46.87,2.0881,-4.7428
2,28062983.26,2345,20,237,1,1,37.08,29726908.25,0.35,0.4951,154,0.65,0.3579,0.4243,28,105.93,1.3241,168.2839
2,85683866.82,2699,20,268,1,1,73.99,133650273.85,0.4743,0.7079,99,0.3707,0.2401,0.5104,66,155.98,1.121,77.7224
2,52816501.61,2860,20,289,1,1,56.56,63619656.43,0.4696,0.5983,167,0.5784,0.12,0.5633,53,120.45,1.0672,131.3488
2,627806152.5,868,114,107,2,1,74.95,564672044.67,0.8333,1.0595,13,0.1247,0.3135,0.5604,21,89.94,3.5688,57.3367
2,169007875.48,183,72,20,2,1,44.47,61301559.1,1.2261,0.7282,4,0.2106,0.2738,0.72,2,36.27,22.2357,32.4964
0,28157813.7,137,8,19,1,0,78.94,17600838.7,1.2629,0.6808,1,0.0727,0.3433,0.5878,3,62.51,26.3141,12.1983
2,194219381.14,164,111,19,1,1,51.05,153349803.02,0.6466,1.1096,8,0.4106,0.2406,0.6408,2,78.96,25.5263,93.0774
0,24782143.8,139,6,21,1,0,69.58,17052893.67,1.0112,0.9796,5,0.2529,0.3681,0.4755,3,68.81,23.1932,22.1367
2,37770706.5,1267,20,129,0,1,80.52,60638770.42,0.5015,0.6947,48,0.3691,0.3691,0.4985,34,160.54,2.3682,109.7485
0,6894761.31,115,10,12,2,0,45.19,3807722.51,0.8182,0.8561,2,0.2,0.3055,0.44,1,55.23,45.1869,44.9008
2,80695124.82,2274,20,230,1,1,29.13,47183132.61,0.4982,0.541,129,0.5602,0.3176,0.6182,22,58.47,1.324,125.782
1,84140798.68,1576,28,161,0,1,61.07,44534661.72,1.1539,1.0292,2,0.0153,0.3474,0.4005,32,52.93,1.9085,-9.421
0,80155733.22,1616,53,159,2,1,33.69,49043155.65,0.5507,1.0248,4,0.0279,0.3993,0.4903,18,61.18,1.8719,60.8281
1,44711234.0,1678,14,165,0,1,49.12,25398473.76,0.8647,0.8587,28,0.1692,0.3635,0.4936,27,56.81,1.8192,31.6695
2,31293341.36,612,20,60,0,1,52.78,20687631.74,0.7984,0.8693,14,0.2333,0.2261,0.5668,10,66.11,5.278,14.4438
1,119182971.68,921,39,90,0,1,65.05,122634535.85,0.6322,0.8769,12,0.1323,0.1816,0.5742,19,102.9,3.4237,34.7694
1,34327283.93,1084,11,106,0,1,31.93,15491653.35,0.7075,0.922,15,0.1396,0.307,0.3616,11,45.13,2.9025,42.9732
1,27665717.68,1069,10,105,0,1,58.79,23276484.16,0.6987,0.9076,12,0.1178,0.2888,0.4329,20,84.13,2.9393,31.2159
2,569107620.76,169,83,23,0,1,26.71,167439334.99,0.9079,1.0444,10,0.4131,0.3376,0.5611,1,29.42,26.7118,56.5551
1,28025936.97,863,10,90,0,1,67.86,24325669.91,0.7818,0.9625,0,0.0,0.3713,0.4961,19,86.8,3.5715,25.0061
2,37573800.11,1519,20,153,0,1,77.8,77368404.25,0.3778,0.5531,99,0.65,0.2775,0.4968,39,205.91,1.9949,148.0773
1,73621099.72,391,30,45,0,1,47.0,45010079.23,0.7687,1.0702,11,0.2345,0.2757,0.4116,6,61.14,7.8332,57.2438
0,7666352.21,162,4,19,0,0,62.71,5401400.6,0.89,0.7805,3,0.1373,0.3766,0.4563,3,70.46,20.9023,27.5153
0,13755697.6,113,6,18,0,0,49.35,5269445.54,1.2883,1.0303,2,0.1086,0.3187,0.4362,1,38.31,49.35,-20.0
1,62719347.75,782,20,79,2,1,36.94,27309434.71,0.8484,0.9688,0,0.0,0.3477,0.5625,9,43.54,4.1047,45.4295
2,45713569.83,1218,20,125,0,1,43.17,25321618.31,0.7793,0.8543,22,0.1794,0.2698,0.4918,17,55.39,2.5392,40.5238
2,46470615.27,2088,20,209,2,1,49.07,33631575.08,0.6781,0.6232,91,0.4351,0.4183,0.5309,34,72.37,1.4433,83.2982
1,133564651.41,566,25,73,0,1,82.11,96438676.17,1.1372,1.1572,18,0.2519,0.3012,0.4119,15,72.2,5.4738,15.3703
1,76183061.38,420,22,54,0,1,75.56,50449421.28,1.1411,1.0587,5,0.0849,0.3401,0.5023,10,66.22,7.5564,5.448
1,104802623.78,1521,34,150,1,1,68.38,106786875.87,0.6711,0.8722,53,0.3515,0.331,0.5339,34,101.89,2.0111,64.564
0,15829290.3,166,11,23,2,1,77.22,10568273.25,1.1566,1.0047,4,0.1722,0.4217,0.3012,4,66.76,19.3051,-4.182
1,614652572.45,2118,204,211,0,1,49.62,308699452.25,0.9881,1.0077,20,0.094,0.3706,0.5307,35,50.22,1.4178,13.983
2,20989149.86,390,112,52,0,1,82.23,15581255.96,1.1076,0.8901,16,0.3169,0.243,0.4814,10,74.23,8.2226,54.5592
2,715399919.54,451,71,58,1,1,29.14,215612823.13,0.9668,1.1685,17,0.2984,0.12,0.4952,4,30.14,7.2845,27.0735
1,62719347.75,782,20,79,2,1,60.54,70905685.18,0.5355,0.8577,11,0.145,0.2288,0.6004,15,113.05,4.0358,45.4295
1,94722983.04,101,45,13,0,1,47.15,51939051.4,0.86,0.6479,4,0.2853,0.372,0.5103,1,54.83,47.1538,71.621
1,51696518.49,1206,17,123,0,1,67.62,62135228.26,0.5626,0.7214,59,0.4818,0.2615,0.4904,27,120.19,2.5046,55.4116
0,74969204.29,3236,49,324,0,1,79.51,56067312.81,1.0631,0.986,21,0.0637,0.3734,0.4651,85,74.79,0.9354,-4.6804
2,290283521.67,1461,58,147,0,1,87.98,198592560.33,1.286,1.0688,0,0.0,0.2794,0.634,42,68.41,2.0948,-20.0
0,24597808.43,58,11,7,0,1,48.43,12587607.35,0.9463,0.4269,1,0.1373,0.214,0.3442,1,51.17,48.4257,40.4462
1,58897465.78,139,51,20,0,1,48.73,47515292.65,0.604,0.6685,3,0.1707,0.313,0.5297,2,80.67,24.3637,108.1346
1,35450809.0,2632,11,263,1,1,30.82,17775679.14,0.6147,0.9032,32,0.1209,0.2175,0.5593,27,50.14,1.1415,45.9162
2,33175738.0,1110,20,114,0,1,27.1,11303220.02,0.7954,0.9255,19,0.1644,0.1897,0.4911,10,34.07,2.71,15.9539
0,20815882.76,142,10,15,0,0,71.81,14015676.75,1.0665,0.4553,4,0.2506,0.3646,0.4801,3,67.33,23.9362,46.1216
0,4478775.92,70,12,10,0,1,27.55,2523849.07,0.4889,1.1544,5,0.4913,0.3316,0.5944,1,56.35,27.5519,123.6119
1,131529133.93,245,43,28,0,1,83.17,86141802.51,1.2699,0.7469,1,0.0386,0.3555,0.447,6,65.49,13.8611,19.3371
0,23920743.2,78,12,13,0,1,32.73,16101661.81,0.4862,1.0596,3,0.2346,0.255,0.4385,1,67.31,32.7258,109.7503
1,47684739.91,505,45,64,0,1,66.68,31265562.4,1.017,0.6563,8,0.1252,0.3616,0.4339,11,65.57,6.0621,44.2012
1,180240864.59,413,44,55,2,1,48.95,77312944.18,1.1412,0.6678,14,0.2494,0.4995,0.3797,6,42.89,8.1583,36.5375
1,17711975.36,200,27,23,1,1,37.85,5772996.47,1.1613,0.9997,1,0.0419,0.3626,0.3942,2,32.59,18.9259,7.9259
2,498789872.44,668,80,83,1,1,45.27,192280131.67,1.1744,0.4,26,0.3104,0.1945,0.3925,10,38.55,4.5272,71.7298
1,41803514.66,309,27,42,0,1,67.54,24465250.49,1.154,0.8347,5,0.1265,0.3429,0.5468,6,58.52,11.2566,16.746
0,7714064.58,189,12,21,2,1,37.91,2366536.48,1.2358,0.7605,5,0.2148,0.4688,0.5247,2,30.68,18.9555,10.2808
1,30827126.0,1022,10,105,1,1,75.73,36283158.19,0.6434,0.9071,26,0.2429,0.286,0.5471,25,117.7,3.0291,63.3422
1,30566458.45,2165,10,220,2,1,66.06,15947791.25,1.2661,1.0756,0,0.0,0.4104,0.6059,47,52.17,1.4055,-20.0
1,192593260.36,418,30,55,2,1,88.45,182112647.65,0.9354,1.1189,14,0.2502,0.2835,0.4506,12,94.56,7.3706,34.0136
1,40227799.1,919,13,92,0,1,76.98,35450532.43,0.8735,0.9563,11,0.1191,0.3785,0.4869,23,88.12,3.3469,14.9122
0,13566998.66,161,10,18,0,1,37.57,4255131.54,1.1979,0.8906,2,0.1137,0.4399,0.3972,2,31.36,18.7852,0.3792
1,39818752.05,1259,13,126,0,1,51.37,22886725.89,0.8938,0.8714,17,0.1386,0.287,0.5401,21,57.48,2.4462,26.0806
1,46387334.52,947,15,94,0,1,91.88,38821104.14,1.0978,1.0641,0,0.0,0.2412,0.347,29,83.69,3.1681,-4.9082
2,32337026.94,734,100,94,1,1,88.06,25358572.6,1.1229,1.0897,20,0.2151,0.1412,0.6677,21,78.42,4.1934,30.8358
2,37327983.0,1228,20,120,0,1,91.92,38498635.11,0.8912,1.0024,0,0.0,0.2228,0.6234,37,103.14,2.4842,10.6592
0,11264041.29,153,9,17,0,0,85.54,8792796.33,1.0959,0.5223,3,0.1556,0.3836,0.4489,4,78.06,21.3858,19.3609
2,652590384.27,469,101,60,0,1,71.94,408677043.18,1.1488,0.9679,8,0.1354,0.2725,0.5593,11,62.62,6.5403,38.8153
1,115115059.25,161,28,19,2,1,40.27,39134735.67,1.1844,0.9775,3,0.1541,0.272,0.4459,2,34.0,20.1327,14.2665
1,168201838.42,2191,56,223,0,1,40.27,83982851.29,0.8065,0.8901,41,0.1832,0.3285,0.4516,29,49.93,1.3885,27.3845
0,21098737.65,93,14,11,0,1,39.33,9321373.2,0.8901,0.8009,1,0.112,0.2815,0.3105,1,44.18,39.3262,30.576
0,44136764.0,1472,29,145,0,1,45.41,17052070.23,1.1754,1.031,0,0.0,0.4024,0.4458,22,38.63,2.0641,-15.2311
2,686792371.17,151,74,17,0,1,40.69,293240765.31,0.953,0.6096,2,0.1142,0.2754,0.5499,2,42.7,20.3447,72.9415
1,65059318.02,2357,21,235,2,1,62.04,56572778.53,0.7135,0.987,10,0.0431,0.3106,0.486,48,86.96,1.2925,41.9369
1,34969904.13,861,11,87,0,1,71.8,23247848.82,1.08,1.0925,0,0.0,0.3106,0.5629,20,66.48,3.5898,-6.938
1,125367527.92,443,40,55,1,1,83.89,131692430.38,0.7986,1.0721,10,0.1855,0.374,0.681,12,105.05,6.9905,59.7
2,59744324.51,930,20,93,0,1,32.65,34688908.82,0.5623,0.7824,28,0.3056,0.2647,0.5315,10,58.06,3.265,78.0607
1,28190000.0,700,10,69,1,1,68.99,28607955.07,0.6799,0.7923,23,0.328,0.2621,0.5805,16,101.48,4.3121,36.8931
2,33964645.28,1306,20,132,2,1,46.01,11752979.24,1.3297,0.9572,6,0.0438,0.2353,0.5793,20,34.6,2.3006,-20.0
1,84884927.43,156,21,20,1,1,57.31,46622422.98,1.0434,0.9642,3,0.1378,0.2204,0.4977,2,54.92,28.6537,26.2452
1,40792354.0,931,13,94,1,1,69.22,37456745.5,0.7539,1.02,0,0.0,0.3148,0.4786,21,91.82,3.2964,33.7844
1,43686267.0,1997,14,198,0,1,59.14,33018913.18,0.7825,0.9985,15,0.0749,0.2729,0.5136,39,75.58,1.5164,32.1201
2,931995181.57,453,80,53,0,1,29.35,324171873.23,0.8439,0.7453,19,0.3591,0.2875,0.6282,4,34.78,7.3379,96.6988
1,155071022.29,1405,51,143,0,1,48.8,156057237.73,0.4849,0.6673,67,0.4687,0.2776,0.6485,22,100.64,2.218,125.4427
2,40834161.48,771,20,77,2,1,26.79,17195119.66,0.6362,0.9663,0,0.0,0.1309,0.5502,6,42.11,4.4654,42.9472
0,583483.13,122,17,18,0,1,27.33,136253.9,1.1706,1.1602,1,0.0564,0.2483,0.3823,1,23.35,27.3346,-8.6355
1,163449485.35,1863,54,184,0,1,55.2,63097303.26,1.4298,1.1748,0,0.0,0.2809,0.5329,34,38.6,1.6234,-20.0
1,134967258.86,461,42,54,1,1,90.35,92863259.52,1.3131,0.9321,12,0.2228,0.3971,0.5655,13,68.8,6.95,9.7389
0,4072653.81,133,11,21,0,0,52.63,2066626.64,1.0371,1.1581,1,0.0239,0.2299,0.3349,2,50.74,26.3126,-19.0973
2,32930138.74,1010,20,99,1,1,62.61,21700241.65,0.9501,0.9275,13,0.1361,0.2674,0.5431,21,65.9,2.9813,31.7443
2,80270959.27,1473,20,147,0,1,43.69,72402832.17,0.4844,0.7367,60,0.406,0.2864,0.5552,21,90.2,2.0807,102.8833
2,32536608.04,404,90,52,0,1,72.25,19802834.41,1.1871,1.0799,4,0.084,0.2555,0.4891,9,60.86,8.0278,11.1317
0,24040788.17,116,11,11,1,1,88.89,23933639.19,0.8929,0.8544,1,0.0847,0.3124,0.3699,3,99.55,29.6304,48.1631
1,31497425.9,388,38,50,1,1,72.1,19290469.22,1.1772,0.929,5,0.1061,0.2364,0.5122,9,61.24,8.0106,-8.1887
1,128519384.67,430,40,54,1,1,89.63,283269046.55,0.4067,1.0988,8,0.1419,0.3313,0.6021,12,220.41,7.4695,169.6449
1,29836882.53,969,10,94,0,1,64.74,20073086.9,0.9623,1.0148,0,0.0,0.2922,0.323,20,67.28,3.2371,-0.742
1,47170943.0,1703,15,172,0,1,69.34,46122756.66,0.7091,0.7237,82,0.4776,0.2906,0.5935,39,97.78,1.7779,84.0219
2,806446786.63,167,90,22,1,1,32.09,291927566.27,0.8864,1.1134,1,0.0343,0.3031,0.4455,1,36.2,32.0863,46.2156
2,42591456.17,481,80,58,2,1,47.3,16702940.99,1.2062,1.0498,5,0.0887,0.1602,0.4626,7,39.22,6.7578,19.9274
0,26015558.08,187,14,27,0,1,38.08,12715811.78,0.7791,1.0308,1,0.042,0.348,0.5175,2,48.88,19.0401,33.6575
2,29229446.58,523,20,52,1,1,50.26,21692480.49,0.6773,0.9003,6,0.1237,0.2535,0.488,8,74.21,6.283,38.5691
1,34327283.93,1084,11,106,0,1,83.2,47769172.25,0.5979,0.8269,33,0.3155,0.4235,0.5164,30,139.16,2.7734,42.9732
2,431016414.51,655,121,85,0,1,91.65,344948404.4,1.1451,0.6677,10,0.1183,0.1867,0.5742,20,80.03,4.5824,26.2527
0,26595266.69,131,13,18,0,0,48.73,10510485.68,1.233,0.8518,0,0.0153,0.3962,0.5048,2,39.52,24.3651,-20.0
0,24193189.74,177,4,26,0,0,25.33,6210897.24,0.9867,0.7507,4,0.1662,0.3528,0.4555,1,25.67,25.3317,9.2724
1,41081887.0,1991,13,197,1,1,44.07,21286189.68,0.8505,1.0008,9,0.045,0.3837,0.551,29,51.81,1.5196,20.946
1,68263358.75,1825,22,183,0,1,69.42,44172944.42,1.0727,1.0284,0,0.0,0.3753,0.5216,42,64.71,1.6528,-11.4624
2,776211994.37,189,15,22,0,1,54.29,367261789.92,1.1474,0.8569,6,0.2804,0.1689,0.4313,3,47.31,18.0968,49.7649
1,268215569.46,1773,89,181,0,1,28.03,124243816.02,0.605,0.7245,65,0.3574,0.2867,0.4928,16,46.32,1.7517,25.3694
2,68149459.15,1208,20,119,0,1,26.71,48719914.6,0.3736,0.4378,77,0.65,0.2714,0.4738,10,71.49,2.6711,160.8432
1,159754653.83,1656,53,166,0,1,76.18,154317373.62,0.7886,0.9003,21,0.129,0.3954,0.5112,42,96.6,1.8138,46.0863
1,17150840.04,350,34,41,1,1,51.12,13518798.06,0.6485,0.6411,8,0.1943,0.2085,0.487,5,78.82,10.2237,104.0127
2,75875349.89,420,20,40,2,1,49.53,61546803.47,0.6106,0.7794,15,0.3708,0.2504,0.4962,6,81.12,8.2548,74.0855
0,25017013.36,33,9,5,0,0,57.49,19135116.9,0.7516,1.2274,1,0.1035,0.4151,0.388,1,76.49,57.4918,29.7174
1,169054656.19,376,13,49,1,1,62.29,263261514.82,0.4,0.8036,16,0.3228,0.3961,0.5341,7,155.73,8.8986,185.4129
2,856729906.79,324,60,42,0,1,52.96,465775639.06,0.9742,0.7504,4,0.0913,0.12,0.5873,5,54.37,10.5928,43.2977
1,36505798.34,564,40,75,2,1,66.76,28618320.05,0.8517,0.9822,17,0.231,0.283,0.3295,12,78.39,5.5637,56.4376
2,176631008.73,462,99,62,0,1,68.12,116767198.77,1.0305,0.6345,10,0.1658,0.2603,0.5334,10,66.11,6.8122,64.2983
1,28624289.22,1445,10,145,0,1,83.38,27021544.33,0.8832,1.0146,0,0.0,0.3148,0.4782,40,94.4,2.0844,11.9707
1,86579263.41,975,28,95,0,1,62.52,50837600.84,1.0648,0.9408,11,0.1124,0.2555,0.4052,20,58.72,3.1262,-0.117
1,135201167.34,2771,45,281,0,1,71.68,118237067.8,0.8196,0.9335,27,0.0952,0.2895,0.5732,66,87.45,1.0861,27.3844
0,3998137.11,128,14,20,0,0,25.24,807640.81,1.2497,1.0177,0,0.0165,0.4182,0.4479,1,20.2,25.2446,-20.0
0,5067428.96,163,12,17,2,0,89.84,3710569.83,1.2269,0.9479,2,0.1426,0.3659,0.413,4,73.22,22.4602,-2.744
1,76699437.32,181,30,27,1,1,57.87,33275010.56,1.334,0.6431,2,0.0709,0.2695,0.48,3,43.38,19.2907,19.9196
1,25519016.39,163,59,22,1,1,89.33,29293706.33,0.7782,1.1068,7,0.3262,0.3152,0.4992,4,114.79,22.3324,61.696
0,6835296.8,187,12,21,0,1,78.63,4601731.06,1.168,0.9408,4,0.167,0.4541,0.4609,4,67.32,19.6578,-12.1486
1,114283886.67,2168,38,214,2,1,65.25,83069865.1,0.8977,0.9446,2,0.011,0.2687,0.5547,47,72.69,1.3884,32.3928
2,178343240.18,603,87,74,0,1,61.83,151801134.8,0.7264,0.7714,20,0.2661,0.2858,0.5611,12,85.12,5.1528,83.4228
1,155837221.5,2922,51,291,0,1,53.54,86439231.54,0.9652,0.8815,50,0.1735,0.2521,0.4754,52,55.47,1.0296,29.1944
0,25564970.24,145,16,18,2,0,74.76,31230078.54,0.612,0.5573,5,0.2907,0.2689,0.2898,3,122.16,24.92,86.1858
2,577635382.55,380,87,51,0,1,63.45,392363774.43,0.9341,0.6517,14,0.2677,0.197,0.4736,8,67.93,7.9311,78.1075
2,68738271.82,1564,20,159,0,1,79.4,71597293.1,0.7623,0.839,35,0.2201,0.1689,0.4661,41,104.16,1.9365,32.0928
1,162826746.38,156,46,23,2,1,61.26,79832349.95,1.2494,1.1692,7,0.3188,0.4461,0.4569,3,49.03,20.4185,5.4225
1,41990020.66,1119,13,110,0,1,70.95,29498553.26,1.0099,1.022,0,0.0,0.2942,0.5174,26,70.25,2.7287,-5.0682
2,919588325.61,198,96,26,0,1,73.39,809948523.8,0.8333,0.705,6,0.2132,0.2587,0.5288,4,88.08,18.3485,69.2176
2,20630994.31,743,74,95,0,1,43.37,8968263.93,0.9976,0.9209,19,0.2034,0.2274,0.5649,10,43.47,4.3366,45.9954
2,166488629.3,1432,33,143,0,1,85.56,203340693.64,0.7005,0.9086,4,0.0252,0.2826,0.6217,40,122.13,2.139,33.5032
2,28018666.46,865,112,109,0,1,57.01,24077175.42,0.6635,0.8937,60,0.5468,0.2729,0.6175,16,85.93,3.5633,130.5881
0,5862505.89,110,12,16,2,1,57.97,2837685.5,1.1977,1.1232,1,0.067,0.3561,0.4006,2,48.4,28.9865,-5.4269
0,80338143.28,2007,53,204,0,1,27.19,26402060.5,0.8275,1.009,0,0.0,0.55,0.47,18,32.86,1.5108,7.431
1,47170943.0,1703,15,172,0,1,58.6,60579348.61,0.4563,0.861,40,0.2306,0.3791,0.5971,33,128.43,1.7759,84.0219
1,44771420.45,875,14,86,0,1,25.32,11161239.53,1.0156,1.0805,0,0.0,0.3264,0.3272,7,24.93,3.6169,-7.2076
0,23758166.66,108,12,17,0,0,70.85,13709499.69,1.2279,1.1059,7,0.4254,0.4111,0.4178,2,57.7,35.4268,-17.4834
2,984468380.12,767,89,96,1,1,63.33,773647729.81,0.8058,0.6566,26,0.2743,0.2111,0.6193,16,78.59,3.9578,95.3619
1,143000805.95,394,51,52,2,1,34.75,38117254.1,1.3037,1.2032,12,0.2259,0.4036,0.527,4,26.66,8.6875,8.2476
2,868007475.89,472,119,57,1,1,38.66,321819223.04,1.0427,0.8177,37,0.65,0.2768,0.5361,6,37.08,6.4433,67.8987
1,125717217.54,374,38,47,0,1,29.03,32300607.93,1.1298,1.0165,5,0.1016,0.2111,0.4591,3,25.69,9.676,32.2624
1,365959470.37,2153,121,218,0,1,30.36,188751003.55,0.5887,0.8046,76,0.3479,0.2783,0.4341,21,51.58,1.4459,73.7525
2,687687368.28,455,56,53,2,1,30.14,161446033.44,1.2837,1.0265,13,0.2407,0.2559,0.5323,4,23.48,7.5343,28.6386
1,30188936.89,1161,10,115,0,1,44.41,19819291.05,0.6765,0.8056,29,0.2564,0.3184,0.4,17,65.65,2.6125,30.3989
1,57857919.0,1147,19,114,0,1,63.32,28509160.16,1.2851,1.0158,0,0.0,0.2828,0.5927,24,49.27,2.6384,-20.0
1,55994835.81,3382,18,341,0,1,41.41,26203157.34,0.885,0.9938,0,0.0,0.1726,0.5646,46,46.8,0.9003,7.6182
2,63483307.0,748,20,77,0,1,64.91,74510844.49,0.553,0.7912,25,0.3223,0.2081,0.6052,16,117.37,4.0567,65.1929
0,3532963.9,51,7,7,0,1,86.22,3296435.41,0.9241,1.1156,4,0.5054,0.3196,0.4826,1,93.31,86.2189,32.968
1,11921045.46,518,51,64,0,1,49.26,7243660.51,0.8107,0.9753,2,0.0369,0.2231,0.5043,8,60.76,6.1574,43.2922
1,75262173.76,436,43,56,1,1,56.11,65550265.4,0.6443,0.7982,26,0.464,0.2461,0.4109,8,87.1,7.014,100.5659
0,62420485.81,1624,41,166,2,1,64.63,44468258.01,0.9072,1.0101,4,0.0242,0.3762,0.5323,34,71.24,1.9009,3.4828
2,80075325.46,855,129,107,1,1,77.35,56886409.68,1.0888,0.9367,37,0.3496,0.217,0.4587,22,71.04,3.5158,39.0247
1,46818986.07,325,39,41,0,1,72.53,25184781.52,1.3483,1.1126,6,0.1448,0.4414,0.4375,7,53.79,10.3614,-9.6957
1,172386736.08,965,57,97,0,1,74.14,156204824.05,0.8182,0.9198,10,0.1066,0.3576,0.3633,23,90.61,3.2236,26.7233
0,24263123.72,66,4,12,2,0,75.22,22219746.41,0.8213,0.5115,3,0.238,0.3517,0.4418,1,91.58,75.217,44.0073
0,23914093.96,47,7,6,1,1,82.25,16306514.06,1.2063,0.8165,1,0.1039,0.4244,0.4485,1,68.19,82.2524,-8.3911
0,20882583.52,152,12,18,0,0,49.99,12407997.53,0.8414,0.7503,2,0.1294,0.3556,0.4611,2,59.42,24.9968,48.8341
2,922720397.16,391,103,53,0,1,59.01,473255253.72,1.1504,0.7201,12,0.2356,0.2689,0.6268,7,51.29,8.4293,43.9152
2,462321624.01,869,118,111,0,1,54.76,212681246.81,1.1903,1.0,12,0.1036,0.2034,0.5042,15,46.0,3.6505,20.0396
1,88077944.0,1606,29,163,1,1,40.83,47056524.74,0.7642,0.8713,39,0.2375,0.3555,0.5312,21,53.43,1.9443,40.8961
1,100049933.59,588,32,71,1,1,71.85,60302031.24,1.1921,0.9116,10,0.1351,0.3736,0.4991,14,60.27,5.1319,17.5451
1,58590140.0,1979,19,200,0,1,43.14,31669164.1,0.7981,0.8448,51,0.2539,0.12,0.5268,28,54.05,1.5407,27.7108
1,26692830.33,545,39,65,2,1,43.36,8816825.24,1.3126,1.0916,11,0.1756,0.3513,0.4431,7,33.03,6.1939,-0.039
0,9063225.45,175,7,24,2,0,40.12,3120881.04,1.1651,0.4,0,0.0167,0.5226,0.4725,2,34.43,20.0606,12.7085
0,50878598.0,1529,33,156,0,1,42.26,23623819.36,0.9102,0.958,12,0.0755,0.3188,0.5468,21,46.43,2.0125,14.4463
2,51017923.0,1090,20,108,0,1,29.55,15709002.8,0.9596,1.178,0,0.0,0.2342,0.4683,10,30.79,2.9546,10.2094
2,429789348.03,417,87,53,0,1,75.14,408591671.04,0.7903,1.0038,8,0.1565,0.1751,0.5303,10,95.07,7.5136,78.3498
1,30146869.05,315,33,42,2,1,34.72,11159838.44,0.938,0.5828,15,0.3663,0.3173,0.6162,3,37.02,11.5748,61.8193
1,33666330.0,1338,11,131,0,1,49.08,24977702.4,0.6615,0.8892,13,0.1007,0.2478,0.45,21,74.19,2.3371,32.6585
0,28318282.81,71,9,9,0,1,49.21,13881573.91,1.0038,0.7001,2,0.232,0.3851,0.5155,1,49.02,49.205,38.8184
1,65119746.79,1600,21,161,0,1,40.8,28524116.18,0.9316,0.9692,14,0.0882,0.288,0.4505,21,43.8,1.9431,28.2796
0,16604927.37,126,11,12,1,0,43.6,6596242.87,1.0975,1.1922,3,0.2115,0.3704,0.4054,1,39.72,43.5969,-13.1829
0,11983888.57,161,9,17,1,1,73.47,12859881.74,0.6846,0.819,6,0.3649,0.3862,0.5538,3,107.31,24.4892,69.4323
2,472093958.52,398,104,49,0,1,43.34,198953635.26,1.0284,0.6235,4,0.0867,0.2842,0.5763,5,42.14,8.6682,47.8317
1,109706667.04,201,27,23,0,1,65.41,63973727.59,1.1216,1.0526,3,0.1413,0.2368,0.5073,4,58.31,16.3513,16.3029
2,748161912.49,558,58,68,2,1,79.81,962823145.05,0.6201,0.7662,9,0.137,0.12,0.5409,14,128.69,5.7004,113.168
1,42845047.21,1253,14,124,2,1,51.35,18755493.4,1.1731,1.1934,0,0.0,0.2905,0.4154,21,43.78,2.4454,-14.8558
0,56938544.58,2815,37,285,1,1,69.12,47623383.8,0.8265,0.9149,26,0.0927,0.3482,0.5126,64,83.64,1.0801,28.8894
1,145913284.97,599,35,79,2,1,89.11,140132278.93,0.9279,0.621,29,0.3641,0.3217,0.4757,17,96.04,5.2418,64.7022
2,876385942.54,450,122,61,1,1,51.13,454378593.1,0.9862,0.9494,18,0.2983,0.1921,0.555,7,51.85,7.3043,57.6169
1,36371031.53,759,12,73,1,1,34.71,19560504.5,0.6453,1.0023,3,0.0415,0.2886,0.4818,8,53.78,4.3384,40.5574
2,38178027.0,1451,20,146,0,1,69.54,61329408.02,0.4329,0.4825,95,0.65,0.1665,0.6648,33,160.64,2.1072,131.3609
1,779877216.22,2501,259,250,0,1,77.18,709216877.1,0.8487,0.972,9,0.0377,0.3961,0.4832,64,90.94,1.2059,13.7643
0,33572762.48,1403,22,141,0,1,57.54,16834008.12,1.1476,0.9475,13,0.0953,0.304,0.4869,26,50.14,2.2131,6.7481
0,33068283.0,988,22,99,0,1,83.59,20380420.32,1.3563,1.0908,0,0.0,0.2914,0.5138,27,61.63,3.096,-20.0
1,116779209.0,1977,38,195,0,1,45.32,64511815.9,0.8204,1.0136,0,0.0,0.2995,0.3792,29,55.24,1.5629,32.9678
0,49871630.28,917,33,94,1,1,38.19,17859058.63,1.0663,1.0612,0,0.0,0.2966,0.3997,11,35.81,3.4714,-5.5853
1,39454595.81,805,13,81,0,1,28.57,14753722.99,0.764,0.9905,3,0.0383,0.3005,0.3931,7,37.39,4.0815,21.8778
1,123705398.61,352,31,45,0,1,69.39,104192342.64,0.8238,0.7416,8,0.1727,0.296,0.4374,8,84.23,8.6734,65.1281
2,34747801.13,560,115,72,2,1,28.98,19020712.42,0.5293,0.7618,26,0.3593,0.1572,0.4386,5,54.74,5.7952,151.3082
1,64755386.53,484,44,57,0,1,36.48,21571276.8,1.0951,0.872,23,0.4084,0.2328,0.4929,5,33.31,7.2962,47.1375
0,1448611.72,83,9,10,0,1,88.25,995112.97,1.2846,0.8781,4,0.3838,0.4866,0.4492,2,68.69,44.1232,7.7937
0,5955880.7,92,12,14,2,1,77.61,5669842.97,0.8152,1.0417,4,0.2744,0.2745,0.4117,2,95.2,38.8027,46.5067
0,4690282.03,62,11,11,2,1,77.43,2860112.77,1.2698,0.8518,2,0.161,0.2778,0.4507,1,60.98,77.4343,8.2829
0,21751935.45,71,7,6,0,0,27.4,6481458.52,0.9196,0.8679,1,0.1569,0.2687,0.502,1,29.8,27.4001,24.1437
2,92713671.01,594,20,63,0,1,53.9,67171700.36,0.744,0.7763,12,0.1974,0.3499,0.5437,10,72.45,5.3901,38.0011
0,21860524.92,194,10,25,1,0,88.64,40623076.63,0.477,0.7312,6,0.2513,0.3395,0.3937,5,185.83,17.7287,109.6158
1,78408544.3,3062,26,305,0,1,90.58,129822373.04,0.5471,0.7464,83,0.2722,0.3845,0.3223,92,165.57,0.9846,79.8898
2,621831109.87,549,132,70,1,1,31.82,166699934.89,1.187,0.8299,13,0.1848,0.2569,0.4867,5,26.81,6.3644,30.2071
0,18395029.12,62,9,9,0,0,33.17,11078799.42,0.5508,1.0844,1,0.0827,0.3829,0.2683,1,60.23,33.1749,81.6279
1,62263301.87,183,34,20,0,1,90.75,52284593.66,1.0807,1.1201,4,0.2138,0.3889,0.625,5,83.97,18.1501,39.7427
2,33964645.28,1306,20,132,2,1,28.17,7413749.35,1.2907,1.1358,0,0.0,0.2076,0.5633,12,21.83,2.3478,-20.0
1,124068032.69,144,34,16,0,1,89.99,153158671.56,0.7289,0.7677,1,0.0733,0.3328,0.401,4,123.45,22.4966,65.5405
0,2704237.99,99,9,12,2,0,75.24,1824052.95,1.1155,0.6326,1,0.0508,0.3728,0.2976,2,67.45,37.6198,-6.3525
1,54116376.6,2527,18,252,2,1,52.55,32111285.75,0.8856,0.7491,91,0.3599,0.4543,0.5436,44,59.34,1.1943,24.2279
1,112686325.6,392,22,54,0,1,61.51,83321009.11,0.8319,0.4666,10,0.1819,0.3264,0.4992,8,73.94,7.6888,72.384
0,2705147.94,69,15,10,0,0,71.64,1585404.0,1.2224,0.7009,5,0.4706,0.332,0.514,1,58.61,71.6437,13.5138
1,154578918.88,1191,51,118,1,1,27.65,50235735.65,0.8508,0.9276,11,0.0908,0.3699,0.4274,10,32.5,2.7648,-1.2098
2,837918887.17,333,105,44,2,1,65.45,694476655.87,0.7897,0.8647,4,0.0914,0.2053,0.6316,7,82.88,9.3497,79.3764
2,331527314.12,399,114,47,1,1,61.99,191645904.0,1.0724,0.9685,5,0.0961,0.2988,0.4137,8,57.81,7.7491,41.5883
1,183094561.65,200,38,22,0,1,38.03,55741245.97,1.2491,0.9334,3,0.1195,0.4263,0.6889,2,30.44,19.0134,4.745
2,32960264.98,553,20,57,0,1,53.69,40478074.02,0.4372,0.7188,27,0.4684,0.1465,0.4599,9,122.81,5.9656,110.597
2,126602260.14,1277,25,128,0,0,70.89,80533463.41,1.1144,1.0648,0,0.0,0.2394,0.4985,30,63.61,2.363,-7.8932
2,82203266.28,1825,20,182,0,1,68.03,57824899.47,0.9671,0.9172,12,0.0633,0.3192,0.4837,41,70.34,1.6593,21.8858
2,27913021.0,723,20,71,0,1,58.76,12526964.8,1.3094,0.9599,4,0.0601,0.215,0.5132,14,44.88,4.1974,-20.0
1,66829941.43,1206,22,123,2,1,26.53,21314091.92,0.8318,1.037,0,0.0,0.3165,0.4654,10,31.89,2.6528,2.0658
0,8917617.27,180,9,26,1,1,55.66,3717404.94,1.3353,0.8122,1,0.0366,0.3488,0.558,3,41.69,18.5541,-5.5945
1,155799837.65,2558,51,256,0,1,28.94,58456752.93,0.7714,1.0486,0,0.0,0.3076,0.4956,24,37.52,1.206,15.3741
1,153671172.49,493,35,66,2,1,30.64,39650293.67,1.1874,0.4964,18,0.2656,0.161,0.6188,5,25.8,6.1274,42.3541
1,54765965.47,1570,18,156,0,1,68.98,28050730.72,1.3468,1.1719,0,0.0,0.4177,0.497,36,51.22,1.9161,-20.0
0,1468547.59,156,6,23,2,0,68.06,765784.29,1.3053,0.513,1,0.0582,0.4272,0.5539,3,52.15,22.6878,5.8454
1,1203582245.0,908,401,94,2,1,66.03,843726698.53,0.942,0.9583,2,0.0218,0.3472,0.4511,19,70.1,3.4755,22.9515
1,85337646.78,302,26,42,0,1,37.33,55761618.63,0.5713,0.9947,12,0.2799,0.2975,0.5277,3,65.34,12.4443,105.3993
2,33061230.61,1199,20,117,0,1,82.29,21088637.46,1.2901,0.9807,0,0.0,0.2338,0.449,32,63.79,2.5716,-20.0
0,22739322.27,32,8,5,1,0,71.48,15634882.99,1.0395,1.2352,2,0.328,0.306,0.4462,1,68.76,71.4753,5.2784
0,18546859.64,117,12,18,0,1,68.89,19263918.33,0.6632,0.4,5,0.272,0.3932,0.3462,2,103.87,34.4437,81.6152
2,316735461.08,2027,63,205,1,1,45.94,124408003.92,1.1697,1.1093,0,0.0,0.2888,0.549,31,39.28,1.482,-20.0
2,38097176.66,1315,20,130,0,1,49.64,20479501.81,0.9234,0.8451,40,0.3065,0.12,0.5242,21,53.76,2.3638,26.9175
1,139346096.64,472,52,62,2,1,73.71,100416937.94,1.0228,1.1494,14,0.2212,0.2424,0.4097,11,72.06,6.7007,28.8851
2,87634217.73,1460,20,150,1,0,69.4,76934922.74,0.7905,0.9693,11,0.0728,0.126,0.5275,33,87.79,2.103,13.9923
1,49293483.27,2024,16,205,0,1,82.62,58914124.83,0.6913,0.8217,46,0.2235,0.3251,0.5241,55,119.52,1.5022,56.3249
0,26978125.47,99,11,15,2,1,89.48,19636558.55,1.2293,0.9419,2,0.1063,0.3663,0.596,2,72.79,44.7387,-8.5293
2,45829697.61,1437,20,143,0,1,42.9,42389325.85,0.4639,0.7376,51,0.3571,0.326,0.5888,20,92.49,2.1452,67.765
2,29698621.5,1833,20,186,0,1,41.03,16345156.79,0.7454,0.8092,24,0.1298,0.2131,0.5868,25,55.04,1.6411,26.1872
1,46237336.47,1946,15,195,0,1,52.96,47462912.85,0.5159,0.8685,15,0.0779,0.2804,0.5237,34,102.65,1.5577,64.7592
1,365959470.37,2153,121,218,0,1,34.49,237249796.42,0.532,0.8227,30,0.1366,0.3382,0.4623,24,64.83,1.437,73.7525
2,36277467.0,900,20,90,0,1,53.52,18858620.95,1.0295,0.9541,8,0.0873,0.2327,0.6957,16,51.98,3.3448,-8.8431
2,117635053.24,611,150,73,1,1,59.91,67979703.34,1.0367,1.1666,10,0.1404,0.1994,0.5258,12,57.79,4.9925,45.4244
2,40235169.13,565,20,54,1,1,74.87,24337064.42,1.2378,1.0515,0,0.0,0.2513,0.5878,14,60.49,5.3479,-20.0
1,40792354.0,931,13,94,1,1,73.54,37235143.59,0.8057,0.9825,0,0.0,0.2789,0.5641,22,91.28,3.3427,33.7844
2,80270959.27,1473,20,147,0,1,27.04,61149091.67,0.355,0.6682,66,0.4496,0.1817,0.4783,13,76.18,2.0802,102.8833
0,27519108.98,134,5,21,1,0,87.5,25658796.34,0.9384,0.6728,5,0.222,0.3429,0.392,3,93.24,29.1668,36.9232
2,54705083.96,758,20,73,0,1,73.49,42167816.94,0.9535,0.8679,15,0.2058,0.3233,0.5555,18,77.08,4.083,14.2439
1,272869179.83,1648,90,162,0,1,40.5,213509773.58,0.5175,0.8464,36,0.2225,0.3772,0.577,22,78.25,1.8407,61.8495
0,41684748.05,1045,27,104,0,1,25.77,15873138.59,0.6766,0.7099,41,0.3937,0.4732,0.4821,8,38.08,3.2207,34.0794
1,136891834.78,520,41,67,0,1,82.17,88425024.07,1.2721,0.754,9,0.1321,0.2306,0.4476,14,64.59,5.8696,13.6734
0,23738040.66,49,6,7,0,0,43.08,8922517.63,1.1461,1.0813,0,0.0419,0.3812,0.5257,1,37.59,43.0781,-15.7071
1,61235519.48,1052,20,108,0,1,71.63,50907141.54,0.8617,0.8787,22,0.2008,0.2905,0.5392,25,83.13,2.8654,19.0313
2,483645135.39,317,87,42,2,1,45.44,162217291.66,1.3548,0.8881,2,0.0545,0.1903,0.5711,4,33.54,11.3605,-4.0116
1,41081887.0,1991,13,197,1,1,91.3,44406697.66,0.8447,0.9273,23,0.1143,0.3446,0.4603,60,108.09,1.5217,20.946
1,166231152.0,1163,55,119,0,1,65.43,104568684.44,1.0401,1.0402,0,0.0,0.3714,0.2867,25,62.91,2.6171,-0.4113
1,22857277.05,114,35,12,1,1,84.87,16668934.73,1.1638,1.1536,2,0.1682,0.3307,0.4752,3,72.93,28.2897,24.1705
2,741856924.24,866,54,107,1,1,27.43,162744702.96,1.2502,0.694,14,0.129,0.2489,0.6391,7,21.94,3.9181,24.1507
2,159907450.6,2860,31,289,1,1,87.41,336314916.36,0.4156,0.7088,129,0.446,0.2473,0.4127,83,210.32,1.0531,106.5668
2,290283521.67,1461,58,147,0,1,84.5,193950643.41,1.2646,1.0879,0,0.0,0.2447,0.6158,41,66.81,2.0609,-20.0
0,16184909.81,73,10,7,0,1,48.97,7908140.39,1.0022,1.1608,1,0.2129,0.3858,0.5329,1,48.86,48.9707,-3.2084
2,42182704.86,1675,20,165,0,1,53.77,43135562.7,0.5258,0.8652,23,0.1374,0.2598,0.4595,30,102.26,1.7923,75.0115
1,37857532.26,1609,12,159,0,1,71.05,21087960.35,1.2755,1.1045,0,0.0,0.4444,0.6,38,55.7,1.8698,-20.0
2,301342596.75,399,72,53,2,1,79.36,366678833.66,0.6522,1.0461,10,0.1849,0.1206,0.499,10,121.68,7.9358,92.3874
2,484551144.1,757,47,93,0,1,32.15,138670488.21,1.1234,0.9716,14,0.1479,0.2829,0.6002,8,28.62,4.0187,44.6616
1,133709120.51,1786,44,180,1,1,79.42,129264524.24,0.8215,0.8765,27,0.1498,0.327,0.4294,47,96.68,1.6899,23.9233
1,116779209.0,1977,38,195,0,1,50.23,90870106.68,0.6455,0.9898,0,0.0,0.2335,0.5161,33,77.81,1.5221,32.9678
2,47414008.19,816,20,80,0,1,60.42,51485956.77,0.5564,0.6704,30,0.3804,0.2051,0.4959,16,108.59,3.776,63.605
2,149967501.65,669,83,81,1,1,90.05,160349445.58,0.8422,0.61,16,0.1979,0.2066,0.4953,20,106.92,4.5023,70.1374
0,15112740.57,65,13,9,0,0,49.93,7446558.48,1.0133,0.7959,2,0.2221,0.3582,0.4824,1,49.27,49.9302,11.06
1,46189093.5,2115,15,211,1,1,35.72,27116303.03,0.6085,0.8933,27,0.1284,0.3261,0.3948,25,58.71,1.4289,60.9521
1,31414321.1,828,10,82,1,1,40.86,18444677.07,0.6959,0.9038,7,0.0855,0.3435,0.3876,11,58.71,3.7144,34.5871
1,193623340.11,558,22,70,0,1,62.78,132058191.1,0.9205,1.0226,5,0.0683,0.3758,0.5054,11,68.2,5.7076,14.3739
1,166327817.68,282,32,32,0,1,25.3,82413322.73,0.5106,0.964,4,0.1129,0.458,0.5048,2,49.55,12.6501,120.7959
2,722374045.43,751,116,93,1,1,80.2,548049595.46,1.057,1.1818,9,0.1008,0.2519,0.5033,20,75.87,4.0098,27.1407
1,79959473.43,448,37,61,0,1,70.47,53525800.52,1.0527,0.7058,3,0.0489,0.3022,0.48,10,66.94,7.047,30.7486
1,27748093.72,1514,10,153,0,1,42.28,11007591.21,1.0659,0.9856,10,0.0673,0.3087,0.5065,21,39.67,2.0135,-10.1625
1,45105510.6,2561,15,254,0,1,90.02,32893815.87,1.2345,1.1266,0,0.0,0.2662,0.4367,76,72.93,1.1845,-20.0
1,71736998.11,337,49,41,0,1,68.56,47928502.84,1.0262,1.1216,4,0.1053,0.2304,0.371,7,66.81,9.795,21.5493
0,3895136.25,155,8,22,0,0,58.08,3520789.99,0.6426,0.9519,5,0.2185,0.2785,0.3336,3,90.39,19.3605,59.7404
1,174162502.4,2650,58,266,0,1,77.21,146778672.75,0.9162,0.9168,31,0.1157,0.265,0.463,68,84.28,1.1355,8.3843
1,117556153.43,1810,39,185,2,1,55.24,59351078.88,1.0941,1.121,0,0.0,0.2439,0.4368,33,50.49,1.6738,-2.2198
1,100477168.13,225,23,32,0,1,76.87,104778312.09,0.7372,1.0805,5,0.1564,0.3038,0.5563,5,104.28,15.3745,57.5448
1,45358260.68,988,15,99,0,1,38.86,19326973.0,0.912,0.717,45,0.4504,0.2916,0.3681,12,42.61,3.2383,25.4759
2,79082206.66,1919,20,190,0,1,63.99,105007960.3,0.4819,0.8541,34,0.1783,0.2234,0.6267,40,132.78,1.5998,88.8823
1,173929710.52,424,33,57,1,1,91.43,187909533.51,0.8462,0.859,32,0.5673,0.172,0.4558,12,108.04,7.6188,53.1377
0,15150045.41,143,13,21,1,0,64.91,9653573.0,1.0186,1.0484,2,0.101,0.2606,0.4774,3,63.72,21.6352,11.3676
1,31619388.86,350,62,41,1,1,83.11,29831715.77,0.8809,0.8401,10,0.2335,0.333,0.4376,9,94.35,9.2347,51.6986
0,21625569.63,55,16,7,0,1,64.26,14742761.35,0.9426,0.8281,0,0.0242,0.3829,0.3899,1,68.17,64.2613,43.9725
1,30566458.45,2165,10,220,2,1,39.58,9353134.11,1.2934,1.1297,0,0.0,0.2262,0.5196,28,30.6,1.4135,-20.0
2,800821979.35,783,41,100,0,1,45.87,419776750.92,0.875,1.1238,17,0.1728,0.1303,0.4455,11,52.42,4.1698,56.047
1,14288040.66,433,10,52,1,1,82.82,15255129.13,0.7757,0.8303,7,0.1312,0.2284,0.5782,11,106.77,7.5291,72.4527
1,52431703.44,1767,17,178,1,1,65.1,37649961.75,0.9066,0.9479,8,0.0457,0.3507,0.52,38,71.81,1.7133,14.0015
1,307160344.67,1788,102,180,0,1,57.15,265267543.55,0.6618,0.8639,14,0.0797,0.1652,0.5701,34,86.36,1.6809,66.4807
1,53214779.38,1711,17,169,0,1,33.24,16439106.21,1.0759,0.9531,12,0.0695,0.1936,0.5479,18,30.89,1.8465,-5.9742
1,21705295.04,313,40,44,2,1,62.01,10251046.23,1.3131,0.8799,27,0.6136,0.2073,0.4968,6,47.23,10.3357,36.4894
1,174806169.0,1138,58,114,0,1,70.97,103664123.42,1.1967,1.1278,0,0.0,0.4026,0.6587,26,59.3,2.7294,-18.9131
0,21940181.92,39,7,5,1,0,29.21,8811328.62,0.7273,0.5983,1,0.2703,0.2633,0.4262,1,40.16,29.2087,83.0408
2,42182704.86,1675,20,165,0,1,50.85,34212927.4,0.627,0.7918,51,0.3067,0.3524,0.5893,28,81.11,1.8161,75.0115
1,152317124.99,116,53,12,1,1,27.57,61711241.38,0.6805,1.0094,5,0.3829,0.2297,0.555,1,40.51,27.5714,92.3594
1,55704414.42,3247,18,325,2,1,49.07,25294227.49,1.0805,1.02,0,0.0,0.2619,0.4788,53,45.41,0.9258,4.4686
0,33068283.0,988,22,99,0,1,75.94,21314158.69,1.1782,1.159,0,0.0,0.3426,0.5615,25,64.45,3.0376,-20.0
2,63199902.11,725,92,93,2,1,55.54,36037733.47,0.974,0.81,6,0.0684,0.4115,0.6247,13,57.02,4.2721,55.4665
1,28624289.22,1445,10,145,0,1,36.82,11790796.33,0.8939,1.0581,0,0.0,0.3073,0.5144,17,41.19,2.166,11.9707
0,11134434.11,148,10,19,2,0,53.64,8753961.17,0.6822,0.4852,1,0.0373,0.3911,0.4313,2,78.62,26.819,65.0606
2,761210853.62,836,68,103,0,1,38.2,538889742.02,0.5396,1.0072,18,0.1778,0.327,0.4433,10,70.79,3.8198,130.6052
0,716527.45,56,8,11,2,0,54.07,310830.77,1.2464,0.7887,0,0.0232,0.289,0.5719,1,43.38,54.0693,-16.4018
1,86579263.41,975,28,95,0,1,80.52,70938899.45,0.9827,1.0052,0,0.0,0.2311,0.5007,26,81.94,3.0969,-0.117
0,25364165.93,146,9,17,0,1,40.53,9958372.26,1.0324,1.0774,5,0.2851,0.3851,0.3413,1,39.26,40.5329,8.403
2,31218111.42,958,20,93,0,1,74.03,48383546.07,0.4776,0.7811,22,0.2352,0.2068,0.471,23,154.99,3.2186,103.2539
1,143083845.0,248,40,34,0,1,67.09,71117549.13,1.3498,0.5774,5,0.1598,0.2914,0.4286,5,49.7,13.4178,20.6784
1,241203860.4,1787,80,179,0,1,91.24,302295370.86,0.728,0.8401,34,0.1925,0.2555,0.5647,54,125.33,1.6896,37.1276
1,29348727.0,1597,10,158,1,1,85.49,29250513.94,0.8578,0.924,23,0.1476,0.3615,0.4956,45,99.67,1.8998,17.6605
2,233940441.98,467,62,60,2,1,37.2,70728893.1,1.2303,1.0797,11,0.1819,0.2312,0.4153,5,30.23,7.4393,32.234
1,33210489.27,1467,11,148,2,1,89.46,27425646.6,1.0833,0.9571,3,0.0199,0.2785,0.5556,43,82.58,2.0806,-3.3165
0,694772.39,120,6,18,1,0,70.15,457275.85,1.0659,0.9338,2,0.0886,0.3429,0.417,2,65.82,35.0764,-8.496
1,166231152.0,1163,55,119,0,1,27.85,54722212.13,0.846,1.0474,0,0.0,0.2355,0.4612,10,32.92,2.7851,-0.4113
0,504092.48,36,11,5,0,0,63.19,435945.87,0.7307,0.8703,1,0.1727,0.2578,0.5366,1,86.48,63.1932,52.8021
2,556104175.93,191,55,25,0,1,36.29,182765509.08,1.1042,1.1655,6,0.228,0.28,0.6168,2,32.87,18.1448,21.4608
1,124811524.55,396,36,54,0,1,55.52,71851782.91,0.9643,1.0137,23,0.4192,0.3431,0.4883,7,57.57,7.9308,52.3496
1,27861910.3,1484,10,152,1,1,30.3,12023947.54,0.7022,0.9547,4,0.0262,0.227,0.5927,14,43.16,2.1645,23.8173
2,868268139.32,569,85,68,0,1,53.1,390126584.33,1.1818,0.9715,22,0.3308,0.3059,0.5178,10,44.93,5.3102,36.9874
1,11471408.99,574,26,69,1,1,74.7,7650073.44,1.1202,0.9366,6,0.0849,0.2486,0.5245,14,66.69,5.3359,17.8644
2,43605807.25,871,20,85,0,1,90.01,30602017.58,1.2826,1.0339,0,0.0,0.2374,0.4593,26,70.18,3.462,-20.0
0,1305800.32,144,13,21,2,0,88.05,1332217.06,0.863,1.1586,8,0.4012,0.3327,0.5378,4,102.02,22.0127,23.469
0,92187554.9,2510,61,250,0,1,75.64,83061777.44,0.8395,1.0473,0,0.0,0.3463,0.4716,63,90.1,1.2007,24.79
0,29525883.29,82,19,15,1,0,69.76,24051053.33,0.8564,0.8519,1,0.0999,0.4034,0.4094,1,81.46,69.7634,9.6984
2,341177401.26,454,67,59,1,1,40.42,203772875.31,0.6767,0.935,12,0.2058,0.3032,0.5023,6,59.73,6.7363,95.897
2,597236102.67,454,62,61,2,1,26.66,149057422.07,1.0681,0.7685,31,0.5021,0.3474,0.5774,4,24.96,6.6645,62.0926
2,32532412.46,1186,20,116,1,1,70.21,31056444.06,0.7355,0.8432,23,0.1962,0.3152,0.6154,27,95.46,2.6004,39.5751
2,522993354.82,877,91,110,1,1,51.01,328303114.94,0.8126,1.0062,57,0.5181,0.293,0.4379,14,62.77,3.6436,84.6664
2,42910143.94,828,20,83,1,1,75.89,38204178.96,0.8523,1.0785,0,0.0,0.1906,0.6357,20,89.03,3.7943,22.554
1,316432547.0,2367,105,236,0,1,39.21,318368948.7,0.3898,0.7708,71,0.2999,0.2929,0.585,30,100.61,1.3071,77.3222
1,194707538.01,300,15,35,2,1,80.38,126811334.84,1.2342,1.1031,14,0.404,0.3617,0.5013,8,65.13,10.0478,25.7112
1,14808149.42,583,21,73,0,1,77.33,10680232.37,1.0722,1.1158,2,0.0233,0.291,0.4624,15,72.12,5.1554,6.0797
1,62677870.17,1318,20,129,0,1,48.47,30630290.1,0.9919,1.031,10,0.0794,0.267,0.627,21,48.87,2.3083,-1.9438
2,63483307.0,748,20,77,0,1,87.2,89383263.43,0.6193,0.7668,23,0.2973,0.3356,0.6697,21,140.8,4.1522,65.1929
1,30188936.89,1161,10,115,0,1,53.96,19657351.44,0.8288,0.971,11,0.0962,0.318,0.5446,20,65.11,2.6982,30.3989
1,33707387.56,1265,11,124,0,1,32.46,15484850.69,0.7066,0.9213,14,0.1095,0.3149,0.5656,13,45.94,2.4971,24.0989
1,27335843.04,1317,10,130,0,1,44.86,9733136.97,1.26,1.0513,0,0.0,0.3123,0.4516,19,35.61,2.3611,-20.0
0,16788957.91,35,10,5,1,0,26.83,4889042.24,0.9212,1.0529,2,0.4992,0.2673,0.4447,1,29.12,26.8264,15.0613
1,174938781.24,2236,58,224,0,1,77.78,197329477.31,0.6896,0.8735,17,0.0744,0.2385,0.4624,57,112.8,1.3646,36.8685
1,84140798.68,1576,28,161,0,1,48.93,36658574.17,1.123,1.0622,0,0.0,0.281,0.4229,25,43.57,1.9571,-9.421
1,31658561.08,899,10,87,1,1,82.15,20514246.95,1.2677,1.1066,0,0.0,0.3209,0.5449,24,64.8,3.4228,-20.0
1,52873442.72,1752,17,173,0,1,42.24,35396664.38,0.6309,0.6966,59,0.3402,0.3118,0.4858,24,66.95,1.76,93.1756
0,5399152.53,160,11,22,0,0,82.83,3662462.16,1.2211,0.5021,4,0.1669,0.346,0.3803,4,67.83,20.7083,16.0913
1,171630572.0,1740,57,178,0,1,74.77,121102785.2,1.0597,0.8685,20,0.1119,0.3413,0.5849,43,70.56,1.7389,-5.1214
1,41839832.98,1544,13,152,1,1,78.51,38937750.22,0.8436,0.9212,9,0.0623,0.29,0.4631,40,93.06,1.9627,29.7418
1,89098296.11,200,18,25,0,1,51.74,42574527.82,1.0827,0.8457,2,0.0617,0.1972,0.5351,3,47.78,17.2458,7.7
2,166488629.3,1432,33,143,0,1,35.05,84003838.37,0.6947,0.8399,20,0.1365,0.1861,0.422,16,50.46,2.1908,33.5032
1,176395671.57,452,15,53,2,1,47.51,91892455.36,0.9121,0.7187,10,0.1803,0.3649,0.4643,7,52.09,6.7876,42.0994
1,11118610.2,438,52,58,0,1,62.53,5593619.01,1.2429,1.2235,2,0.0335,0.3143,0.3888,9,50.31,6.9474,-13.3133
2,798887492.12,272,87,36,0,1,34.87,365204692.22,0.7628,0.6116,8,0.2179,0.2763,0.6517,3,45.71,11.6241,89.5568
1,39200077.17,2120,13,211,0,1,62.88,37285688.3,0.6611,0.984,39,0.1844,0.329,0.4556,44,95.12,1.4291,34.2498
2,37327983.0,1228,20,120,0,1,39.56,16850858.78,0.8763,1.123,0,0.0,0.1974,0.5238,16,45.14,2.4725,10.6592
1,135731857.05,240,29,32,0,1,50.23,51210953.01,1.3314,0.6621,14,0.4349,0.1677,0.526,4,37.73,12.5584,34.0
1,183817404.19,307,15,37,1,1,64.96,88089765.41,1.3556,1.261,12,0.3157,0.2509,0.5432,6,47.92,10.8269,-0.0174
0,47120804.25,1593,31,160,2,1,32.53,17136142.49,0.8945,0.8153,25,0.1593,0.3346,0.4451,17,36.37,1.9135,0.0597
2,450073674.0,2506,90,253,0,1,34.58,217686908.48,0.715,0.6337,101,0.3984,0.1611,0.3866,28,48.37,1.2351,57.6066
1,49276518.89,267,33,36,2,1,62.63,23999584.26,1.286,1.0795,2,0.0482,0.4168,0.4942,5,48.7,12.5269,7.2904
1,28878723.95,1726,10,173,0,1,41.77,12637135.15,0.9545,1.1511,0,0.0,0.3412,0.5367,24,43.76,1.7403,-0.8987
1,61235519.48,1052,20,108,0,1,42.23,35408628.44,0.7303,0.937,20,0.1822,0.4029,0.5691,14,57.82,3.0163,19.0313
1,104440627.69,537,28,67,2,1,30.85,26212336.35,1.2291,1.2252,5,0.0811,0.2743,0.4679,5,25.1,6.1697,10.8403
2,813715366.52,307,29,39,0,1,79.6,525042068.12,1.2336,0.9928,7,0.1804,0.1781,0.5034,8,64.52,9.9499,20.2132
1,30827126.0,1022,10,105,1,1,74.57,35306518.27,0.6511,0.9165,2,0.0169,0.3278,0.5377,25,114.53,2.9828,63.3422
0,19326255.67,144,11,15,0,1,71.4,23190182.06,0.5951,0.6272,3,0.233,0.4376,0.4082,3,119.99,23.8012,110.4805
0,22814509.22,143,7,17,0,0,42.03,8553866.41,1.1211,0.4608,3,0.1724,0.3186,0.3684,2,37.49,21.0164,18.0267
0,27850588.03,56,12,5,1,0,81.16,17663397.25,1.2798,0.9255,1,0.1428,0.2989,0.498,1,63.42,81.1647,6.459
1,205916462.35,1236,68,124,0,1,61.21,252632048.93,0.4989,0.8347,26,0.2098,0.2736,0.2931,25,122.69,2.4485,60.9899
1,112491905.0,1025,37,103,0,1,44.32,84166817.41,0.5923,0.79,21,0.2055,0.3759,0.5746,15,74.82,2.9545,54.2835
0,3399189.54,104,9,15,0,1,53.44,2518889.17,0.7211,0.9737,1,0.0856,0.4072,0.4937,1,74.1,53.4385,38.6898
1,81115240.25,240,50,32,0,1,72.64,44730670.35,1.3173,1.2258,4,0.1351,0.307,0.4608,5,55.14,14.5285,7.1602
2,159907450.6,2860,31,289,1,1,29.51,102579767.32,0.4601,0.6687,152,0.5262,0.2287,0.3793,28,64.15,1.0541,106.5668
1,58775004.05,141,39,16,0,1,72.98,36783196.69,1.1661,1.0993,7,0.4316,0.2076,0.6251,3,62.58,24.3267,26.5707
0,36161861.0,694,24,72,2,1,77.91,31300534.95,0.9001,0.8694,15,0.2114,0.3351,0.5796,18,86.56,4.3285,11.8611
1,150432464.78,134,45,21,2,1,42.09,64253425.01,0.9854,0.7343,3,0.1639,0.3621,0.5088,1,42.71,42.0908,41.2639
0,8195899.21,58,9,5,2,1,49.45,3251600.72,1.2465,1.1846,1,0.227,0.2528,0.3914,1,39.67,49.4545,-14.9832
1,54146248.18,1214,18,120,1,1,38.99,27831356.15,0.7585,0.8128,27,0.2273,0.3431,0.5705,15,51.4,2.5991,69.9287
1,27861910.3,1484,10,152,1,1,33.41,10368602.45,0.8977,0.7393,38,0.2504,0.3356,0.4801,16,37.21,2.088,23.8173
0,65084017.0,1514,43,154,0,1,41.53,23089371.59,1.1707,0.9288,18,0.1153,0.3944,0.4115,20,35.48,2.0766,-17.1404
0,26598929.42,81,5,12,1,0,82.03,21545657.92,1.0127,1.0132,1,0.1226,0.3672,0.5305,2,81.0,41.0163,10.4988
2,150875292.35,2008,30,199,0,1,55.97,129772497.59,0.6507,0.9333,17,0.0847,0.2205,0.5559,37,86.01,1.5127,29.1443
1,33775053.52,513,51,63,1,1,61.33,22401413.93,0.9247,1.0862,13,0.1989,0.2911,0.4029,10,66.33,6.1328,32.6037
1,124521157.37,440,35,52,2,1,56.05,66458520.52,1.0501,0.8176,14,0.2696,0.2402,0.3585,8,53.37,7.0059,49.1151
1,148910859.67,151,32,23,1,1,52.24,135818153.28,0.5727,0.9783,4,0.173,0.2773,0.4736,2,91.21,26.1177,97.6155
1,57914484.82,1882,19,186,1,1,78.55,49759003.19,0.9142,0.958,21,0.1151,0.3644,0.5454,49,85.92,1.603,13.3081
1,41990020.66,1119,13,110,0,1,58.51,21974334.76,1.1181,1.0558,0,0.0,0.2629,0.4367,21,52.33,2.7862,-5.0682
2,277442644.85,690,47,89,0,1,66.36,202538348.83,0.909,0.5252,24,0.2688,0.3334,0.532,15,73.0,4.4239,79.5893
2,366485998.1,333,125,38,0,1,27.32,73798164.2,1.3569,1.0188,10,0.2652,0.1377,0.5728,3,20.14,9.1076,25.8066
0,10415314.68,37,8,5,1,0,64.66,12513188.86,0.5382,0.635,2,0.3066,0.3024,0.4482,1,120.14,64.6594,112.9652
1,104802623.78,1521,34,150,1,1,47.13,82003479.16,0.6024,0.7678,47,0.311,0.333,0.6443,23,78.25,2.0492,64.564
1,141562579.39,562,30,69,0,1,35.33,96966409.44,0.5158,1.0298,26,0.3708,0.2807,0.4452,6,68.5,5.8888,136.2734
1,83376450.32,1331,27,133,0,1,44.63,40810830.09,0.9119,0.9637,0,0.0,0.2403,0.4269,19,48.95,2.3491,4.9869
1,44051857.94,1829,14,181,0,1,39.1,14584080.78,1.1811,0.9362,24,0.1307,0.2871,0.6427,23,33.11,1.7001,-20.0
1,228140685.14,1799,76,183,0,1,32.97,86364668.8,0.8709,1.0446,0,0.0,0.3001,0.6031,19,37.86,1.7351,7.989
0,26742396.62,48,10,11,2,0,54.3,18056161.38,0.8043,1.2442,7,0.6201,0.367,0.3538,1,67.52,54.3046,30.4296
0,17606137.08,146,12,23,1,0,44.61,5835518.9,1.3459,0.9729,3,0.1364,0.3571,0.5049,2,33.14,22.3052,-18.8009
0,29875203.88,101,12,10,1,1,27.8,6773451.86,1.2262,0.9341,2,0.2143,0.4005,0.4407,1,22.67,27.8009,25.4385
2,30231391.67,799,20,78,0,1,46.52,11472440.96,1.226,1.0518,0,0.0,0.2162,0.4959,12,37.95,3.8769,-20.0
1,38064000.0,984,12,101,0,1,35.73,15758165.63,0.8631,0.8292,24,0.2413,0.2202,0.4951,11,41.4,3.2484,20.6965
1,36310638.74,1393,12,142,0,1,84.13,24881375.05,1.2277,1.0401,0,0.0,0.2591,0.4901,39,68.52,2.1572,-20.0
2,43793035.07,2522,20,256,0,1,42.42,33125154.3,0.5608,0.8683,31,0.1214,0.1495,0.5253,35,75.64,1.2119,77.7463
1,88077944.0,1606,29,163,1,1,53.41,66828765.53,0.7039,0.7229,62,0.3828,0.1889,0.4338,28,75.87,1.9075,40.8961
2,32359172.9,390,20,43,0,1,64.93,38491190.04,0.5459,0.745,11,0.2544,0.3074,0.3788,8,118.95,8.1162,90.7021
2,870113466.86,677,75,81,0,1,86.07,1649986676.36,0.4539,0.9805,13,0.1635,0.3073,0.5791,19,189.63,4.5301,158.0069
0,9458001.6,146,11,22,1,0,26.54,2679646.0,0.9368,0.5132,5,0.2206,0.3679,0.4104,1,28.33,26.5416,30.7528
1,168102801.81,274,60,37,1,1,79.81,118954370.11,1.1279,1.0294,5,0.1404,0.3252,0.6039,7,70.76,11.4019,20.0403
2,262333342.03,844,129,106,0,1,26.0,54190632.33,1.2586,1.0418,64,0.6,0.3749,0.6119,7,20.66,3.7142,27.9115
2,375571302.49,591,105,70,1,1,28.35,80984196.18,1.3149,1.0549,16,0.2283,0.1358,0.4795,5,21.56,5.6705,8.3802
1,27665717.68,1069,10,105,0,1,47.06,16827013.44,0.7738,1.0543,0,0.0,0.3111,0.4724,16,60.82,2.9414,31.2159
2,238752888.06,1348,47,138,0,1,67.36,227682029.47,0.7064,0.9026,6,0.0423,0.2699,0.5288,30,95.36,2.2454,46.9037
1,31009423.0,1020,10,106,1,1,36.43,10595741.77,1.066,1.0413,0,0.0,0.284,0.4835,12,34.17,3.0355,9.0321
0,11480349.82,85,11,9,0,0,36.54,4310323.94,0.9731,1.0356,2,0.1781,0.3571,0.3181,1,37.55,36.5369,12.6589
1,59960875.4,1675,19,169,0,1,73.21,61396860.75,0.715,0.9086,46,0.2709,0.3114,0.5464,40,102.39,1.8303,40.2463
1,154927040.0,2890,51,291,0,1,38.2,56781740.39,1.0422,1.0181,0,0.0,0.2512,0.4622,36,36.65,1.061,-5.5876
1,45358260.68,988,15,99,0,1,77.95,56315963.7,0.6278,0.8374,21,0.2102,0.296,0.5443,25,124.16,3.1179,25.4759
2,73174109.44,496,72,62,1,1,31.28,18617329.17,1.2293,1.0507,14,0.2293,0.3751,0.3817,5,25.44,6.2553,27.1325
1,126761052.08,1902,42,188,1,1,39.87,38768282.44,1.3037,1.0373,0,0.0,0.2743,0.6844,25,30.58,1.5948,-20.0
2,817867276.43,171,90,20,1,1,56.57,455921708.54,1.0148,1.0879,5,0.239,0.2501,0.4771,3,55.75,18.8569,39.8516
1,71189117.02,1428,23,142,0,1,75.79,48139053.2,1.1207,1.0553,0,0.0,0.2944,0.5755,36,67.62,2.1052,-11.3388
2,31293341.36,612,20,60,0,1,40.43,15386246.4,0.8222,0.9433,12,0.2032,0.3772,0.4762,8,49.17,5.0534,14.4438
2,41638600.93,588,127,76,0,1,78.22,36577900.32,0.8904,0.6733,21,0.2809,0.1945,0.5637,15,87.85,5.2145,74.9882
2,163654768.0,2015,32,199,0,1,74.56,135899070.28,0.8979,0.8963,19,0.0941,0.2019,0.4608,50,83.04,1.4913,11.1173
1,100897309.0,1657,33,164,0,1,51.27,61623524.71,0.8394,0.9169,30,0.1818,0.3005,0.4919,28,61.08,1.831,31.5293
0,19034601.13,160,10,24,0,0,80.98,12679018.59,1.2157,1.0686,4,0.1777,0.3402,0.518,4,66.61,20.2453,-16.3401
1,106255359.32,264,44,37,2,1,34.91,28062649.02,1.3219,1.0451,15,0.3962,0.2883,0.4721,3,26.41,11.6371,14.0351
1,166231152.0,1163,55,119,0,1,41.45,68421733.58,1.0071,1.0148,0,0.0,0.3261,0.4454,16,41.16,2.5908,-0.4113
0,76843117.06,2025,51,203,0,1,42.22,63781609.02,0.5087,0.8456,29,0.1448,0.3235,0.5232,28,83.0,1.5079,55.0167
2,28195402.69,828,20,81,0,1,85.61,38482983.49,0.6272,0.7755,27,0.3393,0.2249,0.5205,23,136.49,3.7222,57.762
1,18846891.08,270,38,30,2,1,60.77,9916748.32,1.155,0.8449,1,0.0367,0.38,0.4793,5,52.62,12.1546,19.4882
2,72055176.52,1978,20,201,0,1,25.41,20010437.72,0.9148,0.9328,33,0.1656,0.2977,0.6797,16,27.77,1.5879,53.0021
0,44136764.0,1472,29,145,0,1,64.44,23111148.77,1.2306,1.0163,1,0.01,0.3012,0.5031,31,52.36,2.0787,-15.2311
0,12105891.49,43,9,5,0,1,90.14,9366806.41,1.165,0.4566,2,0.3068,0.3866,0.3765,1,77.37,90.1388,15.9314
0,19035641.98,86,10,12,1,0,37.72,6115795.3,1.1742,0.9309,2,0.1361,0.3221,0.4111,1,32.13,37.7237,-9.5123
1,55704414.42,3247,18,325,2,1,72.35,46199456.16,0.8724,0.9017,57,0.1743,0.2964,0.5614,78,82.94,0.9276,4.4686
2,962898274.94,630,192,67,0,1,62.32,1030394475.67,0.5824,0.7165,25,0.3693,0.2788,0.5813,13,107.01,4.7939,82.9767
2,62215153.16,1242,20,122,1,1,36.7,43087281.08,0.53,0.7451,40,0.331,0.1702,0.6009,15,69.26,2.4469,100.3515
0,65536046.33,1928,43,194,0,1,25.25,12210519.49,1.3552,0.9074,32,0.1632,0.3037,0.3344,16,18.63,1.5781,-20.0
2,147646508.18,2010,29,201,0,1,47.69,76225096.06,0.9238,1.0802,0,0.0,0.2294,0.5836,31,51.63,1.5385,5.222
1,111931712.95,131,20,20,2,1,34.88,30004053.84,1.3012,0.744,5,0.2559,0.2776,0.6692,1,26.81,34.8783,20.7615
1,163618799.86,1478,54,148,0,1,55.6,130111902.64,0.6992,0.8415,12,0.0809,0.3233,0.4734,27,79.52,2.0593,41.2705
0,9140413.51,178,9,20,0,1,61.17,6794642.08,0.8229,0.8974,1,0.056,0.3137,0.3942,3,74.34,20.3905,46.2282
1,181083218.49,138,33,20,0,1,56.34,118675903.98,0.8596,0.9534,10,0.4955,0.244,0.6201,2,65.54,28.1685,56.6075
1,221114401.0,1909,73,190,0,1,88.35,260541008.11,0.7498,0.8845,30,0.1604,0.2737,0.4724,56,117.83,1.5777,49.7587
0,29436431.71,172,14,23,2,0,78.49,24946219.1,0.9261,0.9978,3,0.1515,0.3839,0.418,4,84.75,19.6215,21.8297
1,125129830.04,2468,41,247,0,1,86.83,121508477.66,0.8942,0.934,23,0.0934,0.2796,0.4377,71,97.11,1.223,21.1244
2,827913662.01,622,112,78,1,1,26.11,231248438.31,0.9348,1.2248,9,0.1099,0.278,0.6124,5,27.93,5.2223,34.1186
0,15056774.4,59,12,5,2,0,43.55,7048603.72,0.9302,1.0434,1,0.1101,0.2028,0.4603,1,46.81,43.547,17.3781
1,180640310.04,378,36,48,0,1,39.54,77473069.67,0.922,0.9808,14,0.2883,0.3059,0.4965,4,42.89,9.8862,40.6638
0,7552468.9,36,13,5,2,0,39.48,2303349.2,1.2947,0.7976,1,0.2349,0.313,0.4213,1,30.5,39.4844,-6.9814
0,14759154.64,147,8,21,0,0,54.25,10460684.87,0.7654,0.6837,5,0.2407,0.348,0.4654,2,70.88,27.1257,57.7931
1,28878723.95,1726,10,173,0,1,84.37,24774424.29,0.9834,0.9717,26,0.1515,0.185,0.5195,48,85.79,1.7576,-0.8987
2,32359172.9,390,20,43,0,1,69.02,46029241.05,0.4852,0.7294,13,0.3044,0.2229,0.6788,8,142.24,8.6275,90.7021
0,19986227.45,91,10,15,1,0,51.47,11955298.36,0.8605,1.0293,3,0.1682,0.2995,0.5111,1,59.82,51.4716,12.3935
0,24139147.83,75,11,13,0,1,45.12,8138375.67,1.3382,0.4733,3,0.2258,0.4117,0.3726,1,33.71,45.1166,6.5579
1,99630113.81,1452,33,143,0,1,32.35,41714763.27,0.7726,0.8716,33,0.2333,0.2803,0.4705,15,41.87,2.1565,30.5059
2,110073855.48,290,128,41,1,1,59.95,100961133.03,0.6536,0.9617,8,0.2063,0.224,0.6022,5,91.72,11.9896,97.8766
2,411625150.11,666,82,80,1,1,37.56,187584059.16,0.8242,0.8127,31,0.3887,0.2556,0.5921,8,45.57,4.6951,79.3781
2,28195402.69,828,20,81,0,1,28.5,11054332.32,0.727,0.981,0,0.0,0.256,0.522,7,39.21,4.0721,57.762
1,84016469.59,1471,28,150,0,1,69.42,97095288.98,0.6007,0.8009,32,0.2152,0.443,0.4954,34,115.57,2.0416,65.4714
2,587811507.11,575,72,68,1,1,86.53,602953888.43,0.8436,1.0682,16,0.2288,0.2665,0.6153,16,102.58,5.4082,48.0574
1,160607553.66,2662,53,265,0,1,34.37,77842896.57,0.709,0.9041,60,0.2264,0.2196,0.5539,30,48.47,1.1455,35.3436
2,467116540.85,532,77,69,1,1,70.9,303111292.86,1.0926,0.8997,14,0.2059,0.314,0.6722,12,64.89,5.9082,26.626
2,643681137.96,231,82,25,0,1,89.4,480582153.2,1.1974,1.1115,12,0.4931,0.3094,0.632,6,74.66,14.8995,48.7094
1,41798129.87,1171,13,120,1,1,58.75,32415080.95,0.7575,0.9014,17,0.1437,0.3802,0.4174,22,77.55,2.6703,33.7798
1,133709120.51,1786,44,180,1,1,84.8,146449851.93,0.7742,0.912,5,0.0287,0.2746,0.5083,50,109.53,1.6959,23.9233
1,117139951.73,92,31,15,0,1,27.74,24093204.83,1.3489,0.5359,2,0.1499,0.2162,0.5281,1,20.57,27.7444,32.0328
1,321962568.0,1663,107,167,0,1,51.29,130552678.85,1.2649,1.1616,0,0.0,0.1985,0.4988,28,40.55,1.8317,-20.0
1,268215569.46,1773,89,181,0,1,68.72,254485396.07,0.7243,0.9433,27,0.1484,0.2741,0.3249,40,94.88,1.718,25.3694
0,4744939.5,113,9,13,1,0,54.12,2722106.29,0.9433,0.75,0,0.034,0.3637,0.5056,2,57.37,27.0592,13.1791
1,139109010.54,386,36,48,0,1,47.44,53702887.72,1.229,0.8931,9,0.1912,0.2692,0.477,6,38.6,7.9074,29.5225
0,19171051.59,159,9,19,0,0,30.58,5715368.54,1.0258,1.182,2,0.094,0.4648,0.5657,1,29.81,30.5813,-4.1044
2,28395529.69,2118,20,209,0,1,70.78,31984309.01,0.6284,0.8033,48,0.2295,0.2625,0.5146,49,112.64,1.4446,60.84
2,862729806.93,778,83,100,0,1,64.56,502611107.03,1.1082,1.0841,46,0.4634,0.2705,0.4644,16,58.26,4.0351,42.8687
2,536447667.71,526,61,68,0,1,58.55,385538545.26,0.8147,0.8303,23,0.3357,0.1942,0.5218,10,71.87,5.8554,82.3703
1,27967755.62,182,41,19,0,1,81.47,19720687.97,1.1555,1.2019,2,0.1164,0.3456,0.4145,4,70.51,20.3687,11.6936
2,261544851.77,659,116,80,0,1,58.31,142354150.87,1.0713,0.9521,5,0.0675,0.2225,0.5111,12,54.43,4.8592,44.3233
2,28395529.69,2118,20,209,0,1,86.31,46018807.05,0.5326,0.8437,44,0.2104,0.1904,0.6041,60,162.06,1.4385,60.84
1,9721049.36,207,35,26,0,1,32.87,3428437.28,0.932,0.7807,2,0.0742,0.2424,0.5142,2,35.27,16.4353,32.8532
1,51647962.96,567,42,74,1,1,68.61,49386560.74,0.7175,0.8469,5,0.0724,0.2964,0.4147,12,95.62,5.7172,59.9586
0,14502875.71,107,10,17,1,1,66.37,9195548.33,1.0468,0.725,3,0.1843,0.4638,0.4331,2,63.4,33.187,41.8576
1,50782315.51,1303,16,130,0,1,73.22,50851854.14,0.7312,0.8321,20,0.1542,0.3814,0.4487,31,100.14,2.3619,25.7279
0,9237779.93,96,13,14,0,0,54.99,6644851.04,0.7645,0.8245,1,0.1054,0.2796,0.5555,1,71.93,54.9891,40.0109
1,90583070.31,1473,30,150,0,1,83.72,74601760.44,1.0165,1.0181,0,0.0,0.3337,0.5096,41,82.36,2.0419,-4.7428
2,74915642.44,308,121,42,1,1,88.24,73788776.44,0.8959,1.0183,4,0.086,0.2147,0.6183,9,98.5,9.8047,41.9781
0,34468711.82,827,22,84,0,1,47.25,22327932.78,0.7295,0.9682,6,0.0749,0.3764,0.4922,13,64.78,3.6349,14.0024
0,23276730.83,89,11,9,0,0,74.95,15128237.02,1.1532,1.2198,3,0.3189,0.2394,0.4458,2,64.99,37.4739,-15.7175
1,212588735.23,1397,70,141,0,1,50.24,86168116.01,1.2395,1.1228,0,0.0,0.2355,0.5614,23,40.53,2.1844,-20.0
2,68914237.0,990,20,99,2,1,74.7,41270357.66,1.2474,1.1124,0,0.0,0.2878,0.4984,24,59.89,3.1126,-20.0
1,96397950.73,292,27,35,0,1,26.94,22135526.46,1.1733,0.7928,6,0.1823,0.4056,0.6242,2,22.96,13.4713,13.6167
0,12554841.62,128,7,19,1,0,81.61,8383862.66,1.2222,0.787,1,0.0702,0.3857,0.4999,3,66.78,27.2049,-7.667
0,4893152.31,34,16,9,2,1,46.81,2679704.19,0.8547,1.1196,1,0.0756,0.4363,0.2967,1,54.76,46.8068,18.9379
1,182338982.5,596,30,79,1,1,53.81,96088414.88,1.021,0.9284,3,0.0318,0.4333,0.6419,10,52.7,5.3806,23.2876
0,17582245.86,107,15,18,2,0,44.4,7469828.51,1.0451,0.857,0,0.0178,0.3605,0.4287,1,42.49,44.4012,-9.727
0,28442379.8,81,8,15,2,0,32.36,7833681.53,1.1747,1.2498,5,0.331,0.3804,0.373,1,27.54,32.3553,-13.6484
2,34801112.98,1070,20,107,0,1,66.57,32010824.41,0.7237,0.7728,43,0.3973,0.2018,0.6716,23,91.98,2.8941,47.2886
1,133699494.71,104,32,15,0,1,47.13,127446285.87,0.4944,1.1769,5,0.3049,0.2663,0.4642,1,95.32,47.1294,123.2101
2,840605293.15,859,107,112,0,1,64.77,726368899.22,0.7496,1.2427,2,0.0146,0.3219,0.5797,18,86.41,3.5985,58.4683
0,17357236.98,127,11,12,1,1,63.97,13287920.84,0.8356,0.7175,1,0.0584,0.3417,0.6645,2,76.56,31.9845,32.0359
2,74350217.09,224,101,32,1,1,59.53,45257583.27,0.9779,0.6799,5,0.1654,0.2616,0.552,4,60.87,14.882,49.2484
2,41511546.0,890,20,91,2,1,42.22,50079165.24,0.35,0.5265,43,0.4723,0.12,0.6759,12,120.64,3.5186,134.7985
0,3819622.56,48,8,7,0,0,49.61,1573385.11,1.2044,0.6534,2,0.2359,0.2294,0.5367,1,41.19,49.6122,-2.0805
1,174162502.4,2650,58,266,0,1,41.46,101828276.65,0.7091,0.9966,32,0.1186,0.2728,0.5182,36,58.47,1.1517,8.3843
1,442441114.45,2373,147,239,0,1,74.22,340744804.34,0.9637,1.0619,0,0.0,0.2114,0.5747,58,77.01,1.2796,6.196
1,51078291.64,1364,17,137,0,1,84.34,41253251.42,1.0443,0.9823,1,0.005,0.3829,0.4752,38,80.76,2.2196,-0.2361
1,140586244.12,1249,46,128,0,1,62.0,115605517.5,0.754,0.8143,17,0.1309,0.185,0.4118,25,82.23,2.48,46.9911
2,91040865.0,1846,20,188,0,1,53.81,74893695.23,0.6541,0.81,55,0.2906,0.3214,0.5043,33,82.26,1.6307,80.4812
2,139432956.44,435,100,51,2,1,82.52,150716851.09,0.7635,0.9168,32,0.6296,0.2202,0.5971,11,108.09,7.5022,87.1358
1,133711825.75,330,40,43,1,1,42.48,42650136.67,1.3318,1.0069,8,0.1929,0.3195,0.5366,4,31.9,10.62,9.9948
2,452754662.14,652,106,83,0,1,65.49,289891602.76,1.0228,0.8584,14,0.1704,0.3236,0.5294,14,64.03,4.6776,55.33
2,68137536.0,377,94,48,0,1,36.38,29444824.3,0.8419,0.9576,13,0.2635,0.2151,0.647,4,43.21,9.0952,73.5356
0,6258239.44,120,12,15,0,0,25.85,1817238.48,0.8903,0.6923,6,0.4011,0.3488,0.4494,1,29.04,25.8527,35.7215
0,11861724.0,70,16,12,0,1,46.34,5193817.68,1.0582,0.6245,2,0.1419,0.3485,0.4045,1,43.79,46.3354,8.9031
0,30904004.03,1586,20,158,0,1,76.85,31934246.64,0.7437,0.7812,55,0.3463,0.44,0.5661,40,103.33,1.9212,27.6082
1,67276012.33,221,39,25,0,1,34.97,29888155.47,0.7872,0.4412,10,0.3887,0.2518,0.4495,2,44.43,17.487,69.3138
2,44450172.5,640,20,65,2,1,81.29,52180460.33,0.6924,0.8974,10,0.1504,0.2832,0.6334,17,117.39,4.7815,70.9372
1,106082207.56,1428,35,142,0,1,47.79,94105154.23,0.5387,0.8178,30,0.2128,0.4046,0.5538,22,88.71,2.1722,38.5682
1,149565662.0,3226,49,321,0,1,49.07,83001695.37,0.8842,0.9358,31,0.0954,0.2289,0.3469,52,55.5,0.9436,20.3475
1,35345467.51,1505,11,150,1,1,62.81,37233103.14,0.5962,0.8385,34,0.2256,0.3214,0.4855,31,105.34,2.026,67.0589
0,21865296.04,42,9,5,0,0,64.12,19737666.25,0.7103,0.5178,0,0.015,0.4469,0.5272,1,90.27,64.1153,67.533
2,28062983.26,2345,20,237,1,1,84.0,67350378.7,0.35,0.4721,154,0.65,0.2471,0.513,65,240.0,1.2923,168.2839
2,877554316.75,852,60,106,0,1,48.23,607724418.66,0.6964,1.081,8,0.0752,0.2065,0.645,13,69.25,3.7098,84.3616
1,155071022.29,1405,51,143,0,1,46.09,204188966.57,0.35,0.5973,64,0.4506,0.3201,0.5036,21,131.67,2.1946,125.4427
1,119086260.94,186,32,28,1,1,51.84,46373062.3,1.3312,0.6841,13,0.4561,0.2433,0.4493,3,38.94,17.2793,46.7756
2,35459048576.0,994,500,100,0,1,59.91,35426565073.03,0.5996,0.7099,45,0.4523,0.1991,0.5614,19,99.91,3.153,102.9705
1,52620114.59,569,17,59,2,1,62.38,39917540.24,0.8223,0.7688,23,0.3853,0.2297,0.4201,11,75.86,5.6712,41.5048
1,90583070.31,1473,30,150,0,1,45.74,47139518.67,0.879,0.8939,38,0.2563,0.2372,0.5428,22,52.04,2.0792,-4.7428
1,145815855.01,2958,48,293,1,1,73.27,180253567.34,0.5927,0.899,30,0.1022,0.3327,0.5768,72,123.62,1.0176,51.6452
2,153917535.93,673,95,89,0,1,73.86,134815225.62,0.8432,0.7891,8,0.0879,0.2723,0.5952,16,87.59,4.6161,59.8216
1,127412368.07,337,44,42,1,1,58.61,70503718.04,1.0592,1.1368,11,0.2619,0.2295,0.4853,6,55.34,9.7687,23.1718
1,51550598.71,699,17,71,1,1,67.09,42902767.5,0.8061,0.8519,9,0.1323,0.2179,0.6031,15,83.22,4.4726,35.7362
0,15614958.16,125,10,16,1,1,27.97,10893369.93,0.4009,0.9581,5,0.2855,0.3155,0.3456,1,69.76,27.9708,176.22
2,54415304.49,566,99,74,2,1,33.94,46175036.13,0.4,1.0398,22,0.2978,0.1615,0.5352,6,84.86,5.6571,187.7022
1,30101189.0,1036,10,101,0,1,48.67,12569991.46,1.1654,1.0291,4,0.0355,0.2696,0.5185,16,41.76,3.0416,-16.1568
2,518251028.52,472,110,56,1,1,32.03,144508180.91,1.1486,0.9033,17,0.2951,0.2097,0.5959,5,27.88,6.4053,47.8583
1,67495820.28,1726,22,171,1,1,33.06,39013539.79,0.5719,0.7424,60,0.3502,0.1997,0.549,19,57.8,1.74,63.9813
2,774900086.18,260,84,35,2,1,87.95,1325988212.48,0.5139,0.4347,4,0.1068,0.261,0.5611,7,171.12,12.5637,151.1547
1,27589756.89,918,10,94,0,1,33.48,14286422.84,0.6465,0.7125,37,0.3958,0.4157,0.5176,10,51.78,3.3475,68.9528
0,1977472.5,122,12,13,0,0,54.15,1089427.35,0.9829,1.1427,3,0.2018,0.3376,0.462,2,55.09,27.0762,15.0666
0,1998765.64,190,9,24,1,0,56.83,1717381.47,0.6614,1.0001,4,0.16,0.3456,0.3283,3,85.92,18.9428,60.5392
1,36114801.87,1320,12,136,0,1,64.51,27729166.56,0.8402,0.9059,24,0.1793,0.2953,0.4647,28,76.78,2.3041,25.8581
2,39321248.41,980,20,101,2,1,80.44,44274184.3,0.7144,0.8329,11,0.1136,0.2871,0.4694,26,112.6,3.0938,25.9727
1,174308425.55,286,33,37,1,1,36.03,68102803.85,0.9222,0.8204,11,0.3042,0.2438,0.4232,3,39.07,12.0106,46.8622
1,184593850.5,127,24,17,0,1,45.18,70309525.83,1.1863,0.8437,0,0.0167,0.394,0.5114,1,38.09,45.1832,12.8205
1,376452420.97,2579,125,260,0,1,82.39,372340791.0,0.833,0.9995,26,0.0984,0.2418,0.4379,70,98.91,1.177,15.2537
1,98523707.75,406,65,49,0,1,77.51,77382977.0,0.9869,0.9059,15,0.309,0.4028,0.5138,10,78.54,7.751,49.8908
1,767752737.03,1993,255,201,0,1,31.93,361385462.48,0.6783,0.7452,74,0.3693,0.2867,0.397,21,47.07,1.5204,39.4905
0,19690226.53,56,10,9,0,0,68.66,12524662.42,1.0794,0.8485,3,0.3456,0.4793,0.339,1,63.61,68.6603,13.8223
1,39450518.92,827,13,85,0,1,77.69,29985842.07,1.0221,0.9622,0,0.0,0.2905,0.5861,21,76.01,3.6994,2.4444
2,56003096.47,1237,20,121,0,1,58.9,27260856.4,1.2099,0.993,2,0.0184,0.2799,0.665,24,48.68,2.454,-20.0
2,35459048576.0,994,500,100,0,1,81.94,57275258785.59,0.5073,0.7616,33,0.3291,0.2125,0.5545,27,161.53,3.035,102.9705
0,11478574.03,185,8,22,2,1,84.56,11014801.96,0.8812,1.0952,6,0.2682,0.3633,0.5626,5,95.96,16.9113,37.1871
0,50878598.0,1529,33,156,0,1,33.57,23115463.08,0.7389,0.9335,15,0.0988,0.4052,0.3703,17,45.43,1.9748,14.4463
1,93044230.73,517,36,66,1,1,73.17,60918659.74,1.1176,0.9075,12,0.1773,0.3643,0.5415,12,65.47,6.0978,23.6078
1,62189627.0,1271,20,127,0,1,62.7,37155059.47,1.0495,0.9246,18,0.1387,0.3384,0.4436,26,59.74,2.4116,1.0136
0,6236778.89,183,11,23,2,1,74.57,3488502.3,1.3331,1.2006,2,0.0784,0.4289,0.5968,4,55.93,18.6421,-16.219
1,74465363.21,275,46,31,2,1,64.98,54627108.98,0.8858,1.0942,1,0.0375,0.1977,0.4575,5,73.36,12.9968,38.637
2,945492330.89,660,110,80,1,1,35.52,341508074.88,0.9835,1.1109,19,0.2355,0.1664,0.7159,7,36.12,5.0749,24.8733
1,72934672.06,1815,24,185,0,1,51.81,61677019.36,0.6127,0.9098,39,0.21,0.3144,0.4795,31,84.56,1.6714,53.6331
2,37770706.5,1267,20,129,0,1,49.42,43107158.14,0.433,0.6791,52,0.406,0.3012,0.72,20,114.13,2.471,109.7485
1,6647434.4,289,40,34,1,1,54.29,3388766.89,1.0649,1.1563,7,0.1913,0.3266,0.4244,5,50.98,10.857,31.8714
2,438260783.58,455,110,61,2,1,32.99,129828109.44,1.1138,0.9877,33,0.5398,0.1405,0.6011,5,29.62,6.5989,50.673
0,23984934.04,187,11,21,1,0,46.88,10058671.26,1.1178,0.5187,1,0.0588,0.316,0.4469,2,41.94,23.4391,16.1358
0,59754923.39,1459,39,143,0,1,66.29,42618843.16,0.9295,1.0072,0,0.0,0.2591,0.3908,32,71.32,2.0716,23.8285
0,10446347.83,154,10,24,1,0,42.83,6259121.7,0.7148,1.0092,5,0.2235,0.3362,0.3898,2,59.92,21.414,52.4786
1,197213269.7,149,40,20,2,1,78.84,155406719.52,1.0005,0.9191,9,0.4427,0.148,0.4459,3,78.8,26.2792,47.1223
1,57342125.87,2432,19,242,2,1,90.59,86883576.78,0.5979,0.8012,63,0.2615,0.2803,0.4887,73,151.52,1.241,71.8431
0,3157773.64,149,11,15,1,0,70.1,1827932.55,1.211,1.1179,6,0.4305,0.3984,0.2659,3,57.89,23.3677,-14.6804
1,58971553.34,332,56,42,0,1,82.23,38100026.11,1.2727,0.7273,7,0.1721,0.3095,0.5976,9,64.61,9.1365,12.2369
2,75875349.89,420,20,40,2,1,83.0,112016345.94,0.5622,0.7112,16,0.3998,0.2854,0.72,11,147.63,7.5455,74.0855
0,11229460.28,134,11,16,0,1,51.44,4769522.67,1.2111,0.9811,4,0.2299,0.3836,0.4409,2,42.47,25.7187,0.6209
1,78408544.3,3062,26,305,0,1,74.9,101314687.83,0.5796,0.8712,58,0.1911,0.2768,0.5536,76,129.21,0.9855,79.8898
2,710595889.57,697,51,86,0,1,66.36,406514560.95,1.16,0.9508,13,0.1542,0.2595,0.5231,15,57.21,4.424,32.6782
1,5326491.69,571,33,71,2,1,80.87,4019211.8,1.0718,1.1316,16,0.2238,0.242,0.6633,15,75.46,5.3916,0.7615
2,937952494.79,161,97,18,0,1,79.15,664595655.63,1.1171,0.9128,3,0.1799,0.3298,0.5585,4,70.86,19.7885,53.1313
1,62189627.0,1271,20,127,0,1,42.59,28371952.91,0.9336,0.9599,4,0.0279,0.3045,0.5998,18,45.62,2.3662,1.0136
1,58590140.0,1979,19,200,0,1,47.3,27521948.08,1.0069,0.7855,53,0.2644,0.2995,0.4676,31,46.97,1.5258,27.7108
0,28555410.6,91,5,9,0,1,60.02,14502267.55,1.1817,1.0939,2,0.2672,0.4316,0.3128,1,50.79,60.0155,8.2425
2,635109573.19,594,57,72,2,1,64.94,480937491.19,0.8575,1.2037,31,0.4289,0.4234,0.5266,12,75.73,5.4114,58.872
0,44136764.0,1472,29,145,0,1,63.67,22363853.29,1.2565,1.0316,0,0.0,0.3162,0.4495,31,50.67,2.0538,-15.2311
1,119182971.68,921,39,90,0,1,84.15,137555627.46,0.7291,0.931,21,0.2312,0.2788,0.4705,25,115.42,3.3659,34.7694
1,115508562.42,143,41,16,0,1,36.65,76002832.45,0.5571,0.9689,3,0.1605,0.3,0.4565,1,65.8,36.6533,104.073
2,368246383.31,614,99,74,0,1,91.8,263731001.66,1.2818,1.0616,13,0.1692,0.446,0.5172,18,71.62,5.0998,24.8227
2,175268932.5,1850,35,189,1,1,31.03,95748471.67,0.568,0.7687,56,0.2952,0.2482,0.535,19,54.63,1.6332,78.346
2,58990292.0,828,20,83,1,1,35.84,60410384.01,0.35,0.633,48,0.5829,0.3756,0.4337,9,102.41,3.9825,115.7901
0,19511753.15,106,8,13,1,0,76.87,11205239.58,1.3385,0.813,7,0.5437,0.2502,0.5591,2,57.43,38.4331,-3.6674
1,44771420.45,875,14,86,0,1,37.39,15851904.91,1.0561,1.1027,0,0.0,0.2221,0.4181,10,35.41,3.7394,-7.2076
1,94247033.42,909,31,91,0,1,80.98,61904215.57,1.2329,1.0482,0,0.0,0.3349,0.4422,24,65.68,3.3741,-19.7502
2,41932974.9,626,20,64,0,1,89.32,44625068.19,0.8393,0.9204,10,0.1569,0.1649,0.4805,18,106.42,4.9623,17.525
1,54418716.0,1092,18,110,0,1,52.0,32721551.45,0.8649,1.0222,0,0.0,0.2771,0.5707,18,60.13,2.8891,16.0301
1,172776350.98,90,39,16,1,1,36.08,63336003.15,0.9842,0.8809,3,0.1905,0.2744,0.4254,1,36.66,36.0798,45.8034
0,27225363.61,188,14,24,1,0,80.54,20897681.08,1.0493,0.899,12,0.4811,0.3607,0.5339,5,76.76,16.1077,30.9624
2,92713671.01,594,20,63,0,1,59.5,81703520.08,0.6752,0.8651,5,0.0868,0.3354,0.5225,11,88.12,5.4092,38.0011
2,52373824.46,2098,20,213,1,1,60.15,35224590.52,0.8943,1.0312,0,0.0,0.2097,0.5849,42,67.26,1.432,1.8239
1,54146248.18,1214,18,120,1,1,89.47,86010483.67,0.5632,0.7922,24,0.2013,0.3257,0.5792,36,158.85,2.4852,69.9287
0,80155733.22,1616,53,159,2,1,85.07,129354321.49,0.5272,0.8323,27,0.1695,0.2306,0.4878,45,161.38,1.8905,60.8281
1,126761052.08,1902,42,188,1,1,80.37,81464356.62,1.2506,1.057,0,0.0,0.273,0.6036,50,64.27,1.6074,-20.0
2,615558124.96,274,66,36,0,1,84.94,545635187.37,0.9583,0.6496,1,0.0284,0.2363,0.5061,7,88.64,12.1348,52.2115
1,170880103.75,287,49,38,1,1,48.74,95777944.36,0.8696,1.0581,12,0.3285,0.2299,0.5462,4,56.05,12.1848,42.8629
0,24193200.09,76,13,8,1,0,28.41,7039890.09,0.9763,1.106,5,0.5959,0.2827,0.4445,1,29.1,28.41,39.8783
1,198248415.29,575,24,69,1,1,75.56,129538532.01,1.1564,0.5908,17,0.2492,0.4132,0.624,14,65.34,5.3971,49.7873
0,8839569.24,41,8,10,0,0,43.86,4469915.73,0.8674,1.0663,2,0.2046,0.318,0.5032,1,50.57,43.8626,18.8231
1,32759566.92,1401,10,142,0,1,68.2,30361526.31,0.7359,0.8592,37,0.264,0.3222,0.4254,31,92.68,2.2,50.3582
1,88182678.22,448,31,57,1,1,54.32,48872259.72,0.9801,0.7643,9,0.1534,0.2076,0.7158,8,55.42,6.7895,51.3934
1,44771420.45,875,14,86,0,1,71.42,30180020.38,1.0595,1.0553,0,0.0,0.2675,0.3645,20,67.41,3.5711,-7.2076
1,27445168.03,1354,10,133,0,1,60.22,13602606.19,1.215,1.074,0,0.0,0.3232,0.535,27,49.56,2.2303,-20.0
1,169880054.51,1847,56,186,0,1,82.62,209975372.04,0.6684,0.7933,55,0.2935,0.3347,0.5062,50,123.6,1.6524,50.2524
2,52816501.61,2860,20,289,1,1,81.99,87746602.39,0.4935,0.7012,125,0.4324,0.3511,0.5618,78,166.13,1.0511,131.3488
0,11875944.43,149,9,17,0,0,53.5,13355242.11,0.4758,1.0475,11,0.65,0.3346,0.635,2,112.46,26.7516,126.9261
1,90583070.31,1473,30,150,0,1,38.42,32239588.13,1.0794,0.9983,0,0.0,0.3006,0.423,18,35.59,2.1343,-4.7428
0,7901705.6,191,10,23,1,1,75.37,4750415.6,1.2538,0.8376,0,0.0185,0.2578,0.4841,4,60.12,18.8435,-10.1553
1,77832104.62,518,42,68,2,1,42.89,29535483.49,1.1303,0.9224,19,0.2724,0.3512,0.5868,7,37.95,6.1275,29.5134
1,133709120.51,1786,44,180,1,1,72.54,141057956.47,0.6876,1.0091,0,0.0,0.2988,0.459,43,105.5,1.687,23.9233
1,52540275.83,1382,17,142,1,1,67.23,61005650.38,0.579,0.7969,37,0.2635,0.1956,0.5323,30,116.11,2.2411,63.8915
1,98418027.51,268,33,38,2,1,88.23,82869723.55,1.0479,0.9766,17,0.4351,0.292,0.4499,7,84.2,12.6046,41.628
1,98846727.24,2047,32,205,0,1,32.67,30804115.89,1.0483,1.197,0,0.0,0.2073,0.4788,22,31.16,1.4849,-19.026
2,473886279.59,594,101,79,2,1,77.34,468945060.86,0.7815,0.6469,31,0.3899,0.2138,0.5674,15,98.96,5.1557,92.3622
0,14777641.25,39,8,6,0,1,88.68,11377233.52,1.1518,1.1277,1,0.0922,0.4054,0.543,1,76.99,88.6793,2.535
2,352405582.74,493,71,63,1,1,70.92,340495211.26,0.734,0.8905,10,0.1563,0.227,0.666,11,96.62,6.4475,79.5388
2,206090411.74,814,108,101,2,1,91.61,180332784.26,1.0469,0.6597,8,0.0827,0.3299,0.5155,24,87.5,3.8169,51.2169
1,74267504.86,140,21,18,1,1,34.01,26725685.2,0.9452,1.0236,2,0.0847,0.3486,0.5737,1,35.99,34.0146,28.6491
1,46387334.52,947,15,94,0,1,65.2,29051895.61,1.0411,1.0536,0,0.0,0.3124,0.3988,20,62.63,3.26,-4.9082
1,32128671.0,2063,10,208,1,1,33.29,13299954.51,0.8043,0.9972,0,0.0,0.3414,0.3981,22,41.4,1.5134,24.4326
1,104884423.44,549,46,69,0,1,57.22,46776338.25,1.2831,1.0736,38,0.5453,0.3216,0.4775,10,44.6,5.7222,41.5677
2,520465016.29,289,110,39,1,1,81.87,408384584.54,1.0434,1.1027,2,0.0449,0.3167,0.549,7,78.47,11.696,18.5867
2,503291048.11,846,45,108,2,1,60.61,317538077.99,0.9606,0.8061,10,0.0882,0.3488,0.593,17,63.09,3.565,55.1616
0,927458.96,116,14,13,0,0,70.44,576084.07,1.1341,1.1738,3,0.2345,0.286,0.471,2,62.11,35.2222,-0.7234
1,43686267.0,1997,14,198,0,1,42.06,25855841.92,0.7107,1.09,0,0.0,0.3256,0.5174,27,59.19,1.5579,32.1201
2,589090821.77,368,83,47,1,1,67.15,469121559.32,0.8432,0.519,17,0.3703,0.2896,0.5273,8,79.63,8.3936,102.0116
0,1736469.57,106,8,14,1,0,70.52,1349061.04,0.9077,1.163,4,0.2875,0.4092,0.4216,2,77.69,35.2589,17.0717
1,18290003.88,392,35,54,1,1,56.21,9916321.29,1.0368,1.0443,3,0.0601,0.2805,0.5992,7,54.22,8.0301,22.9487
0,18543509.35,43,7,5,1,1,91.56,19166216.17,0.8859,1.0232,2,0.3188,0.5382,0.4201,1,103.36,91.5632,30.0693
2,28680061.86,2090,20,210,0,1,48.1,22496771.23,0.6131,0.8549,25,0.1168,0.2393,0.6268,33,78.44,1.4574,61.0666
1,34199505.89,910,11,92,0,1,88.17,30155662.84,0.9999,1.0009,0,0.0,0.2131,0.4959,26,88.18,3.3912,4.655
2,960289760.2,677,61,87,0,1,76.3,651895742.81,1.124,0.8289,32,0.3646,0.2991,0.5062,17,67.89,4.4884,43.3166
0,15268680.71,87,11,12,2,0,68.48,10500323.61,0.9958,0.8766,5,0.3914,0.3329,0.2766,1,68.77,68.4794,28.4517
1,19998842.62,104,40,18,0,1,60.05,13272224.1,0.9049,0.6655,7,0.3982,0.2467,0.5824,2,66.36,30.0252,57.3148
0,10139085.11,143,6,16,1,0,57.64,6411307.64,0.9116,1.0363,5,0.3003,0.4227,0.4633,2,63.23,28.8209,26.0465
1,100449300.41,469,11,59,1,1,83.87,65450020.88,1.2873,1.1234,4,0.0619,0.12,0.3061,13,65.16,6.4519,1.8387
0,49348718.79,1119,32,110,0,1,72.14,36704050.11,0.9699,1.0645,0,0.0,0.3854,0.4266,26,74.38,2.7746,3.4298
2,559698951.19,883,86,114,0,1,27.81,161683010.62,0.9626,0.5328,10,0.0875,0.2151,0.5606,8,28.89,3.4757,50.5014
2,183631749.67,255,70,30,2,1,60.72,123528274.14,0.9026,0.8184,10,0.3192,0.2438,0.5885,5,67.27,12.1431,68.1343
2,222412958.64,722,91,88,0,1,59.63,141987817.67,0.934,0.8576,27,0.3103,0.1901,0.515,14,63.84,4.259,66.0495
2,35459048576.0,994,500,100,0,1,84.96,72653089994.05,0.4147,0.5831,59,0.5919,0.2275,0.5317,28,204.89,3.0344,102.9705
2,244517248.54,423,66,50,0,1,91.78,301427016.44,0.7445,0.744,17,0.3385,0.1311,0.4167,12,123.27,7.6485,80.0303
2,126236579.06,1427,25,143,0,1,47.05,69448533.14,0.8552,1.1142,0,0.0,0.1501,0.72,22,55.01,2.1385,15.5609
2,58721309.35,1240,20,128,0,1,45.12,38542069.16,0.6874,0.7471,56,0.4374,0.2289,0.5312,18,65.64,2.5065,57.7351
1,197044520.16,335,27,44,0,1,71.31,138087060.91,1.0176,0.9871,16,0.3615,0.2948,0.4107,7,70.08,10.1871,34.5251
1,46237336.47,1946,15,195,0,1,88.5,61368557.31,0.6668,0.7823,48,0.2444,0.2969,0.5246,57,132.73,1.5526,64.7592
2,43793035.07,2522,20,256,0,1,65.26,63565008.71,0.4496,0.7678,65,0.255,0.1327,0.6715,54,145.15,1.2085,77.7463
1,685131614.13,3408,228,340,0,1,64.93,620976298.18,0.7164,0.863,17,0.0492,0.2902,0.4256,73,90.64,0.8895,30.1671
2,56003096.47,1237,20,121,0,1,62.44,27403935.29,1.276,1.1074,0,0.0,0.1808,0.4826,25,48.93,2.4976,-20.0
1,55328989.8,1829,18,180,0,1,86.15,49964523.19,0.954,0.9978,11,0.0595,0.2841,0.48,52,90.3,1.6567,15.6391
0,12805552.57,42,6,9,0,1,79.52,11073012.61,0.9197,1.1742,2,0.1983,0.5476,0.467,1,86.47,79.524,23.9616
1,39063966.35,1449,13,147,0,1,85.88,47021971.65,0.7134,0.9165,6,0.0404,0.3123,0.549,41,120.37,2.0946,39.2827
1,39450518.92,827,13,85,0,1,40.37,16657932.13,0.956,1.0527,0,0.0,0.1935,0.4936,11,42.22,3.6696,2.4444
1,685131614.13,3408,228,340,0,1,89.74,723236465.82,0.8501,0.86,40,0.1162,0.4102,0.7034,101,105.56,0.8885,30.1671
1,36955087.65,1929,12,195,0,1,78.67,21992679.28,1.3219,1.2392,0,0.0,0.2661,0.5441,50,59.51,1.5734,-20.0
0,1295305.67,149,7,20,2,0,81.34,1312773.98,0.8025,0.9916,3,0.1361,0.3062,0.3092,4,101.35,20.3341,37.1631
1,233375733.0,3366,77,340,0,1,81.5,205465283.7,0.9257,1.075,0,0.0,0.3247,0.5083,91,88.04,0.8956,0.3187
2,41115000.0,1447,20,142,1,1,70.96,47810926.86,0.6102,0.7763,42,0.2956,0.2629,0.5009,34,116.29,2.0871,100.4836
0,11415022.55,114,10,18,0,0,89.62,9968574.33,1.0262,0.8683,2,0.1183,0.2712,0.5041,3,87.33,29.8725,13.6895
2,421932935.7,519,101,61,2,1,39.64,139850170.12,1.1959,0.6476,30,0.4918,0.3958,0.5006,6,33.15,6.6064,53.0162
0,26740904.85,107,10,16,1,0,36.98,7923464.03,1.2481,1.1346,3,0.1902,0.3954,0.4146,1,29.63,36.9819,-20.0
1,190277724.2,461,52,58,1,1,45.2,78354097.06,1.0975,0.9348,1,0.0237,0.2035,0.5228,6,41.18,7.5325,30.4828
1,33617472.1,3380,11,341,0,1,38.24,18615703.33,0.6906,0.9292,39,0.1138,0.3183,0.4663,43,55.38,0.8893,18.3769
1,43615262.5,924,14,92,0,1,67.71,39359444.89,0.7503,0.9409,12,0.1317,0.3129,0.5092,20,90.24,3.3853,41.1705
2,40235169.13,565,20,54,1,1,47.16,14469188.31,1.3115,0.8643,7,0.1312,0.2006,0.5555,8,35.96,5.8954,-20.0
2,28170809.32,970,20,101,0,1,50.23,19939114.03,0.7096,0.89,17,0.1722,0.2905,0.4042,16,70.78,3.1391,57.9041
2,91601317.38,3105,20,308,0,1,77.98,164259581.45,0.4348,0.4369,200,0.65,0.2972,0.5473,80,179.32,0.9747,156.7785
0,3624784.52,41,11,5,0,1,51.21,1836597.0,1.0107,1.2418,2,0.4558,0.3877,0.4132,1,50.67,51.2122,17.2136
1,63309242.49,1260,21,124,0,1,32.07,22650419.88,0.8965,0.8526,36,0.2891,0.4494,0.5313,13,35.78,2.4671,4.8505
2,68738271.82,1564,20,159,0,1,38.95,36376196.29,0.7361,0.7541,57,0.3554,0.29,0.5856,20,52.92,1.9477,32.0928
2,238752888.06,1348,47,138,0,1,86.76,314037267.35,0.6596,0.8973,31,0.2223,0.3577,0.642,38,131.53,2.2833,46.9037
1,1936534993.61,2565,500,260,0,1,71.72,2068223292.11,0.6716,0.9105,15,0.0588,0.3527,0.4965,61,106.8,1.1758,37.6651
1,14287910.69,547,55,66,2,1,68.95,9094453.43,1.0833,0.5813,10,0.1448,0.2964,0.4459,12,63.65,5.7459,39.4375
1,155796264.6,130,22,20,2,1,29.74,34283860.77,1.3517,0.5353,12,0.5907,0.2659,0.5129,1,22.01,29.7439,44.8101
2,64903013.4,2291,20,228,0,1,40.18,28531606.83,0.9139,1.102,0,0.0,0.1962,0.5737,30,43.96,1.3392,20.7951
0,1125831.02,43,6,10,0,0,28.23,565558.22,0.562,1.1154,1,0.1221,0.4103,0.4755,1,50.23,28.2302,85.5028
2,34024864.94,332,20,31,0,1,34.83,14083160.53,0.8414,0.8887,2,0.0574,0.2841,0.4934,3,41.39,11.6094,30.6774
2,30580165.9,1317,20,134,0,1,32.02,6868912.48,1.4256,1.0729,0,0.0,0.1627,0.5801,14,22.46,2.2872,-20.0
2,28423371.0,1855,20,189,1,1,47.28,16474691.55,0.8157,0.8788,9,0.0499,0.2356,0.5321,29,57.96,1.6303,30.6183
0,53799517.0,1073,35,106,0,1,78.19,75230305.86,0.5592,0.7587,40,0.3743,0.3248,0.3734,27,139.83,2.8959,66.0581
2,52816501.61,2860,20,289,1,1,25.58,22716946.13,0.5948,0.7386,132,0.4566,0.2872,0.566,24,43.01,1.0659,131.3488
2,319807208.32,293,113,34,0,1,65.06,201882174.66,1.0307,1.0115,4,0.1236,0.1253,0.5235,6,63.13,10.8437,49.27
1,548859111.59,957,182,97,0,1,31.37,327485046.73,0.5258,0.6952,39,0.3981,0.227,0.453,10,59.67,3.1371,67.9936
2,743980946.55,548,60,71,1,1,57.92,455562771.12,0.946,0.6895,46,0.65,0.1514,0.4894,10,61.23,5.7924,76.6705
2,28567647.7,869,20,86,0,1,81.63,41000455.16,0.5688,0.7654,32,0.3714,0.3204,0.4906,23,143.52,3.5491,70.3967
1,78252945.34,201,34,24,1,1,48.46,32413967.56,1.17,0.4,12,0.4863,0.3753,0.2729,3,41.42,16.1544,54.2336
1,138795977.92,101,35,15,1,1,44.69,139648826.31,0.4441,0.589,3,0.2047,0.2225,0.6488,1,100.61,44.686,175.6098
2,582116936.54,427,83,54,1,1,75.97,1105621244.36,0.4,0.6739,9,0.1719,0.2995,0.4623,10,189.93,7.5972,200.0
1,64765013.17,1535,21,154,0,1,65.34,57809718.29,0.732,0.8876,26,0.1709,0.3277,0.4593,33,89.26,1.98,29.8486
2,183475269.45,204,76,30,1,1,25.54,72261639.93,0.6485,0.9487,2,0.0689,0.2174,0.4996,1,39.38,25.5429,95.127
1,40201179.74,1458,13,145,0,1,34.87,32359545.31,0.4332,0.8573,24,0.1656,0.2921,0.5389,16,80.49,2.1796,63.6748
1,168442787.89,291,30,34,1,1,73.61,97711436.8,1.269,1.0668,3,0.0861,0.2677,0.4904,7,58.01,10.5158,7.5409
1,76456169.82,257,33,33,1,1,54.9,84658498.45,0.4958,0.5654,10,0.2889,0.2229,0.5244,4,110.73,13.7244,150.3786
1,34969904.13,861,11,87,0,1,78.79,27743069.38,0.9932,1.005,4,0.0432,0.3039,0.6027,22,79.33,3.5816,-6.938
2,34126688.76,833,20,87,0,1,59.74,51188958.92,0.3983,0.7049,38,0.4359,0.2955,0.5252,16,150.0,3.7339,112.8235
1,69598911.91,1920,23,196,0,1,78.09,71827304.12,0.7567,0.9171,28,0.1403,0.2991,0.5682,49,103.2,1.5937,28.1048
0,27746490.13,30,14,8,0,0,71.31,16245439.15,1.218,0.8174,2,0.302,0.2544,0.5621,1,58.55,71.3134,-13.0273
1,28996199.62,724,10,71,0,1,31.78,7585557.59,1.2148,0.9429,0,0.0,0.2598,0.4751,7,26.16,4.5401,-19.1689
1,51078291.64,1364,17,137,0,1,74.57,36467675.83,1.0445,0.992,0,0.0,0.336,0.4955,33,71.4,2.2597,-0.2361
1,95028660.82,438,24,52,1,1,89.35,85523698.38,0.9928,1.098,14,0.2689,0.3225,0.527,13,90.0,6.8727,18.9711
1,41839832.98,1544,13,152,1,1,77.53,37962454.42,0.8545,0.9194,12,0.08,0.3135,0.4204,39,90.73,1.9879,29.7418
2,37573800.11,1519,20,153,0,1,87.58,80297128.94,0.4098,0.5208,99,0.6482,0.2809,0.4543,44,213.71,1.9905,148.0773
1,65946679.3,2241,21,222,2,1,86.42,73191607.13,0.7786,0.86,55,0.2476,0.276,0.427,64,110.99,1.3503,35.2126
0,25545310.04,98,8,9,2,0,89.11,51037275.08,0.446,0.9141,3,0.3787,0.4077,0.3799,2,199.79,44.556,135.527
0,8546925.81,91,9,11,1,0,25.01,1959436.47,1.091,1.1957,5,0.4392,0.4076,0.5447,1,22.93,25.0115,6.7617
0,14198302.92,174,6,25,0,1,91.35,12894305.95,1.0059,1.0363,7,0.2745,0.3197,0.5069,5,90.82,18.2705,27.1121
1,48437830.43,477,36,62,1,1,68.8,32346279.85,1.0302,0.8531,14,0.2271,0.2589,0.4011,10,66.78,6.8799,41.971
2,558351562.81,686,94,85,1,1,26.32,156331341.81,0.9399,1.2032,9,0.1096,0.1999,0.4966,6,28.0,4.386,33.5176
0,582331.27,94,6,12,0,0,71.96,328471.88,1.2758,1.0269,4,0.3691,0.4371,0.3757,2,56.41,35.9823,-8.268
1,55994835.81,3382,18,341,0,1,47.89,25087980.76,1.069,0.9947,0,0.0,0.3135,0.4963,53,44.8,0.9037,7.6182
1,139241286.0,831,46,87,1,1,66.95,111593013.01,0.8354,0.9803,2,0.0235,0.294,0.492,18,80.14,3.7196,11.5822
2,744414711.35,888,85,114,1,1,89.66,543310543.86,1.2285,0.8303,38,0.3293,0.2287,0.4091,26,72.98,3.4486,46.7894
2,82133361.51,2556,20,259,1,1,32.51,41421923.12,0.6446,0.6261,151,0.5819,0.2609,0.6397,27,50.43,1.2041,71.1149
1,131753659.13,1899,43,188,0,1,84.82,139225618.48,0.8027,0.9497,27,0.1425,0.1854,0.4104,53,105.67,1.6005,13.0158
1,169880054.51,1847,56,186,0,1,60.29,141530072.14,0.7237,0.9416,21,0.1146,0.2472,0.5472,37,83.31,1.6296,50.2524
2,699202919.98,594,112,73,0,1,77.54,931307582.75,0.5822,0.9015,12,0.1658,0.2437,0.4554,15,133.2,5.1693,119.4653
2,413297776.0,487,82,47,0,1,64.14,359494076.13,0.7374,1.0645,0,0.0,0.1734,0.5549,10,86.98,6.4143,27.854
1,52819677.76,340,39,47,1,1,66.91,36759094.95,0.9615,0.7235,4,0.082,0.2584,0.72,7,69.59,9.5587,52.7629
0,20488915.06,43,6,9,0,1,74.42,20723407.49,0.7357,0.9025,3,0.3559,0.3006,0.4958,1,101.14,74.4158,64.1014
2,121706818.85,789,107,96,1,1,64.94,90097129.04,0.8773,1.1392,24,0.2479,0.2702,0.6927,17,74.03,3.8201,65.7878
2,47948447.03,1694,20,170,1,1,32.08,31006921.29,0.496,0.5122,98,0.576,0.2215,0.4824,18,64.67,1.782,146.076
0,25282102.96,155,8,24,0,1,49.92,13785131.55,0.9155,1.1421,4,0.1854,0.3181,0.2608,2,54.53,24.96,26.367
2,150003452.01,441,85,56,1,1,43.6,58174218.32,1.1242,0.9203,2,0.0404,0.12,0.3882,6,38.78,7.2662,21.8628
1,156255266.12,1685,52,171,0,1,85.0,191354578.62,0.6941,0.8953,25,0.1481,0.3294,0.4819,47,122.46,1.8085,49.0291
0,736104.59,152,12,18,1,0,87.91,638088.68,1.0141,1.1649,0,0.025,0.2178,0.4271,4,86.68,21.9777,-5.634
1,177680609.4,2247,59,223,0,1,58.69,163382823.43,0.6383,0.8327,28,0.1235,0.3233,0.3768,43,91.95,1.3649,49.6938
1,87201382.45,182,52,27,0,1,33.36,32472993.74,0.8958,1.0231,2,0.071,0.3627,0.3141,2,37.24,16.6787,35.6231
1,30743932.0,1322,10,131,0,1,61.43,22153558.13,0.8525,0.9121,8,0.0619,0.4155,0.5599,27,72.06,2.2752,29.9482
1,174938781.24,2236,58,224,0,1,90.66,218620981.75,0.7254,0.9214,16,0.0701,0.2056,0.4033,67,124.97,1.3531,36.8685
1,76383318.0,1892,25,191,0,1,27.74,41874047.56,0.506,0.7615,56,0.2951,0.1777,0.5785,17,54.82,1.6317,80.4996
2,741442714.31,891,119,116,2,1,37.22,252107966.35,1.0946,0.7885,15,0.1285,0.2854,0.5062,11,34.0,3.3837,42.6854
1,191636225.0,1510,63,150,0,1,66.11,149189073.99,0.8491,0.9224,25,0.1656,0.3719,0.4881,33,77.85,2.0032,15.9689
2,722560060.53,457,89,58,2,1,56.08,469115313.76,0.8638,0.813,19,0.3325,0.1958,0.5377,8,64.92,7.0104,88.3305
2,120228419.72,1406,24,142,2,1,40.42,42436853.39,1.1451,0.9835,12,0.0832,0.2468,0.5478,18,35.3,2.2454,4.505
0,23469302.87,47,10,5,0,0,52.08,11266327.61,1.0848,0.9013,1,0.1333,0.3848,0.3488,1,48.0,52.0751,-0.7789
2,884201997.82,488,65,64,0,1,72.39,669082699.75,0.9567,1.2789,7,0.1167,0.2881,0.5139,11,75.67,6.5813,30.6327
1,107715364.74,520,21,65,0,1,52.99,129611666.59,0.4404,0.7755,18,0.2714,0.1316,0.4423,9,120.33,5.888,179.1655
1,65366169.73,1209,21,123,0,1,58.78,50694467.88,0.7579,0.9433,0,0.0,0.3535,0.4526,23,77.55,2.5557,28.0912
2,28423371.0,1855,20,189,1,1,50.51,22744223.84,0.6312,0.902,1,0.0034,0.2291,0.5671,31,80.02,1.6292,30.6183
2,513581021.76,256,66,33,1,1,76.77,455794684.7,0.865,0.7311,7,0.2185,0.2397,0.3757,6,88.75,12.7949,81.2788
2,20056186.41,865,84,109,1,1,75.52,14742808.2,1.0274,1.0136,24,0.2217,0.4148,0.5707,21,73.51,3.5963,45.2759
2,36254690.15,1976,20,196,1,1,26.79,7903768.71,1.2289,1.1078,0,0.0,0.1995,0.5574,17,21.8,1.576,-20.0
1,60514439.35,313,42,44,1,1,90.22,62736090.51,0.8702,0.9709,4,0.0876,0.3012,0.5012,9,103.67,10.024,29.9267
1,187669691.03,2499,62,248,0,1,65.62,141916140.0,0.8678,0.9198,20,0.0808,0.3084,0.4428,54,75.62,1.2152,23.3265
1,101523714.4,1655,33,169,0,1,45.79,52212967.94,0.8904,0.8074,37,0.2207,0.3239,0.5577,25,51.43,1.8318,9.4784
1,72934672.06,1815,24,185,0,1,57.06,58577754.56,0.7104,0.9074,18,0.0988,0.3198,0.5826,34,80.32,1.6782,53.6331
2,163654768.0,2015,32,199,0,1,63.31,119013994.02,0.8706,0.9039,40,0.2025,0.169,0.6623,42,72.72,1.5075,11.1173
0,55441302.0,2011,36,203,0,1,78.33,44592182.09,0.9739,0.9733,0,0.0,0.3834,0.3926,52,80.43,1.5064,0.3474
1,37857532.26,1609,12,159,0,1,46.96,14876144.89,1.1951,1.0099,2,0.0119,0.3111,0.6492,25,39.3,1.8785,-20.0
2,438692089.18,763,93,98,1,1,58.28,302557746.04,0.845,0.7565,25,0.2601,0.3019,0.508,14,68.97,4.1626,88.0196
2,962898274.94,630,192,67,0,1,77.52,1608086201.32,0.4642,0.6758,24,0.3616,0.274,0.4866,16,167.0,4.8451,82.9767
2,384404726.49,191,102,24,1,1,65.2,556119443.79,0.4507,1.0165,1,0.0299,0.2376,0.4766,4,144.67,16.3011,152.7134
1,155520301.09,410,23,48,0,1,35.43,82945365.2,0.6643,0.6336,5,0.1053,0.2869,0.4239,4,53.33,8.8575,100.4962
1,132107072.48,378,50,48,0,1,39.86,79936874.87,0.6588,0.9469,6,0.1315,0.2793,0.5325,5,60.51,7.9724,83.3656
1,154578918.88,1191,51,118,1,1,65.9,106424069.22,0.9573,1.0133,0,0.0,0.3287,0.5553,26,68.85,2.5348,-1.2098
1,229683588.61,2409,76,241,0,1,29.52,79129992.73,0.857,0.8654,61,0.2523,0.3037,0.5026,23,34.45,1.2836,39.3212
1,46387334.52,947,15,94,0,1,90.96,39457627.71,1.0694,1.0028,0,0.0,0.3629,0.4496,28,85.06,3.2487,-4.9082
0,12505698.67,129,7,15,2,0,33.56,3992464.31,1.0511,0.8303,2,0.1618,0.3307,0.4916,1,31.93,33.5558,12.4534
1,50286710.23,1704,16,174,0,1,72.76,53691107.65,0.6815,0.9616,0,0.0,0.3336,0.5373,41,106.77,1.7747,42.9453
2,676516657.03,354,54,42,2,1,61.32,620301040.09,0.6688,0.6629,15,0.3673,0.2778,0.5626,7,91.69,8.7605,134.9605
1,47150887.49,779,15,77,2,1,40.42,36180419.02,0.5268,0.5442,46,0.596,0.312,0.4276,10,76.73,4.0424,86.3842
2,992884967.92,656,71,84,2,1,52.31,515871955.53,1.0069,1.127,9,0.1129,0.2385,0.3669,11,51.96,4.7557,42.8854
1,87881285.97,416,29,41,0,1,72.23,79727699.43,0.7961,0.9086,4,0.1035,0.3513,0.5162,10,90.72,7.2227,23.5398
1,37479460.0,821,12,80,0,1,60.52,28835810.38,0.7866,0.823,20,0.2547,0.2666,0.4977,16,76.94,3.7825,33.1302
1,135735432.0,638,45,66,2,1,46.42,63127378.26,0.9981,1.0813,0,0.0,0.3731,0.5644,9,46.51,5.1575,2.4382
2,118613321.22,2740,23,276,1,1,42.7,96633402.63,0.5241,0.7116,97,0.352,0.1702,0.5602,39,81.47,1.0949,106.4809
0,16883851.41,132,11,15,0,0,52.76,10471508.9,0.8506,1.0373,7,0.4462,0.3874,0.5284,2,62.02,26.378,14.9996
0,22016545.88,161,8,20,1,1,27.62,5090372.5,1.1945,0.8936,3,0.1686,0.3088,0.3464,1,23.12,27.618,25.1768
1,128770071.76,297,34,35,2,1,43.86,55033999.31,1.0262,1.0269,1,0.0411,0.2897,0.3817,4,42.74,10.9649,23.8983
2,73625050.0,963,20,97,0,1,56.29,73711596.41,0.5622,0.7304,34,0.355,0.3124,0.4669,18,100.12,3.1272,86.2253
1,64765013.17,1535,21,154,0,1,78.87,75411074.03,0.6774,0.9167,31,0.2034,0.2544,0.5002,40,116.44,1.9718,29.8486
2,43259438.62,2860,20,286,1,1,34.44,20642480.13,0.7217,0.7622,100,0.3484,0.1877,0.5618,32,47.72,1.0762,25.8142
1,274302548.0,2021,91,202,0,1,46.38,150546558.21,0.8451,0.8734,27,0.1351,0.3545,0.5022,31,54.88,1.4962,31.587
1,84140798.68,1576,28,161,0,1,41.15,35238534.87,0.9825,0.8223,35,0.2163,0.281,0.4544,21,41.88,1.9593,-9.421
1,156294097.52,2350,52,238,0,1,42.73,101611495.11,0.6572,0.713,91,0.3827,0.3613,0.5544,33,65.01,1.2947,60.7593
1,143481873.82,1976,47,200,0,1,73.46,99971712.12,1.0544,0.9343,18,0.0916,0.2854,0.4329,48,69.68,1.5305,0.9256
2,794622382.49,400,69,52,1,1,52.43,402035374.9,1.0363,0.8332,2,0.0455,0.1477,0.6675,6,50.59,8.7388,54.7241
1,29836882.53,969,10,94,0,1,55.55,17215494.68,0.9628,0.914,16,0.1687,0.3274,0.5351,17,57.7,3.2677,-0.742
2,275007726.4,769,82,93,1,1,40.03,85914395.33,1.2813,0.8538,21,0.2213,0.2771,0.5473,10,31.24,4.0029,46.4423
1,82970335.67,1244,27,128,0,1,45.12,61246695.0,0.6113,0.8315,20,0.1589,0.3437,0.5119,18,73.82,2.5067,35.5672
1,52835280.56,1935,17,192,0,1,91.01,57602761.89,0.8348,0.9313,3,0.0151,0.3404,0.5102,58,109.02,1.5692,23.8186
0,877338.27,147,12,23,1,0,57.23,578762.88,0.8676,1.2289,1,0.0353,0.3852,0.2954,2,65.97,28.6169,5.2763
2,251529828.52,787,121,103,0,1,57.92,109083335.63,1.3357,1.1044,21,0.2046,0.1237,0.6145,15,43.37,3.8616,21.1834
1,39450518.92,827,13,85,0,1,63.39,24773482.49,1.0095,0.9964,7,0.0853,0.2507,0.3566,17,62.8,3.7291,2.4444
2,517930212.27,394,64,53,1,1,62.36,308087083.18,1.0484,0.6107,15,0.2739,0.3837,0.6011,8,59.48,7.7951,45.6027
2,266712956.06,538,92,72,1,1,78.98,209949095.44,1.0033,0.8135,6,0.0826,0.2535,0.5209,14,78.72,5.6415,60.3462
2,50311599.77,976,20,97,1,1,63.44,89493935.91,0.3567,0.4176,63,0.65,0.1646,0.536,20,177.88,3.1722,162.5996
1,52530892.0,1227,17,123,0,1,83.53,46807727.41,0.9375,0.9589,0,0.0,0.4109,0.4988,34,89.11,2.4569,10.9735
0,23934923.56,66,12,9,2,0,48.78,12295123.14,0.9496,0.7831,2,0.2518,0.2659,0.4256,1,51.37,48.7804,36.9667
0,29159221.44,164,7,17,0,0,35.65,8198394.78,1.2679,0.9328,4,0.2261,0.3412,0.4034,1,28.12,35.6485,2.4546
1,36353392.7,1167,12,114,0,1,37.24,16900202.35,0.8012,0.9012,13,0.1099,0.4607,0.3923,14,46.49,2.6603,30.8045
1,31009423.0,1020,10,106,1,1,82.74,28130952.89,0.912,0.9799,17,0.1592,0.3005,0.5766,28,90.72,2.9548,9.0321
2,427580132.63,644,99,79,0,1,85.0,448971482.11,0.8095,0.5317,28,0.3549,0.2155,0.6284,18,105.0,4.7219,98.9561
1,156255266.12,1685,52,171,0,1,79.03,165090533.69,0.748,0.7954,37,0.2181,0.3127,0.5273,44,105.65,1.7961,49.0291
1,212588735.23,1397,70,141,0,1,71.24,106318091.82,1.4245,1.0462,0,0.0,0.3257,0.5307,33,50.01,2.1587,-20.0
2,41511546.0,890,20,91,2,1,32.52,36668679.56,0.3681,0.4161,59,0.65,0.1538,0.5701,9,88.33,3.613,134.7985
2,543909749.77,854,89,111,0,1,46.45,326124582.18,0.7748,1.1638,38,0.3401,0.1518,0.5973,13,59.96,3.5734,68.2716
2,758105291.93,855,88,104,1,1,67.02,395139669.27,1.2859,1.1865,2,0.0163,0.2543,0.5703,19,52.12,3.5275,-16.1148
0,20806251.98,40,16,8,0,1,43.56,10482704.25,0.8646,1.0049,1,0.1436,0.4878,0.4148,1,50.38,43.5612,15.0063
2,849245524.33,544,86,67,0,1,33.8,227182304.18,1.2634,0.9635,5,0.0794,0.3431,0.4745,6,26.75,5.633,-2.4132
1,32190232.23,451,39,58,0,1,89.12,39185120.37,0.7321,1.0471,11,0.1956,0.2845,0.5006,13,121.73,6.8554,63.495
0,14642733.96,95,18,16,2,0,30.91,4829033.72,0.9373,0.8807,5,0.3283,0.4581,0.5198,1,32.98,30.9098,25.9688
1,327392296.61,1702,109,168,0,1,51.89,242923515.72,0.6993,0.7296,56,0.3329,0.2828,0.4867,29,74.2,1.7893,36.412
1,5829100.1,499,42,66,0,1,26.43,1368964.8,1.1254,0.8706,42,0.6347,0.3374,0.428,4,23.49,6.6075,24.7959
1,233375733.0,3366,77,340,0,1,86.9,209325931.34,0.9688,0.9964,0,0.0,0.3273,0.6012,97,89.69,0.8959,0.3187
1,321962568.0,1663,107,167,0,1,86.33,218606248.8,1.2714,1.0368,0,0.0,0.3471,0.5191,47,67.9,1.8367,-20.0
1,146280535.46,252,35,28,1,1,72.55,95962476.86,1.1059,0.5148,6,0.2285,0.3382,0.4197,6,65.6,12.0911,34.3423
2,713127973.9,392,87,50,2,1,53.11,413137515.76,0.9168,1.125,15,0.2975,0.3183,0.5507,6,57.93,8.8518,45.8198
1,47558057.86,415,36,52,0,1,35.64,14756952.29,1.1487,0.8708,6,0.1114,0.1326,0.4525,4,31.03,8.9105,-7.8619
0,7985199.91,169,6,25,0,1,45.97,7628578.06,0.4812,0.8043,6,0.2215,0.3213,0.5768,2,95.53,22.9874,128.5888
0,1665617.84,197,14,22,0,0,60.76,1040341.97,0.9727,0.9427,9,0.3927,0.2391,0.4519,3,62.46,20.2523,20.7267
1,194001102.1,529,30,65,0,1,70.82,143294440.48,0.9588,0.5065,20,0.3131,0.3004,0.4853,12,73.86,5.9014,45.3485
0,2825214.56,85,9,11,2,0,58.11,1383065.48,1.187,0.7845,3,0.2463,0.3338,0.4528,1,48.95,58.1065,7.7186
1,128661373.88,483,37,65,0,1,25.47,26750119.34,1.2248,1.231,28,0.4269,0.2449,0.5526,4,20.79,6.3663,7.6191
1,37444608.78,245,46,31,0,1,76.08,24296256.8,1.1726,0.7922,15,0.4943,0.1983,0.6759,6,64.89,12.6804,50.2301
2,820714639.44,729,102,89,1,1,63.48,630061811.54,0.8269,1.1807,15,0.1736,0.3229,0.6274,15,76.77,4.2319,78.099
0,53799517.0,1073,35,106,0,1,26.59,28664964.9,0.499,0.623,46,0.4377,0.3471,0.3026,9,53.28,2.9542,66.0581
2,378653638.51,180,109,21,2,1,76.68,275140777.17,1.0552,1.2207,9,0.4054,0.2204,0.5264,4,72.66,19.1692,28.3734
0,10148264.11,155,12,24,2,1,27.44,2574737.83,1.0817,0.9149,7,0.3057,0.4209,0.4905,1,25.37,27.4438,4.7918
0,36161861.0,694,24,72,2,1,66.05,25964184.64,0.9199,0.8827,14,0.1962,0.3491,0.322,15,71.8,4.403,11.8611
2,318517141.0,748,96,92,1,1,79.31,374733696.78,0.6741,0.6641,7,0.0749,0.217,0.72,19,117.65,4.1742,105.566
0,25003703.59,188,16,24,0,1,51.27,13048951.26,0.9825,0.9907,4,0.1656,0.2737,0.5024,3,52.19,17.0915,15.0857
1,119182971.68,921,39,90,0,1,54.61,80522009.35,0.8083,0.8687,22,0.2457,0.3413,0.6376,16,67.56,3.413,34.7694
1,61181281.27,102,40,17,0,1,74.8,45960074.47,0.9958,1.0432,6,0.376,0.3107,0.5528,2,75.12,37.4021,37.2658
1,124995868.21,538,34,72,0,1,88.57,116080301.77,0.9537,0.8913,5,0.0764,0.28,0.5102,15,92.87,5.9044,48.8041
0,30904004.03,1586,20,158,0,1,45.93,16527950.51,0.8588,0.8961,12,0.0745,0.3105,0.586,24,53.48,1.9138,27.6082
1,186019384.33,99,35,15,2,1,89.22,240283401.34,0.6907,1.1531,3,0.1886,0.2784,0.5381,2,129.17,44.6089,57.8055
2,805931984.48,460,100,54,1,1,75.88,669547300.15,0.9134,0.9692,10,0.1791,0.2565,0.6251,11,83.08,6.8982,45.0257
1,150646207.33,593,30,78,1,1,55.92,74102333.38,1.1369,1.0023,18,0.2254,0.2813,0.5723,11,49.19,5.084,10.3781
1,91988916.63,477,40,58,2,1,25.01,22780749.5,1.0099,0.8881,28,0.4816,0.2792,0.5063,3,24.76,8.3367,64.5645
1,135201167.34,2771,45,281,0,1,66.53,115302814.02,0.7802,0.8921,58,0.2053,0.2675,0.5804,61,85.28,1.0907,27.3844
1,71103590.57,890,23,91,0,1,51.95,60779741.12,0.6077,0.979,7,0.0795,0.2785,0.5201,15,85.48,3.463,52.3863
0,7502732.19,87,10,11,0,1,79.98,4536242.31,1.3228,1.0636,1,0.0763,0.2469,0.4728,2,60.46,39.9889,-17.7501
2,326935352.43,1451,65,147,0,1,56.15,326214254.21,0.5628,0.597,82,0.5562,0.1879,0.5665,27,99.78,2.0797,89.6931
1,41706878.95,1591,13,160,0,1,38.87,19180435.4,0.8452,0.9948,0,0.0,0.2956,0.4813,20,45.99,1.9435,20.705
1,174200517.88,549,25,73,1,1,61.94,111136660.63,0.9709,0.919,40,0.5467,0.1598,0.4862,11,63.8,5.6313,31.8363
2,333015942.83,404,74,51,1,1,51.68,201163343.53,0.8555,0.7151,9,0.1677,0.2213,0.6077,6,60.41,8.6126,68.5665
2,213115668.51,423,69,56,0,1,71.11,168523350.89,0.8993,0.8439,17,0.3012,0.3179,0.5507,10,79.08,7.111,78.5411
0,19197513.79,182,13,24,1,0,89.01,13579017.75,1.2584,0.9809,7,0.3015,0.3423,0.5976,5,70.73,17.8015,-7.5687
1,45669612.74,556,48,70,2,1,70.19,65529222.28,0.4892,0.8651,23,0.3236,0.2762,0.4784,13,143.49,5.3994,145.9995
2,290283521.67,1461,58,147,0,1,35.8,84222948.04,1.234,1.241,0,0.0,0.2748,0.5337,17,29.01,2.1061,-20.0
1,1350091538.49,2029,450,206,0,1,75.16,823224638.56,1.2326,1.1313,0,0.0,0.2753,0.5774,50,60.98,1.5031,-17.7278
1,10504692.02,399,34,50,0,1,45.5,4013122.02,1.1909,0.9398,10,0.2031,0.4869,0.6179,6,38.2,7.5827,11.956
2,271668217.06,268,111,36,0,1,74.59,202142492.04,1.0024,0.8239,5,0.1333,0.3109,0.5579,6,74.41,12.431,68.0672
0,76843117.06,2025,51,203,0,1,28.5,33722089.99,0.6495,0.8599,37,0.1804,0.3468,0.4929,19,43.88,1.5002,55.0167
1,40227799.1,919,13,92,0,1,78.1,34294477.68,0.9161,0.8934,17,0.1846,0.2657,0.4171,23,85.25,3.3955,14.9122
1,29348727.0,1597,10,158,1,1,44.36,14744662.81,0.883,0.8762,30,0.1878,0.2175,0.4225,23,50.24,1.9289,17.6605
2,682898090.5,738,61,92,2,1,41.75,241946244.73,1.1784,0.8158,31,0.3362,0.298,0.6061,10,35.43,4.175,43.2256
2,34024864.94,332,20,31,0,1,84.82,35963662.05,0.8024,0.9557,0,0.0,0.354,0.5945,9,105.7,9.424,30.6774
1,76054585.0,1234,25,123,1,1,36.72,32559295.8,0.8577,0.944,14,0.117,0.2067,0.4587,15,42.81,2.448,14.3086
2,35459048576.0,994,500,100,0,1,40.4,28982993984.22,0.4942,0.6223,43,0.4304,0.3563,0.6093,13,81.74,3.1073,102.9705
2,126236579.06,1427,25,143,0,1,61.74,97743282.89,0.7974,1.0261,3,0.0243,0.1903,0.5845,29,77.43,2.1291,15.5609
0,2908768.78,198,9,29,0,1,65.94,1453438.63,1.3197,0.5741,7,0.2485,0.3917,0.4487,4,49.97,16.4853,10.9599
2,633135496.77,868,89,109,1,1,76.27,390439654.72,1.2369,1.098,19,0.173,0.1847,0.5376,22,61.67,3.467,38.9357
0,3837793.76,104,10,16,1,0,57.22,2567749.24,0.8553,0.8566,1,0.0634,0.3254,0.5526,1,66.91,57.2226,26.8059
0,87947597.67,1538,58,153,0,1,33.03,36693734.34,0.7917,0.7387,50,0.3294,0.2504,0.3761,16,41.72,2.0645,38.737
1,244089450.2,3362,81,339,0,1,85.99,298587856.29,0.703,0.811,103,0.3041,0.3419,0.5071,96,122.33,0.8957,48.6896
1,73452427.39,1269,24,129,1,1,39.8,61126716.39,0.4783,1.0042,0,0.0027,0.2509,0.5696,16,83.22,2.4876,37.1547
1,143538863.34,558,51,72,0,1,50.6,174490983.28,0.4163,0.7159,0,0.0026,0.3144,0.5716,9,121.56,5.6224,184.9026
2,134495221.72,660,123,79,1,1,89.58,107881780.71,1.1168,1.076,17,0.2197,0.2388,0.5133,19,80.21,4.7149,19.727
0,26696891.5,169,7,19,0,0,54.32,14518216.73,0.9989,0.8344,3,0.1496,0.2708,0.3617,3,54.38,18.1072,3.427
1,33819700.39,870,11,87,0,1,63.89,23622807.31,0.9147,0.9163,25,0.2916,0.2661,0.4368,18,69.85,3.5493,19.3245
2,92713671.01,594,20,63,0,1,82.02,99896244.64,0.7612,0.9177,8,0.1278,0.236,0.6841,16,107.75,5.1262,38.0011
1,39497706.65,825,13,85,0,1,75.06,29921993.96,0.9909,0.9725,0,0.0,0.4374,0.5271,20,75.76,3.7532,10.2831
0,40122344.51,1177,26,118,0,1,30.26,11801030.06,1.0289,1.0334,0,0.0,0.2888,0.4271,11,29.41,2.7511,11.4876
1,118429964.11,472,35,64,0,1,82.27,91790952.38,1.0615,1.1601,9,0.1469,0.271,0.5238,12,77.51,6.856,8.9873
1,24640222.1,199,33,22,0,1,63.23,19723064.91,0.79,0.8597,8,0.3439,0.2385,0.5044,4,80.04,15.8079,58.9176
0,40623071.57,2068,27,209,1,1,90.96,36907005.57,1.0012,1.0419,0,0.0,0.3679,0.3808,62,90.85,1.4671,6.1499
0,5849894.58,171,6,24,0,0,61.44,2811390.5,1.2784,1.0898,5,0.2072,0.428,0.3921,3,48.06,20.4795,-20.0
0,1679469.06,162,14,23,2,1,25.9,355120.51,1.2247,1.0541,1,0.0376,0.189,0.4046,1,21.14,25.896,0.6947
1,181953462.79,240,24,30,0,1,65.08,116398313.21,1.0173,0.7361,1,0.0174,0.3386,0.5674,5,63.97,13.0158,17.8715
2,895629406.95,623,102,74,1,1,28.38,383947257.17,0.662,1.2115,22,0.2983,0.2096,0.7026,5,42.87,5.6757,93.3024
1,19595355.41,579,43,71,0,1,46.63,6643011.57,1.3754,0.8464,3,0.0445,0.3264,0.5724,8,33.9,5.8282,8.674
0,126987874.7,1413,84,140,0,1,41.4,67815536.64,0.7752,0.7815,41,0.2908,0.4147,0.3662,19,53.4,2.1789,23.2466
0,17317970.58,185,12,27,0,1,59.04,14704784.99,0.6953,1.0188,6,0.2061,0.3455,0.4789,3,84.91,19.6801,58.9162
1,42845047.21,1253,14,124,2,1,36.23,13111638.49,1.184,0.9202,8,0.0655,0.2872,0.4626,15,30.6,2.4156,-14.8558
2,188386775.92,241,48,31,2,1,40.64,110493963.5,0.6929,0.907,4,0.1379,0.2393,0.5431,3,58.65,13.5461,69.0414
2,43605807.25,871,20,85,0,1,27.08,10139516.25,1.1647,1.1345,0,0.0,0.2825,0.4722,7,23.25,3.869,-20.0
1,198562205.0,1045,66,105,2,0,33.79,65180450.19,1.0293,1.0414,0,0.0,0.4258,0.398,11,32.83,3.0716,-20.0
0,106288110.47,1014,70,101,0,1,29.29,37766136.17,0.8242,0.9501,9,0.0939,0.3702,0.3909,9,35.53,3.254,25.3082
0,73001109.71,1742,48,176,0,1,83.62,67370794.12,0.9061,0.9669,0,0.0,0.2037,0.4166,48,92.29,1.742,16.9137
2,802100396.82,352,36,44,0,1,90.62,1382450931.09,0.5258,0.8126,2,0.0523,0.1967,0.5236,10,172.35,9.062,152.7025
0,19550633.17,170,12,22,2,0,55.39,8048639.69,1.3454,1.0053,11,0.4821,0.3891,0.4669,3,41.17,18.4621,-4.074
1,90552491.0,1064,30,108,0,1,70.61,59793358.04,1.0693,1.0539,0,0.0,0.2949,0.3643,25,66.03,2.8242,11.3099
1,42845047.21,1253,14,124,2,1,58.78,19713608.25,1.2775,1.0408,0,0.0,0.3427,0.5718,24,46.01,2.4492,-14.8558
1,40227799.1,919,13,92,0,1,82.85,38709064.72,0.861,1.0249,0,0.0,0.3898,0.4476,25,96.22,3.314,14.9122
0,26317327.13,198,10,29,0,1,36.08,8272669.79,1.1478,1.1174,12,0.4103,0.31,0.4116,2,31.43,18.0397,12.6654
2,710114627.08,170,135,19,0,1,62.17,756364504.79,0.5837,0.7084,4,0.2078,0.1728,0.5684,3,106.51,20.7231,139.5095
2,744232563.68,450,93,53,2,1,43.21,399842036.72,0.8042,0.9095,8,0.1596,0.2664,0.4991,6,53.73,7.201,71.21
0,59754923.39,1459,39,143,0,1,48.55,32661944.92,0.8883,0.9278,0,0.0,0.3768,0.5306,23,54.66,2.1111,23.8285
2,300372724.0,738,94,89,1,1,35.83,85169585.09,1.2636,0.9867,40,0.4446,0.3812,0.5759,8,28.35,4.4786,19.5394
0,43737511.0,1209,29,124,1,1,85.49,37367648.74,1.0006,1.015,0,0.0006,0.3906,0.4361,34,85.44,2.5144,-7.1347
1,148623052.62,335,31,39,1,1,34.24,60091441.27,0.8467,0.9533,5,0.1298,0.3368,0.4899,3,40.43,11.4119,36.1071
2,303475750.39,888,8,110,1,1,32.37,164660625.06,0.5965,0.9913,19,0.1756,0.2019,0.43,9,54.26,3.5963,113.8188
0,28958330.81,114,9,11,0,0,40.22,9943324.74,1.1715,1.134,6,0.5484,0.281,0.5097,1,34.34,40.2244,3.6447
1,150861900.25,397,33,53,1,1,57.31,93587558.35,0.9238,0.8078,13,0.254,0.3578,0.5395,7,62.04,8.1865,49.0117
1,178185344.85,558,34,70,0,1,91.4,166571634.95,0.9778,0.8724,11,0.1633,0.1479,0.5186,17,93.48,5.3766,33.342
1,137788051.45,115,37,12,0,1,76.64,92392024.7,1.1429,1.0251,2,0.1615,0.2141,0.5162,2,67.05,38.3184,28.204
2,82133361.51,2556,20,259,1,1,60.17,89979351.84,0.5492,0.7099,78,0.3012,0.2471,0.5174,51,109.55,1.1798,71.1149
2,487245876.16,292,51,34,0,1,58.3,527477382.24,0.5386,0.6798,10,0.2973,0.2225,0.6558,5,108.26,11.661,134.2834
1,72727436.87,1638,24,165,0,1,38.18,26600299.5,1.0438,1.1709,0,0.0,0.3529,0.4987,20,36.58,1.9089,-9.1668
1,28025936.97,863,10,90,0,1,71.26,26996663.45,0.7398,0.9973,0,0.0,0.2667,0.46,20,96.33,3.5632,25.0061
0,9900768.7,69,10,6,0,0,36.46,2781697.48,1.2976,1.0244,3,0.4922,0.3601,0.3205,1,28.1,36.4558,-15.2318
2,147646508.18,2010,29,201,0,1,40.28,63866246.89,0.9312,1.0794,0,0.0,0.2156,0.6314,26,43.26,1.5493,5.222
1,376452420.97,2579,125,260,0,1,49.94,207839472.34,0.9046,0.9067,39,0.1492,0.2063,0.4792,42,55.21,1.1891,15.2537
2,126602260.14,1277,25,128,0,0,32.34,36213547.44,1.1305,1.1727,0,0.0,0.3135,0.5834,13,28.6,2.4876,-7.8932
1,109479627.04,172,33,26,1,1,28.23,24920184.3,1.2402,1.1163,4,0.14,0.2982,0.5243,1,22.76,28.2296,12.2639
2,58721309.35,1240,20,128,0,1,48.5,37584262.71,0.7577,0.8835,36,0.2835,0.2649,0.5222,20,64.0,2.425,57.7351
2,68431553.17,451,92,60,0,1,26.17,15933286.37,1.1239,1.1459,16,0.2698,0.3271,0.5171,3,23.28,8.7226,26.1614
2,892572471.45,451,95,61,2,1,28.29,244714527.14,1.0317,0.7074,14,0.2331,0.2557,0.4966,4,27.42,7.0714,46.3388
2,69129080.1,969,20,96,2,1,57.49,54567350.93,0.7283,0.9044,8,0.084,0.3382,0.509,18,78.94,3.194,19.5936
1,157041071.0,1824,52,185,0,1,56.26,155259749.71,0.569,0.9417,46,0.2473,0.322,0.5408,34,98.87,1.6546,50.1013
0,29878131.54,143,10,22,0,0,46.75,12573523.48,1.1108,1.1462,5,0.2212,0.3425,0.2532,2,42.08,23.3735,-15.1861
0,12459821.42,168,12,25,1,1,53.67,6094218.88,1.0974,0.8814,6,0.2222,0.2742,0.5124,3,48.91,17.8909,11.6661
1,57857919.0,1147,19,114,0,1,89.55,41418854.06,1.2509,1.0104,6,0.0532,0.2699,0.4547,34,71.59,2.6337,-20.0
1,65119746.79,1600,21,161,0,1,78.62,62751433.04,0.8158,0.9247,2,0.0126,0.2803,0.4942,41,96.36,1.9175,28.2796
2,59744324.51,930,20,93,0,1,33.87,34328735.35,0.5895,0.8636,16,0.1716,0.2691,0.537,10,57.46,3.3874,78.0607
0,6962283.73,149,6,15,0,0,38.55,2627732.11,1.0214,0.5944,4,0.2493,0.1891,0.4244,1,37.74,38.5511,12.5143
1,229683588.61,2409,76,241,0,1,28.54,94581475.69,0.693,0.6693,91,0.3763,0.2842,0.452,22,41.18,1.2972,39.3212
1,244089450.2,3362,81,339,0,1,38.57,198495663.88,0.4743,0.8197,35,0.1036,0.3022,0.4997,43,81.32,0.897,48.6896
2,43259438.62,2860,20,286,1,1,89.18,43034083.7,0.8964,0.9533,13,0.0449,0.2133,0.547,85,99.48,1.0491,25.8142
1,126512105.0,1589,42,159,2,1,87.95,141694858.36,0.7853,0.9152,14,0.085,0.268,0.5005,46,112.0,1.9119,23.2012
0,13510877.74,109,13,11,1,1,34.58,4455437.69,1.0487,1.0404,0,0.031,0.3463,0.4183,1,32.98,34.581,-12.9702
2,126602260.14,1277,25,128,0,0,80.48,89073315.41,1.1439,1.0422,0,0.0,0.2384,0.428,34,70.36,2.367,-7.8932
1,50782315.51,1303,16,130,0,1,88.47,56336412.69,0.7975,1.0176,2,0.0149,0.2644,0.548,38,110.94,2.3283,25.7279
2,684663438.29,509,77,63,1,1,36.54,194733108.94,1.2846,0.4939,23,0.3631,0.1661,0.57,6,28.44,6.0893,42.6301
1,43686267.0,1997,14,198,0,1,75.61,51097438.11,0.6464,0.9095,14,0.07,0.2888,0.382,50,116.96,1.5121,32.1201
1,158601435.89,2411,52,240,0,1,87.32,178974557.28,0.7738,0.9645,0,0.0,0.3177,0.5646,70,112.85,1.2474,26.0171
2,30562195.47,881,20,92,0,1,47.57,25580369.72,0.5684,0.7866,28,0.3031,0.3517,0.5128,13,83.7,3.6595,66.5754
0,3535815.41,40,11,10,0,1,54.06,1974729.81,0.968,0.9285,2,0.2035,0.2916,0.4007,1,55.85,54.0648,22.828
2,243592195.2,331,81,38,2,1,32.82,91954282.06,0.8695,0.9221,6,0.1575,0.2626,0.4924,3,37.75,10.9408,61.148
0,21378321.84,170,9,19,0,0,32.98,6364342.89,1.1078,0.9598,3,0.147,0.2778,0.4638,1,29.77,32.9795,-8.7981
2,29114436.8,623,20,60,0,1,77.56,42973156.51,0.5255,0.6765,24,0.3998,0.2842,0.5632,16,147.6,4.8473,85.4808
1,162638604.12,1705,54,171,0,1,30.92,72642474.8,0.6923,0.8184,31,0.1838,0.4201,0.5039,17,44.66,1.819,30.3189
2,64333552.05,1790,20,180,1,1,25.82,17257752.97,0.9626,0.8635,34,0.1911,0.287,0.5499,15,26.83,1.7214,8.3726
2,46308648.62,1946,20,194,0,0,46.25,28571258.55,0.7496,0.9236,12,0.0614,0.2122,0.6357,29,61.7,1.5948,36.5164
1,76487813.91,491,33,60,2,1,78.08,67672396.39,0.8826,0.6508,13,0.2148,0.3654,0.5341,12,88.47,6.5071,40.5902
0,10314799.69,192,8,22,0,0,43.09,3323502.43,1.3375,1.2195,5,0.2266,0.3436,0.4219,2,32.22,21.547,-20.0
0,22113683.2,140,12,18,0,0,78.72,24353343.58,0.7148,1.0983,2,0.1125,0.369,0.4555,3,110.13,26.2397,38.4092
0,6980519.62,172,10,19,1,1,80.57,6763287.36,0.8315,1.0143,3,0.1734,0.3602,0.4507,4,96.89,20.1415,39.5232
2,273816089.21,352,31,46,0,1,81.07,291330112.9,0.7619,0.8451,10,0.2103,0.3453,0.5138,9,106.4,9.0073,76.8387
1,37111021.05,931,12,91,0,1,54.52,16031065.2,1.2621,1.0192,0,0.0,0.298,0.5146,16,43.2,3.4075,-20.0
2,68914237.0,990,20,99,2,1,40.94,21918150.28,1.2872,1.0773,0,0.0,0.1578,0.4703,13,31.8,3.1492,-20.0
1,67395480.99,1631,22,165,1,1,73.06,85858515.85,0.5735,0.7624,52,0.3177,0.3337,0.5789,39,127.4,1.8733,66.3086
1,548859111.59,957,182,97,0,1,73.62,657596310.59,0.6145,0.8672,20,0.2091,0.1625,0.5213,23,119.81,3.201,67.9936
2,28965028.88,1830,20,184,1,1,36.54,17218994.67,0.6146,0.9179,24,0.1316,0.2386,0.5896,22,59.45,1.6608,44.3695
2,426135309.89,552,121,72,0,1,51.93,233127782.58,0.9492,1.0612,28,0.3917,0.1424,0.6306,9,54.71,5.7697,45.7096
1,168465215.62,349,37,47,0,1,70.38,121447179.8,0.9763,0.8056,6,0.137,0.3962,0.5159,8,72.09,8.7979,46.564
0,40122344.51,1177,26,118,0,1,45.96,20438095.27,0.9023,0.8095,33,0.2773,0.4272,0.4904,18,50.94,2.5535,11.4876
0,24614947.56,173,3,25,1,0,91.5,18701706.55,1.2043,1.034,1,0.054,0.488,0.3736,5,75.98,18.2999,-20.0
2,576829914.59,862,126,111,0,1,66.61,435102383.06,0.883,1.0531,17,0.1542,0.3846,0.5643,19,75.43,3.5057,50.2845
1,54765965.47,1570,18,156,0,1,75.24,31531089.68,1.3069,1.0331,0,0.0,0.2593,0.3558,39,57.57,1.9294,-20.0
1,98171810.74,384,34,53,1,1,54.88,47818609.73,1.1267,0.8525,2,0.036,0.2817,0.5,7,48.71,7.84,19.4242
2,67157956.4,818,56,103,1,1,56.03,33724810.96,1.1158,1.021,26,0.2481,0.1946,0.483,15,50.22,3.7356,38.9467
1,39877308.37,2516,13,249,0,1,52.22,27271349.62,0.7635,0.8424,48,0.193,0.129,0.4771,43,68.39,1.2143,49.2438
1,69598911.91,1920,23,196,0,1,37.05,32764131.51,0.7871,0.7675,44,0.2231,0.3007,0.6387,23,47.08,1.611,28.1048
2,299370329.54,227,101,29,2,1,25.34,86781956.21,0.8743,1.0225,1,0.0446,0.3468,0.5173,1,28.99,25.345,60.8028
1,171630572.0,1740,57,178,0,1,61.57,110790282.16,0.9538,1.031,0,0.0,0.3877,0.5566,35,64.55,1.7591,-5.1214
2,688835200.33,239,46,27,0,1,89.02,547458917.98,1.1201,1.1097,5,0.1941,0.3475,0.6441,7,79.48,12.7172,20.1119
1,131753659.13,1899,43,188,0,1,25.18,32090097.18,1.0339,0.9128,27,0.1425,0.2856,0.5256,15,24.36,1.6788,13.0158
0,10739736.42,56,7,10,2,0,36.84,3900837.02,1.0143,0.9262,6,0.5604,0.4697,0.5726,1,36.32,36.8418,26.7861
0,23718723.48,144,14,20,2,0,43.35,12144084.66,0.8466,0.8102,4,0.2077,0.2233,0.25,2,51.2,21.6735,4.8951
2,74808237.0,1117,20,113,0,1,84.2,92905091.54,0.678,0.7692,36,0.3144,0.22,0.4458,31,124.19,2.7161,42.6944
1,57262001.92,1032,19,104,0,1,58.64,50410820.16,0.6661,0.8076,20,0.1927,0.2938,0.5627,20,88.04,2.9321,31.7399
1,163065791.12,513,37,62,0,1,84.79,178017581.15,0.7767,0.8033,6,0.0964,0.1775,0.4229,14,109.17,6.0563,65.6809
0,19417508.14,184,8,22,2,0,78.17,14263971.89,1.0641,0.8566,5,0.228,0.344,0.461,4,73.46,19.5424,6.5128
2,58990292.0,828,20,83,1,1,58.47,79110691.99,0.436,0.5726,51,0.6149,0.2672,0.5054,16,134.11,3.6545,115.7901
2,457394318.24,602,74,73,2,1,35.05,220744869.9,0.7263,0.9434,23,0.3132,0.295,0.629,7,48.26,5.0077,90.6753
1,72374992.27,527,42,65,0,1,36.06,22668127.7,1.1513,1.171,14,0.2089,0.2028,0.5967,6,31.32,6.0098,22.7227
1,158601435.89,2411,52,240,0,1,58.66,123152781.05,0.7555,0.9728,3,0.0115,0.3068,0.5516,47,77.65,1.2481,26.0171
0,14544790.05,107,5,14,0,0,47.65,6675812.49,1.0381,0.9819,4,0.3124,0.3932,0.5748,1,45.9,47.6479,-3.2981
2,40235169.13,565,20,54,1,1,84.32,27202414.59,1.2472,1.1152,0,0.0,0.3583,0.4563,15,67.61,5.6213,-20.0
1,31746747.31,1389,10,142,0,1,32.9,13085611.74,0.7983,0.9189,35,0.2447,0.4078,0.4315,15,41.22,2.1936,22.7217
1,51078291.64,1364,17,137,0,1,75.23,37251388.37,1.0316,0.9736,0,0.0,0.4041,0.6083,34,72.93,2.2127,-0.2361
1,95745010.12,546,45,71,2,1,44.74,42767789.73,1.0017,1.037,5,0.0722,0.3003,0.5436,8,44.67,5.5928,24.8236
1,155837221.5,2922,51,291,0,1,46.96,75694601.66,0.9669,0.8666,58,0.1987,0.3641,0.5069,45,48.57,1.0436,29.1944
2,413297776.0,487,82,47,0,1,82.08,407583966.72,0.8323,0.9752,6,0.1184,0.2818,0.6454,13,98.62,6.3138,27.854
1,197526432.32,315,57,40,2,1,75.47,372666445.36,0.4,0.9368,18,0.4492,0.2481,0.4089,7,188.67,10.7809,200.0
0,50682193.7,886,33,92,0,1,69.23,36969523.29,0.9491,0.9771,4,0.0395,0.3424,0.3779,20,72.94,3.4616,2.6384
2,64903013.4,2291,20,228,0,1,35.95,25497254.97,0.9151,0.9663,15,0.0666,0.1933,0.4964,27,39.29,1.3314,20.7951
1,57226719.06,1426,19,140,2,1,78.92,81710240.17,0.5527,0.8869,19,0.1371,0.2942,0.3804,37,142.78,2.1329,57.2415
1,167526377.74,291,40,34,1,1,41.57,64475326.03,1.0802,1.2305,6,0.1798,0.4097,0.4266,4,38.49,10.3937,20.4228
0,5132187.61,177,7,21,1,1,41.4,1733888.62,1.2255,0.9809,3,0.1496,0.3596,0.521,2,33.78,20.702,9.3588
2,80695124.82,2274,20,230,1,1,37.73,80978994.65,0.376,0.5532,125,0.5421,0.294,0.48,28,100.35,1.3476,125.782
0,56938544.58,2815,37,285,1,1,75.46,48638133.88,0.8834,0.904,31,0.1105,0.3397,0.3578,70,85.42,1.078,28.8894
2,619878894.15,612,58,77,0,1,58.47,350826290.16,1.0331,1.0864,8,0.106,0.2248,0.5519,11,56.6,5.3151,30.857
2,372608958.97,884,57,108,1,1,79.3,487318556.46,0.6063,0.4763,29,0.2643,0.314,0.4873,23,130.79,3.4478,125.7099
1,5346196.85,466,43,55,0,1,67.84,4330594.0,0.8375,1.0641,5,0.0978,0.3461,0.6043,10,81.0,6.7837,43.8987
2,26887416.43,441,69,56,1,1,55.22,14522166.94,1.0225,0.9104,11,0.1928,0.2565,0.6313,8,54.01,6.9031,58.1665
2,28932013.37,2160,20,214,2,1,91.48,57586681.45,0.4596,0.5888,129,0.602,0.3614,0.4988,65,199.04,1.4073,144.5891
2,97322477.42,851,80,105,1,1,50.56,48183741.86,1.0212,1.0672,59,0.5661,0.1638,0.4931,14,49.51,3.6113,56.0222
2,46308648.62,1946,20,194,0,0,79.93,47198669.42,0.7842,0.8837,31,0.1582,0.12,0.5225,51,101.92,1.5672,36.5164
1,27383910.0,1041,10,105,1,1,72.01,31506857.4,0.6258,0.8789,24,0.2285,0.3239,0.6256,24,115.06,3.0003,53.061
1,727726763.2,2055,242,207,0,1,32.27,275955447.27,0.8511,1.1102,0,0.0,0.359,0.465,22,37.92,1.467,21.4478
2,225762126.02,300,120,34,0,1,87.66,152965146.25,1.2937,0.9315,14,0.3999,0.39,0.6695,8,67.76,10.9572,43.3332
1,180766690.59,326,36,40,1,1,85.28,119520939.41,1.2899,1.1775,24,0.6041,0.3238,0.4783,9,66.12,9.476,18.3463
1,144728653.37,151,39,15,2,1,25.04,38007008.62,0.9534,1.0013,8,0.54,0.1926,0.6419,1,26.26,25.0373,31.6697
1,25863474.68,414,21,56,1,1,29.24,6349274.38,1.1913,1.1332,1,0.0202,0.2007,0.613,4,24.55,7.3111,9.3642
2,62215153.16,1242,20,122,1,1,87.49,98236206.63,0.5541,0.7058,45,0.3705,0.1978,0.673,36,157.9,2.4304,100.3515
2,294616791.47,579,86,75,1,1,54.8,207370979.31,0.7786,1.0029,25,0.329,0.1708,0.4407,10,70.39,5.4804,83.1764
1,57914484.82,1882,19,186,1,1,66.6,42115027.53,0.9158,1.0599,0,0.0,0.3577,0.6012,41,72.72,1.6243,13.3081
0,21760751.12,171,11,26,2,0,76.49,14526579.61,1.1459,1.0388,8,0.3112,0.3346,0.4193,4,66.76,19.1232,-2.952
2,922251527.64,842,110,107,0,1,26.12,260053862.24,0.9263,0.9367,64,0.5977,0.2047,0.613,7,28.2,3.7313,75.9693
2,920627756.35,726,102,95,1,1,52.46,472507368.79,1.0221,1.0602,9,0.099,0.2631,0.4843,12,51.32,4.3715,36.7216
2,152194720.0,495,30,50,0,1,57.25,140338515.39,0.6209,0.7706,13,0.2564,0.198,0.4347,9,92.21,6.3614,83.8283
1,15565119.18,362,15,45,1,1,42.61,6577386.62,1.0083,0.8313,3,0.0635,0.3484,0.6178,5,42.26,8.5214,27.0455
1,157019270.74,393,16,52,0,1,55.38,66450165.69,1.3086,0.8156,24,0.46,0.3908,0.5933,7,42.32,7.9114,10.7798
1,46622180.59,256,31,29,1,1,89.31,36876770.06,1.1291,0.9373,7,0.2569,0.3373,0.4613,7,79.1,12.7584,36.4147
0,8780558.31,74,11,13,1,0,52.55,5454645.79,0.8459,0.8473,1,0.0968,0.3088,0.5166,1,62.12,52.5505,18.9835
1,182337280.59,112,43,14,0,1,84.88,123046379.11,1.2578,1.0429,1,0.0895,0.12,0.5922,3,67.48,28.2936,5.9336
1,57914484.82,1882,19,186,1,1,44.19,31605369.63,0.8098,0.9444,0,0.0,0.3556,0.4461,27,54.57,1.6368,13.3081
2,942636399.19,667,97,87,2,1,80.06,739607114.47,1.0203,1.0033,2,0.0205,0.26,0.6138,17,78.46,4.7092,36.7223
0,16118930.37,173,6,18,1,1,60.75,12668792.59,0.773,0.7445,2,0.1122,0.3264,0.5292,3,78.6,20.2505,46.3908
2,741699808.84,245,99,27,0,1,73.4,707766916.81,0.7692,1.1734,6,0.222,0.2273,0.5595,5,95.42,14.6803,59.4296
1,41706878.95,1591,13,160,0,1,29.25,15992754.67,0.7628,0.9852,1,0.0077,0.3939,0.4707,15,38.35,1.95,20.705
2,28170809.32,970,20,101,0,1,68.92,26251188.69,0.7396,0.8126,32,0.3183,0.128,0.568,22,93.19,3.1328,57.9041
2,118613321.22,2740,23,276,1,1,79.68,199703043.24,0.4733,0.5783,160,0.5787,0.3079,0.72,72,168.36,1.1067,106.4809
0,16224518.34,75,6,13,0,1,43.1,7140179.44,0.9794,0.7856,3,0.2121,0.3843,0.4708,1,44.01,43.1008,29.4
1,95091587.2,1512,31,149,2,1,88.74,83165585.15,1.0146,1.0002,0,0.0,0.2076,0.4921,44,87.46,2.0167,5.1032
1,29130329.0,720,10,71,0,1,69.83,35402949.41,0.5746,0.7814,27,0.3734,0.4095,0.5707,16,121.53,4.3647,54.6253
1,35367411.48,492,27,62,1,1,89.52,47747518.58,0.6631,1.1626,21,0.3371,0.3441,0.5202,14,135.0,6.3946,77.0924
0,10562141.86,119,10,11,1,0,78.43,10359930.4,0.7996,0.9643,5,0.4807,0.3133,0.5295,3,98.09,26.1433,47.4512
1,34378665.88,666,11,68,0,1,38.2,17475031.17,0.7515,0.8995,9,0.1276,0.3701,0.3357,8,50.83,4.7747,29.7772
1,133715386.46,367,40,42,1,1,65.04,94548215.46,0.9199,0.9268,8,0.1898,0.2067,0.3943,7,70.71,9.292,40.8836
2,30239585.3,1175,20,117,0,1,62.21,17793998.47,1.0572,1.0246,0,0.0,0.2245,0.7048,24,58.84,2.5921,-4.9776
1,38838191.0,1155,12,113,0,1,62.29,44710550.69,0.5411,0.6902,60,0.5293,0.2084,0.4001,23,115.12,2.7085,82.0613
1,44402408.92,352,29,47,1,1,57.52,37081581.42,0.6888,0.7156,4,0.0832,0.1953,0.3639,6,83.51,9.5872,82.6116
2,54705083.96,758,20,73,0,1,59.2,40860766.85,0.7926,1.0332,6,0.0827,0.1443,0.5258,14,74.69,4.2285,14.2439
1,28190000.0,700,10,69,1,1,27.71,11176334.26,0.6989,0.8955,4,0.0614,0.2167,0.5128,6,39.65,4.6181,36.8931
1,185464420.87,438,26,57,0,1,27.15,74092808.63,0.6796,1.017,6,0.1089,0.389,0.4866,3,39.95,9.0506,75.9986
1,279663837.15,1923,93,190,1,1,64.79,314570361.7,0.576,0.7618,46,0.2447,0.2909,0.4478,41,112.48,1.5802,74.5727
1,26375731.95,351,46,48,2,1,33.49,8258304.23,1.0695,0.7228,19,0.3894,0.1702,0.4088,3,31.31,11.162,55.2284
2,41446904.0,585,20,58,0,1,85.17,91335680.62,0.3865,0.6101,23,0.3893,0.2442,0.652,16,220.37,5.3231,159.5979
1,154927040.0,2890,51,291,0,1,50.86,69018615.38,1.1416,1.1254,0,0.0,0.248,0.501,48,44.55,1.0595,-5.5876
1,64765013.17,1535,21,154,0,1,83.68,76664710.72,0.7069,0.9893,1,0.0089,0.3028,0.5948,42,118.37,1.9924,29.8486
0,33572762.48,1403,22,141,0,1,77.58,26157472.82,0.9957,0.9483,0,0.0,0.4559,0.3939,36,77.91,2.1549,6.7481
1,54765965.47,1570,18,156,0,1,28.98,12915129.33,1.2287,1.0457,0,0.0,0.3535,0.3971,15,23.58,1.9317,-20.0
0,26695584.96,45,7,5,0,1,56.84,26439438.9,0.5739,1.0516,2,0.377,0.411,0.5903,1,99.04,56.8426,121.1221
2,40534506.99,224,117,26,0,1,40.81,16939578.37,0.9766,1.1749,7,0.2528,0.3002,0.5472,3,41.79,13.6043,47.6505
0,4413970.0,123,12,18,1,1,43.92,1771183.77,1.0945,0.8816,4,0.2196,0.2114,0.5204,1,40.13,43.9185,18.1394
1,154578918.88,1191,51,118,1,1,45.61,67687526.78,1.0416,1.0255,4,0.032,0.3331,0.3336,18,43.79,2.534,-1.2098
0,18388535.6,36,4,6,1,0,45.14,12938468.85,0.6415,0.795,1,0.1757,0.3924,0.5109,1,70.36,45.1386,69.7995
1,155799837.65,2558,51,256,0,1,32.72,54299767.77,0.9387,0.8705,27,0.1038,0.3135,0.5421,27,34.85,1.2118,15.3741
1,147917978.64,332,42,39,0,1,64.04,76351083.92,1.2408,0.7403,9,0.229,0.2248,0.5967,7,51.62,9.1493,20.9686
2,333263869.93,503,3,63,0,1,85.35,245529559.27,1.1585,0.9832,19,0.2941,0.1949,0.6955,14,73.67,6.0963,37.6063
1,82970335.67,1244,27,128,0,1,83.79,103688992.3,0.6705,0.8842,8,0.0609,0.2968,0.3841,34,124.97,2.4643,35.5672
1,107875113.75,197,26,22,0,1,88.26,116308101.12,0.8186,0.9097,0,0.0189,0.2707,0.4466,5,107.82,17.652,46.7601
2,517242557.05,255,87,35,0,1,53.93,318436950.71,0.876,0.9973,10,0.2885,0.2265,0.5621,4,61.56,13.4825,62.8594
1,1100727120.07,2587,366,260,0,1,72.25,1020252168.1,0.7794,0.8666,38,0.1457,0.3515,0.4866,62,92.69,1.1653,37.1192
1,197233256.36,100,21,15,1,1,49.28,75586879.65,1.2859,1.0551,2,0.1478,0.3402,0.5368,1,38.32,49.2812,5.9363
0,6763592.94,58,10,5,0,1,77.07,7035059.23,0.7409,0.7436,2,0.4635,0.3959,0.4105,1,104.01,77.0659,64.336
1,29638136.13,990,10,101,0,1,72.04,24401637.4,0.875,0.915,4,0.0418,0.36,0.3624,23,82.33,3.1322,9.8317
1,67495820.28,1726,22,171,1,1,53.25,67615496.13,0.5316,0.8385,31,0.1787,0.2841,0.447,30,100.18,1.7751,63.9813
2,594101292.29,505,69,67,0,1,57.95,306625493.96,1.1228,1.1647,15,0.227,0.2186,0.6319,9,51.61,6.4391,17.9632
1,93939273.62,498,51,66,0,1,73.01,70345383.48,0.9749,1.0254,19,0.2811,0.1831,0.4904,12,74.88,6.0839,37.3917
1,337777831.58,2385,112,239,0,1,72.1,357481663.63,0.6813,0.9064,52,0.2183,0.2267,0.5174,57,105.83,1.265,36.1713
1,272869179.83,1648,90,162,0,1,42.0,189167944.75,0.6058,0.7007,60,0.3699,0.313,0.4859,23,69.33,1.8259,61.8495
0,10035191.37,111,6,11,0,0,49.44,5389521.64,0.9206,0.6795,1,0.0584,0.3473,0.5754,1,53.71,49.4409,25.4279
1,143303250.45,349,48,41,1,1,79.25,233259883.89,0.4868,1.0526,12,0.2985,0.2637,0.3467,9,162.77,8.8051,138.8455
2,363389447.85,877,102,113,2,1,39.84,121988993.25,1.1869,1.1802,30,0.2662,0.2356,0.5673,11,33.57,3.6222,30.9556
0,9736301.71,97,13,12,1,0,86.89,8036905.64,1.0526,0.9694,2,0.1596,0.3177,0.4909,2,82.55,43.4446,16.2973
2,28625800.35,998,20,102,0,1,52.92,20454442.25,0.7406,1.0463,0,0.0,0.2701,0.6089,17,71.45,3.1129,18.9545
1,123672522.55,153,42,23,0,1,74.81,109386285.44,0.8458,0.8567,3,0.1489,0.3938,0.5534,3,88.45,24.9356,55.3905
1,48396105.81,180,45,20,1,1,40.88,17200299.61,1.1502,0.8409,1,0.0748,0.3537,0.4317,2,35.54,20.4398,23.3653
2,28170809.32,970,20,101,0,1,46.42,18446424.55,0.7089,0.7955,44,0.4352,0.1769,0.5131,15,65.48,3.0945,57.9041
2,546567238.71,201,66,27,1,1,49.95,329049753.03,0.8297,0.6595,4,0.139,0.146,0.5287,3,60.2,16.6495,76.5235
1,29032930.83,822,10,83,2,1,50.25,13006570.67,1.1217,1.1016,0,0.0,0.2224,0.4792,13,44.8,3.8654,-17.5735
2,33175738.0,1110,20,114,0,1,76.54,30150335.72,0.8422,1.0005,8,0.0691,0.3151,0.467,28,90.88,2.7335,15.9539
1,145815855.01,2958,48,293,1,1,31.04,58042220.33,0.7798,1.0677,0,0.0,0.3856,0.506,30,39.81,1.0347,51.6452
2,29114436.8,623,20,60,0,1,55.37,32052462.7,0.503,0.745,18,0.2948,0.3266,0.6097,11,110.09,5.0341,85.4808
0,15819345.82,120,10,20,1,1,75.27,13353086.97,0.8917,1.1077,4,0.2227,0.2401,0.3998,3,84.41,25.0892,31.3402
0,26824447.54,132,11,13,0,0,71.03,17904047.56,1.0642,0.7831,1,0.0743,0.2512,0.4281,3,66.75,23.6763,6.2168
0,43737511.0,1209,29,124,1,1,78.62,34502185.05,0.9966,1.0547,0,0.0,0.3252,0.5394,31,78.88,2.5361,-7.1347
2,814269607.2,167,88,20,0,1,73.97,737463821.23,0.8168,1.1882,3,0.1365,0.4771,0.5393,4,90.57,18.4934,56.7402
1,57262001.92,1032,19,104,0,1,53.93,38804374.29,0.7959,0.8808,15,0.1404,0.4024,0.6897,18,67.77,2.9963,31.7399
1,50286710.23,1704,16,174,0,1,31.36,16812148.11,0.9379,0.9792,7,0.0395,0.3855,0.4182,17,33.43,1.8445,42.9453
0,17025867.15,149,8,23,1,0,65.28,19654652.68,0.5655,0.9222,6,0.2665,0.3036,0.3853,3,115.44,21.7615,100.4887
0,24761721.66,44,14,8,1,0,45.93,9207401.98,1.2351,1.2671,4,0.5214,0.335,0.5373,1,37.18,45.9268,-2.0699
2,134210976.67,1954,26,198,1,1,79.53,251807131.45,0.4239,0.4761,129,0.65,0.1386,0.5025,51,187.62,1.5595,163.7262
2,58421876.45,1631,20,163,0,1,72.94,81740685.62,0.5213,0.7082,70,0.4315,0.1409,0.4449,39,139.91,1.8703,108.1058
1,151540060.87,499,29,62,2,1,57.82,87297199.33,1.0038,1.1768,10,0.1552,0.1989,0.4031,9,57.61,6.4248,34.2622
2,120228419.72,1406,24,142,2,1,42.01,55902060.78,0.9035,0.9974,3,0.0225,0.2029,0.5412,19,46.5,2.2111,4.505
0,23568382.54,76,12,10,1,1,49.69,11270558.92,1.0391,1.053,1,0.1341,0.3258,0.4397,1,47.82,49.6898,27.645
1,26358193.62,203,10,26,1,1,72.56,15358756.87,1.2453,0.7762,1,0.027,0.3032,0.4167,4,58.27,18.141,9.7896
2,38633482.88,1826,20,186,1,1,56.15,19328460.01,1.1224,1.1437,0,0.0,0.2404,0.5218,34,50.03,1.6516,-10.0465
2,361442674.57,510,115,66,0,1,65.15,197657319.86,1.1914,0.9154,6,0.0849,0.454,0.4077,11,54.69,5.9228,36.0205
0,38429688.42,944,25,95,0,1,77.04,35361546.64,0.8372,0.958,6,0.0666,0.3567,0.5675,24,92.02,3.2099,23.013
0,28582011.62,161,10,18,0,1,69.18,23887455.83,0.8278,1.0367,3,0.1604,0.3878,0.4853,3,83.58,23.0612,38.1521
2,46308648.62,1946,20,194,0,0,71.92,43088055.34,0.7729,0.8254,46,0.2378,0.12,0.5098,46,93.05,1.5634,36.5164
0,15572964.6,179,5,26,0,0,71.2,10551076.34,1.0508,0.8775,8,0.3077,0.2981,0.5271,4,67.75,17.7993,11.5727
0,25154066.57,120,12,19,1,0,60.3,12330217.51,1.2302,1.0848,3,0.165,0.5188,0.3984,2,49.02,30.1507,-11.505
2,33061230.61,1199,20,117,0,1,40.89,10219271.17,1.3228,1.144,0,0.0,0.2834,0.501,16,30.91,2.5556,-20.0
2,67867393.64,177,83,27,2,1,74.26,39877676.84,1.2638,0.9826,4,0.1306,0.1851,0.5763,4,58.76,18.5653,5.4372
1,27740189.58,1422,10,145,2,1,82.24,27759220.65,0.8219,0.9701,6,0.0403,0.3014,0.4884,38,100.07,2.1643,18.9626
0,21447073.76,102,12,11,1,0,85.01,28949178.7,0.6298,1.0053,3,0.2397,0.2946,0.4803,2,134.98,42.5068,86.4223
1,65119746.79,1600,21,161,0,1,37.93,29505859.41,0.8371,0.8974,19,0.1193,0.3006,0.5557,20,45.31,1.8965,28.2796
0,27313138.97,937,18,96,1,1,40.48,12790048.17,0.8644,0.8809,14,0.1442,0.4013,0.3642,12,46.83,3.3732,12.9287
2,79385877.41,328,114,41,0,1,50.58,45502363.02,0.8824,1.0753,9,0.2289,0.1521,0.5464,5,57.32,10.1156,58.0714
1,44711234.0,1678,14,165,0,1,28.92,17113564.15,0.7556,0.961,0,0.0,0.3147,0.4958,16,38.28,1.8076,31.6695
2,340850826.41,847,114,107,1,1,73.3,218962067.29,1.141,0.9201,34,0.3158,0.2184,0.5977,20,64.24,3.6648,42.6781
1,171398865.28,171,24,19,2,1,54.87,117067057.07,0.8034,0.8081,3,0.1654,0.2851,0.5093,3,68.3,18.2907,67.0823
2,711364471.54,471,91,58,1,1,39.19,409921299.21,0.6802,0.8552,4,0.0605,0.2877,0.6492,6,57.62,6.5324,100.5727
0,8403160.32,63,13,12,1,0,55.26,3991078.12,1.1635,0.4381,4,0.3405,0.3129,0.3711,1,47.49,55.2621,37.0228
2,681229662.49,311,102,38,0,1,88.02,1228223674.83,0.4882,1.0696,3,0.0663,0.2781,0.5308,9,180.3,9.7798,139.0039
1,52725298.0,1180,17,119,1,1,72.95,50845018.66,0.7564,0.9484,3,0.028,0.2588,0.5289,28,96.43,2.6053,25.4901
2,28680061.86,2090,20,210,0,1,38.04,17593342.11,0.6202,0.8299,49,0.2321,0.1958,0.6129,26,61.34,1.4633,61.0666
0,4240666.7,57,12,10,1,0,31.86,1826184.39,0.7398,0.8288,3,0.2948,0.2736,0.25,1,43.06,31.8594,26.4124
1,87881285.97,416,29,41,0,1,79.29,84738195.62,0.8223,0.8679,5,0.1136,0.4286,0.4876,10,96.42,7.929,23.5398
2,42182704.86,1675,20,165,0,1,64.04,54351970.67,0.497,0.7787,51,0.3098,0.1479,0.5848,35,128.85,1.8298,75.0115
2,964690444.76,261,24,30,2,1,80.27,721192065.6,1.0738,0.9584,10,0.3375,0.3126,0.5152,6,74.76,13.3791,56.9324
2,787375136.06,575,60,69,2,1,58.66,507700983.65,0.9097,0.4,8,0.109,0.2208,0.567,11,64.48,5.3323,86.6773
2,701656568.36,514,75,64,0,1,29.25,166276374.09,1.2342,0.8075,18,0.2766,0.2233,0.5114,5,23.7,5.8497,35.7381
0,25851865.67,157,7,18,1,0,46.6,10676660.52,1.1284,0.5483,2,0.1366,0.2684,0.5242,2,41.3,23.3011,21.3169
1,167829830.19,332,41,43,2,1,35.73,60455316.66,0.9918,0.7743,19,0.4486,0.4322,0.4944,3,36.02,11.909,40.2462
2,49708453.91,1460,20,150,0,0,40.31,26765226.0,0.7487,0.9943,8,0.0544,0.4069,0.498,19,53.84,2.1218,19.8838
2,739817359.0,586,92,73,1,1,89.97,534545991.91,1.2453,0.7153,13,0.1785,0.2181,0.5296,17,72.25,5.2926,44.3456
1,272869179.83,1648,90,162,0,1,83.55,381056865.8,0.5983,0.8263,39,0.2422,0.2316,0.4663,45,139.65,1.8567,61.8495
1,165783327.27,225,39,31,1,1,60.69,132313208.27,0.7605,0.7396,17,0.5541,0.2636,0.5572,4,79.81,15.1732,92.7213
1,405028868.38,2128,135,213,2,1,61.79,290634454.05,0.8611,0.9919,2,0.0071,0.2898,0.4454,43,71.76,1.437,17.0473
0,23528508.23,85,12,14,0,0,57.06,14060538.18,0.9548,0.7208,2,0.1379,0.3529,0.4618,1,59.76,57.0597,16.2329
2,73625050.0,963,20,97,0,1,44.21,62384247.77,0.5218,0.8554,14,0.1431,0.2555,0.6168,14,84.73,3.1581,86.2253
2,42352352.98,2016,20,202,1,1,57.47,36191486.7,0.6725,0.8971,12,0.0595,0.2091,0.5388,38,85.45,1.5124,46.9454
2,29229446.58,523,20,52,1,1,58.96,22498904.99,0.7659,0.9164,10,0.1858,0.2494,0.5212,10,76.97,5.8957,38.5691
2,286974654.94,455,80,58,2,1,76.06,448971500.97,0.4861,0.6811,10,0.1787,0.2895,0.605,11,156.45,6.9144,161.797
1,101708397.82,107,31,14,1,1,39.87,35447701.57,1.144,0.9017,5,0.382,0.2644,0.5402,1,34.85,39.8726,36.3342
1,97989298.96,101,33,17,0,1,47.64,36213832.49,1.2891,1.2027,4,0.2186,0.3897,0.4914,1,36.96,47.6418,3.9011
1,40792354.0,931,13,94,1,1,25.57,11950515.9,0.8728,0.9301,13,0.1422,0.2478,0.4818,7,29.3,3.6528,33.7844
1,29130329.0,720,10,71,0,1,74.38,29808146.09,0.7269,0.91,11,0.1504,0.3197,0.5378,17,102.33,4.3752,54.6253
2,42182704.86,1675,20,165,0,1,90.21,70389921.88,0.5406,0.823,34,0.209,0.1826,0.5553,50,166.87,1.8043,75.0115
0,6602352.46,164,7,22,0,0,78.06,4881271.09,1.0559,1.1394,5,0.2177,0.2907,0.6186,4,73.93,19.5161,-0.9319
2,696183582.53,589,90,77,0,1,61.18,374726987.59,1.1366,0.9901,6,0.0716,0.2314,0.5629,12,53.83,5.0983,21.9661
1,175261309.01,406,32,55,1,1,58.01,153789419.72,0.661,1.0299,22,0.3952,0.2878,0.561,7,87.75,8.2865,87.1644
2,458000016.19,668,96,86,0,1,50.63,214579901.12,1.0807,1.1489,18,0.2123,0.2256,0.5016,11,46.85,4.6027,28.5274
2,150875292.35,2008,30,199,0,1,59.94,91850836.45,0.9845,0.976,19,0.0942,0.3006,0.6536,40,60.88,1.4984,29.1443
2,28567647.7,869,20,86,0,1,31.96,12348627.74,0.7394,0.6365,33,0.3873,0.2307,0.5529,9,43.23,3.5514,70.3967
1,156294097.52,2350,52,238,0,1,27.65,69869215.25,0.6185,0.8232,24,0.1005,0.2451,0.5285,21,44.7,1.3167,60.7593
1,185813978.86,541,33,69,2,1,78.61,159460617.0,0.916,1.1939,30,0.4358,0.342,0.586,14,85.82,5.6151,44.3684
2,887426216.11,857,112,111,0,1,51.77,424302638.7,1.0828,1.2916,29,0.2577,0.1883,0.4586,14,47.81,3.6981,39.009
0,1647811.97,135,12,20,2,0,46.52,1357188.92,0.5649,1.2134,4,0.2115,0.2841,0.4526,2,82.36,23.2617,78.7526
1,34969904.13,861,11,87,0,1,25.0,7904673.64,1.106,1.0961,0,0.0,0.3255,0.3714,7,22.6,3.5716,-6.938
1,50309917.32,2771,16,275,0,1,68.67,39307631.24,0.879,0.9254,26,0.0945,0.2797,0.5435,63,78.13,1.0901,20.2616
2,677019490.32,637,116,80,2,1,66.55,341698705.8,1.3187,0.7822,6,0.0773,0.3263,0.5044,14,50.47,4.7539,27.9681
1,28618607.32,2086,10,211,0,1,91.61,59692608.29,0.4392,0.7012,83,0.3928,0.2667,0.4673,63,208.58,1.4542,102.038
1,63268050.26,568,40,71,1,1,73.92,46233299.96,1.0116,0.6404,14,0.1956,0.2831,0.4425,13,73.08,5.6865,62.0589
0,4769593.49,167,3,18,2,0,85.99,3242743.46,1.2648,0.9633,5,0.2803,0.3443,0.5536,4,67.99,21.498,-7.719
2,65011041.99,300,83,34,1,1,83.94,61373043.63,0.8892,0.8471,7,0.1999,0.303,0.4921,8,94.4,10.493,59.749
2,41511546.0,890,20,91,2,1,37.24,44164107.14,0.35,0.46,59,0.65,0.23,0.6087,11,106.39,3.3851,134.7985
1,159754653.83,1656,53,166,0,1,26.49,59126845.92,0.7158,0.8523,27,0.1601,0.4328,0.4684,14,37.01,1.8923,46.0863
0,33860684.62,1367,22,137,0,1,74.55,18965899.14,1.3309,1.1478,0,0.0,0.3581,0.3414,33,56.01,2.259,-18.4458
1,144125265.71,134,32,16,0,1,37.7,39830319.43,1.3643,0.5395,9,0.5379,0.3381,0.4842,1,27.64,37.7041,40.4352
0,28550677.38,171,10,19,1,0,59.68,15095078.13,1.1287,0.6162,6,0.3294,0.4244,0.5892,3,52.87,19.8927,17.8577
0,4467578.76,91,9,14,1,0,32.51,1261797.54,1.1511,0.9676,0,0.0111,0.4522,0.4636,1,28.24,32.5114,-20.0
0,32997525.59,2858,21,287,0,1,47.49,15861324.06,0.988,0.8566,24,0.0834,0.3304,0.2863,45,48.07,1.0554,0.049
1,28618607.32,2086,10,211,0,1,86.75,52303783.54,0.4746,0.6837,96,0.455,0.2767,0.4113,60,182.76,1.4458,102.038
2,180191262.95,424,36,44,0,1,27.35,67112171.41,0.7344,0.8312,13,0.2873,0.12,0.6613,3,37.24,9.1176,62.8207
1,196374796.13,166,25,25,0,1,27.03,44756782.74,1.1859,0.7349,4,0.1761,0.3108,0.598,1,22.79,27.0286,32.2515
0,4183782.84,165,17,21,2,0,46.72,2856747.41,0.6842,0.7613,5,0.2297,0.408,0.2828,2,68.28,23.3589,63.5489
2,79082206.66,1919,20,190,0,1,45.32,79181046.28,0.4526,0.8471,39,0.2033,0.2771,0.5317,28,100.12,1.6185,88.8823
1,59960875.4,1675,19,169,0,1,67.9,50162295.82,0.8117,0.9317,11,0.0654,0.2936,0.4928,37,83.66,1.8352,40.2463
0,2104563.43,153,7,21,1,0,84.88,1331939.79,1.3411,1.1019,7,0.3547,0.2896,0.5764,4,63.29,21.2197,-20.0
0,5658381.65,55,9,9,0,0,70.66,3585659.64,1.115,1.0475,1,0.0893,0.3832,0.3501,1,63.37,70.6587,-14.8831
1,274302548.0,2021,91,202,0,1,63.93,217020261.63,0.808,0.8345,26,0.1287,0.2965,0.5059,43,79.12,1.4867,31.587
2,28321972.79,967,20,100,0,1,59.82,23306501.51,0.727,0.8032,22,0.2217,0.2177,0.4811,19,82.29,3.1485,48.1948
1,29685080.22,1286,10,132,0,1,30.13,6743690.7,1.3261,0.9806,15,0.1151,0.2486,0.5352,12,22.72,2.5105,-18.9874
1,34670407.0,881,11,87,1,1,42.78,18614433.16,0.7969,0.9803,1,0.0138,0.3348,0.5014,12,53.69,3.5654,4.2672
1,160607553.66,2662,53,265,0,1,59.97,127744488.39,0.7539,0.8357,44,0.1652,0.2184,0.5274,53,79.54,1.1314,35.3436
2,86286179.81,966,20,100,0,1,29.76,46330373.7,0.5543,0.5451,58,0.5782,0.2406,0.5388,9,53.69,3.307,77.3805
0,2775318.28,60,7,6,0,0,71.53,1665280.81,1.1922,1.0544,2,0.3514,0.3581,0.4369,1,60.0,71.5347,-4.7468
1,21340715.19,552,34,70,1,1,67.47,11728062.54,1.2276,0.8305,25,0.3546,0.2718,0.4325,12,54.96,5.6221,25.6439
1,98846727.24,2047,32,205,0,1,57.17,46412923.3,1.2175,1.1465,0,0.0,0.2701,0.5623,39,46.95,1.4658,-19.026
0,9493758.69,98,8,14,2,1,69.0,8098173.76,0.8089,0.9896,4,0.2863,0.228,0.4327,2,85.3,34.4999,39.7054
2,316735461.08,2027,63,205,1,1,29.39,75974110.57,1.2253,0.9561,11,0.0537,0.313,0.4817,19,23.99,1.5469,-20.0
1,104802623.78,1521,34,150,1,1,71.5,114795957.88,0.6528,0.7417,46,0.3092,0.2696,0.5453,36,109.54,1.9861,64.564
1,209025585.0,1357,69,134,0,1,38.79,107753129.81,0.7525,0.7381,55,0.4114,0.2806,0.4857,17,51.55,2.2818,43.1774
2,74808237.0,1117,20,113,0,1,86.15,86016323.73,0.7493,0.8135,33,0.2902,0.2079,0.6621,32,114.98,2.6923,42.6944
1,187385638.47,593,28,71,1,1,46.84,85549392.44,1.0259,0.8631,10,0.1432,0.2934,0.3459,9,45.65,5.2041,40.3069
2,169823421.39,381,134,52,1,1,53.15,150759526.29,0.5987,1.021,23,0.4364,0.2107,0.7019,6,88.77,8.8587,134.706
2,41932974.9,626,20,64,0,1,65.82,33022048.49,0.8358,0.8706,13,0.2021,0.2868,0.6126,13,78.75,5.0628,17.525
0,14152302.6,50,11,9,1,0,84.31,16232469.47,0.735,1.0868,5,0.5623,0.3489,0.4989,1,114.7,84.3081,51.9272
1,148026493.46,415,47,50,1,1,56.85,111214845.26,0.7567,0.7973,32,0.65,0.2478,0.4958,7,75.13,8.1213,90.7508
2,815391964.87,271,51,35,1,1,86.83,737871287.78,0.9596,0.6706,23,0.65,0.2895,0.5258,7,90.49,12.4048,81.0613
2,37689772.53,814,20,81,2,1,66.63,31554903.62,0.7958,0.8448,14,0.176,0.1856,0.5135,18,83.72,3.7017,38.4313
2,73523853.1,257,77,35,0,1,53.46,33192773.15,1.1842,0.8824,2,0.0515,0.3241,0.5257,4,45.15,13.3658,20.8296
1,8132237.48,151,31,22,1,1,50.47,3312553.3,1.239,1.0862,4,0.1721,0.3304,0.4628,2,40.73,25.2352,12.2459
2,63265395.09,1191,20,119,0,1,71.68,92703724.07,0.4892,0.573,72,0.6075,0.3165,0.5066,28,146.53,2.56,126.3081
1,227007508.37,1487,75,146,0,1,39.42,139170907.55,0.6429,0.7795,36,0.2462,0.2573,0.4384,19,61.31,2.0746,53.2543
1,37479460.0,821,12,80,0,1,34.09,17704948.0,0.7216,0.9915,0,0.0,0.2208,0.2763,9,47.24,3.7876,33.1302
0,9925771.75,139,9,14,1,0,84.46,8701623.02,0.9634,1.0775,1,0.0423,0.4405,0.547,3,87.67,28.1541,-4.3966
1,57342125.87,2432,19,242,2,1,88.57,80603063.92,0.6301,0.7855,64,0.2658,0.3346,0.6172,71,140.57,1.2474,71.8431
0,25125721.19,31,9,5,2,1,80.47,19845890.45,1.0188,0.9577,1,0.2921,0.3595,0.4988,1,78.99,80.4718,12.9686
0,4322278.78,187,8,20,1,1,37.77,1377967.66,1.1849,1.1227,3,0.1686,0.2517,0.3633,2,31.88,18.8872,8.0886
1,33707387.56,1265,11,124,0,1,41.38,15810220.31,0.8823,0.9456,5,0.0442,0.3065,0.4583,17,46.9,2.4342,24.0989
1,307160344.67,1788,102,180,0,1,41.25,209052897.94,0.606,0.851,33,0.1824,0.3167,0.5111,24,68.06,1.7186,66.4807
1,83175853.15,1705,27,172,2,1,45.49,38011497.96,0.9954,1.0075,0,0.002,0.3217,0.405,25,45.7,1.8196,-2.3307
1,28996199.62,724,10,71,0,1,53.36,14242874.56,1.0863,1.1162,0,0.0,0.3255,0.6355,12,49.12,4.4467,-19.1689
1,1936534993.61,2565,500,260,0,1,82.53,2228538452.78,0.7171,0.8528,69,0.2647,0.2907,0.47,70,115.08,1.1789,37.6651
1,407152291.0,1296,135,128,2,1,59.06,322977935.78,0.7445,0.7946,26,0.1999,0.2725,0.4795,25,79.33,2.3624,15.3979
2,30961711.66,676,20,70,0,1,87.41,51295934.79,0.5276,0.7045,23,0.325,0.3565,0.5942,19,165.68,4.6004,93.8428
2,124047561.4,1686,24,166,0,1,86.24,113050990.68,0.9463,1.0241,0,0.0,0.3633,0.5499,48,91.14,1.7967,0.0343
2,1870679349.39,846,374,85,0,1,35.34,730512049.6,0.9049,0.9121,5,0.0639,0.2005,0.5955,9,39.05,3.9264,25.6327
1,44771420.45,875,14,86,0,1,54.51,23879015.94,1.0219,1.0367,0,0.0,0.2992,0.5218,15,53.34,3.6337,-7.2076
1,58590140.0,1979,19,200,0,1,63.02,36372922.21,1.0151,0.9279,21,0.1054,0.1974,0.462,41,62.08,1.537,27.7108
0,24609647.43,76,14,14,1,0,86.36,18885391.92,1.1253,0.7837,2,0.1512,0.2043,0.3839,2,76.74,43.1782,14.1857
1,205916462.35,1236,68,124,0,1,37.25,101676758.16,0.7544,0.8343,20,0.1608,0.3495,0.5645,15,49.38,2.4832,60.9899
1,52345319.88,1363,17,134,1,1,85.96,75904095.8,0.5928,0.8672,28,0.2076,0.3049,0.4977,39,145.01,2.2041,69.5095
0,21443847.68,173,10,20,2,0,90.62,27009627.91,0.7194,0.7808,9,0.4401,0.4572,0.4361,5,125.96,18.1235,61.0365
1,195042326.31,2099,65,212,0,1,75.12,118435989.93,1.237,1.0395,0,0.0,0.3329,0.5627,52,60.72,1.4445,-10.5095
2,72756855.01,700,129,92,0,1,42.89,28767814.8,1.0847,0.9051,24,0.2657,0.3601,0.4363,10,39.54,4.2888,38.7909
2,48018601.0,1122,20,110,0,1,39.48,23382241.25,0.8107,0.8518,25,0.2316,0.2461,0.5904,14,48.69,2.8199,22.1479
1,181421361.47,362,46,46,0,1,80.55,365317327.91,0.4,0.9344,5,0.1172,0.2566,0.4133,9,201.36,8.9495,166.2112
2,841838186.36,178,95,27,1,1,71.26,590948179.43,1.0152,0.6297,10,0.3641,0.1572,0.5376,4,70.2,17.8157,64.0973
1,121011245.68,300,34,41,1,1,58.52,65522952.72,1.0808,1.0993,1,0.0195,0.3094,0.4513,5,54.15,11.7038,18.6538
0,23583877.73,140,10,20,0,0,35.38,7293853.41,1.1441,1.0894,3,0.1646,0.3887,0.4587,1,30.93,35.3841,-20.0
1,119546602.77,383,30,47,1,1,91.91,98670484.59,1.1136,0.5787,15,0.3093,0.2733,0.6365,11,82.54,8.3554,39.1814
0,36161861.0,694,24,72,2,1,79.49,30187029.2,0.9522,0.9068,0,0.0,0.3047,0.3645,18,83.48,4.4159,11.8611
1,34969904.13,861,11,87,0,1,28.98,9925718.39,1.0211,1.0912,0,0.0,0.3972,0.4956,8,28.38,3.6228,-6.938
2,369550994.37,158,83,24,1,1,46.96,136847349.06,1.268,0.7404,1,0.0372,0.2239,0.4585,2,37.03,23.4781,25.3669
2,788063796.31,367,132,47,1,1,86.36,800760786.81,0.8499,0.8399,14,0.3085,0.2152,0.6145,10,101.61,8.636,56.9665
1,168467695.05,222,33,29,0,1,91.2,150440433.99,1.0213,1.1459,5,0.1561,0.3037,0.6217,6,89.3,15.2007,14.7202
2,347602530.83,336,104,39,0,1,33.12,171880481.99,0.6698,0.8466,5,0.1214,0.2787,0.5329,3,49.45,11.0403,93.5941
2,870336824.74,862,68,111,1,1,59.48,514010302.5,1.0071,0.6793,11,0.1001,0.2967,0.6467,17,59.06,3.4986,39.7559
1,27383910.0,1041,10,105,1,1,62.38,26844623.25,0.6363,0.8258,20,0.1876,0.3101,0.463,21,98.03,2.9703,53.061
2,840839757.47,392,81,50,0,1,86.13,562436235.29,1.2876,1.0186,3,0.0543,0.2227,0.4624,11,66.89,7.83,36.9105
0,2553584.88,87,13,8,1,0,66.66,1874756.81,0.908,0.9559,1,0.129,0.3765,0.4265,1,73.42,66.6643,4.8724
1,27681676.51,1706,10,169,1,1,87.99,28881210.52,0.8433,0.8813,34,0.2017,0.3719,0.4991,50,104.33,1.7598,30.4653
0,30904004.03,1586,20,158,0,1,35.45,20667023.96,0.5301,0.8993,8,0.0491,0.4476,0.561,18,66.87,1.9694,27.6082
2,43605807.25,871,20,85,0,1,46.18,17806597.51,1.131,1.1265,0,0.0,0.3053,0.5127,13,40.84,3.5525,-20.0
1,74597340.19,441,23,58,1,1,42.21,26599560.87,1.1838,0.9895,17,0.298,0.3904,0.5058,6,35.66,7.0354,27.6674
1,35780935.06,902,11,93,1,1,50.56,14502612.7,1.2475,1.0256,0,0.0,0.3957,0.469,15,40.53,3.371,-20.0
2,44788932.25,358,99,42,0,1,69.15,24178490.1,1.281,1.0042,5,0.1252,0.1663,0.4598,8,53.98,8.6443,37.3668
0,11230911.69,56,9,8,2,1,76.91,8266490.95,1.0449,1.0194,3,0.3693,0.3502,0.2517,1,73.6,76.9064,26.3367
0,13012600.7,91,11,16,2,0,62.47,6560294.77,1.239,0.9178,2,0.1115,0.4187,0.4526,1,50.41,62.4653,-20.0
1,199884674.27,457,35,60,2,1,47.77,238689756.23,0.4,0.5326,17,0.2849,0.2538,0.6157,7,119.41,6.8236,200.0
2,86286560.34,1214,20,121,0,1,88.27,99410997.44,0.7662,0.8798,22,0.1804,0.1826,0.5724,35,115.21,2.5221,22.5505
1,93110358.07,159,35,18,0,1,25.57,31822683.69,0.748,1.1074,1,0.0399,0.3129,0.3688,1,34.18,25.5652,55.7133
2,36722866.77,828,20,83,0,1,67.29,21717769.52,1.1378,0.9831,4,0.0429,0.2498,0.6234,18,59.14,3.7382,-20.0
1,319382955.0,2443,106,243,0,1,46.61,141821139.12,1.0496,1.1253,0,0.0,0.2745,0.522,37,44.4,1.2596,2.0144
0,8556581.64,32,12,5,0,0,63.91,4953416.67,1.104,0.7044,2,0.4239,0.4263,0.4592,1,57.89,63.9109,9.3909
1,148507022.23,140,51,17,1,1,84.56,102923273.21,1.2201,1.2537,5,0.3219,0.319,0.4157,3,69.31,28.1873,6.6296
2,82203266.28,1825,20,182,0,1,49.75,46600455.24,0.8776,0.8101,50,0.2745,0.189,0.5087,30,56.69,1.6584,21.8858
1,115176126.31,280,43,34,2,1,75.89,126822227.92,0.6892,0.9795,5,0.1427,0.1463,0.4766,7,110.11,10.8408,85.6118
2,201451160.83,2398,40,237,1,1,28.41,137874103.23,0.415,0.5674,129,0.5429,0.2806,0.5426,22,68.44,1.2912,124.1288
2,450073674.0,2506,90,253,0,1,41.14,323645956.06,0.572,0.8962,30,0.1179,0.2619,0.6262,34,71.91,1.2099,57.6066
2,687246265.3,866,61,107,1,1,55.01,312096258.51,1.2114,0.929,33,0.3069,0.2216,0.4399,15,45.41,3.6674,29.3866
0,6244502.22,69,17,12,2,0,27.28,1318634.18,1.2919,0.901,3,0.2549,0.3569,0.4355,1,21.12,27.2812,-7.1642
0,11773180.77,68,11,7,0,0,80.38,9716157.1,0.974,1.0814,2,0.2159,0.55,0.25,1,82.53,80.3843,6.8828
1,102759370.92,1460,34,148,0,1,28.84,34264637.84,0.8649,0.9469,0,0.0,0.2861,0.518,14,33.34,2.0599,44.0797
1,121496856.83,243,23,32,1,1,91.29,136022656.98,0.8154,0.9189,8,0.237,0.3555,0.4288,7,111.96,13.041,57.0966
1,279663837.15,1923,93,190,1,1,34.63,171379665.68,0.5651,0.9507,22,0.1178,0.3007,0.5174,22,61.28,1.5741,74.5727
0,20556510.43,161,8,20,0,0,64.16,9755996.53,1.352,0.9929,4,0.1873,0.3133,0.4905,3,47.46,21.3882,-20.0
0,44651100.66,1532,29,153,0,1,85.04,57027956.04,0.6659,0.8761,23,0.1523,0.2674,0.3545,43,127.72,1.9778,56.3048
1,86302346.13,219,39,26,0,1,85.66,156792992.27,0.4715,1.1162,7,0.2761,0.4092,0.5736,6,181.68,14.2763,143.1854
1,27665717.68,1069,10,105,0,1,28.99,10036335.81,0.7992,0.9198,25,0.2358,0.2742,0.6124,10,36.28,2.8994,31.2159
1,97178350.63,565,47,71,2,1,77.65,73319535.11,1.0292,0.7864,23,0.3254,0.3108,0.4812,14,75.45,5.5465,54.9979
1,70449811.92,598,33,72,1,1,43.51,36964297.87,0.8293,0.5579,17,0.2395,0.1406,0.6016,8,52.47,5.4389,66.4133
0,22257662.53,67,11,8,1,1,33.86,8418706.11,0.8952,0.8764,2,0.3067,0.2871,0.4519,1,37.82,33.8611,34.7917
2,119029701.11,3611,23,359,1,1,38.75,66320979.33,0.6955,0.6534,135,0.3771,0.3401,0.5781,46,55.72,0.8424,51.5265
1,33210489.27,1467,11,148,2,1,68.72,22628087.0,1.0085,0.9338,6,0.0377,0.2855,0.5464,33,68.14,2.0823,-3.3165
2,634008449.5,365,80,43,0,1,79.16,491576595.72,1.021,1.0694,10,0.2243,0.268,0.587,9,77.53,8.796,50.0594
2,655872274.71,631,68,78,0,1,90.41,463071690.33,1.2805,0.9193,7,0.0835,0.1584,0.4578,19,70.6,4.7583,22.9088
1,11831606.85,444,43,54,0,1,60.97,8691621.06,0.83,1.262,24,0.4521,0.239,0.6489,9,73.46,6.7746,48.4558
1,131428524.26,391,28,49,0,1,57.71,66392919.29,1.1423,1.1187,18,0.3729,0.2363,0.3872,7,50.52,8.2438,14.0097
2,620145711.81,775,125,98,0,1,85.23,478108723.19,1.1055,0.8656,11,0.1082,0.2031,0.5503,22,77.1,3.874,30.814
2,49708453.91,1460,20,150,0,0,80.94,51667756.67,0.7787,0.9567,17,0.1138,0.2643,0.5121,39,103.94,2.0753,19.8838
0,21610661.11,30,11,5,2,0,86.88,22040969.85,0.8519,0.9673,1,0.2563,0.3881,0.437,1,101.99,86.8814,29.6487
2,142929551.71,407,109,51,0,1,68.92,77441054.98,1.2721,1.0531,7,0.144,0.2518,0.5296,9,54.18,7.6581,8.9882
1,58590140.0,1979,19,200,0,1,55.97,37888899.47,0.8655,0.9545,14,0.0683,0.3478,0.5012,36,64.67,1.5548,27.7108
1,34378665.88,666,11,68,0,1,54.06,24043226.21,0.773,0.9042,3,0.0422,0.3403,0.4493,12,69.94,4.5053,29.7772
1,53214779.38,1711,17,169,0,1,55.06,30228181.3,0.9693,1.0591,8,0.0476,0.3891,0.3946,31,56.8,1.7762,-5.9742
1,52885929.4,1408,17,140,0,1,48.63,37145611.93,0.6924,0.8643,39,0.2819,0.3044,0.4298,22,70.24,2.2106,26.6494
0,61723637.28,991,41,97,0,1,68.66,57150618.02,0.7416,0.9671,6,0.0639,0.314,0.4913,22,92.59,3.1211,28.5072
1,41706878.95,1591,13,160,0,1,78.55,38725916.3,0.846,0.8602,34,0.2128,0.2152,0.544,41,92.85,1.9158,20.705
1,71652443.61,161,40,18,2,1,84.18,123883146.74,0.4869,0.7207,4,0.2146,0.3362,0.586,4,172.89,21.0448,145.6288
1,108028983.86,206,37,23,1,1,80.77,70210999.6,1.2427,0.7232,3,0.1377,0.2734,0.4158,5,64.99,16.1536,30.1985
1,111150580.67,365,28,50,1,1,47.89,44123647.65,1.2064,1.0289,6,0.1118,0.26,0.4881,5,39.7,9.5784,7.2377
1,153358549.0,2052,51,204,0,1,27.18,74090896.64,0.5627,0.9198,32,0.1588,0.3076,0.2855,18,48.31,1.5102,48.2958
0,3468224.96,170,13,18,2,0,65.74,2700144.92,0.8444,1.2209,2,0.1052,0.4479,0.3507,3,77.85,21.9132,10.6665
1,727726763.2,2055,242,207,0,1,70.04,621039282.76,0.8207,0.8926,34,0.1663,0.2727,0.4142,47,85.34,1.4902,21.4478
2,122766577.45,1940,24,198,1,1,32.42,44968796.68,0.8851,1.0466,0,0.0,0.2953,0.5294,20,36.63,1.621,22.931
1,106082207.56,1428,35,142,0,1,35.56,53539169.51,0.7046,0.848,12,0.0826,0.2321,0.5673,16,50.47,2.2225,38.5682
2,73625050.0,963,20,97,0,1,46.65,56498801.07,0.6079,0.7273,33,0.3371,0.1457,0.4761,14,76.74,3.3321,86.2253
1,548859111.59,957,182,97,0,1,87.71,804613501.27,0.5983,0.8134,33,0.3395,0.1762,0.4586,27,146.6,3.2484,67.9936
1,83376450.32,1331,27,133,0,1,80.49,64363719.03,1.0427,0.9496,11,0.0833,0.3188,0.4822,35,77.2,2.2997,4.9869
2,166488629.3,1432,33,143,0,1,61.82,120441262.42,0.8545,0.8656,26,0.1808,0.1295,0.5687,29,72.34,2.1316,33.5032
1,101066104.17,500,31,63,0,1,74.4,128449478.75,0.5854,0.964,14,0.2287,0.1894,0.4644,12,127.09,6.1996,106.0302
2,660482473.63,737,104,89,0,1,35.08,276527822.17,0.8378,1.1581,22,0.2476,0.252,0.5937,8,41.87,4.3846,53.3554
0,43737511.0,1209,29,124,1,1,68.53,27992958.95,1.0708,1.057,0,0.0,0.362,0.44,27,64.0,2.5382,-7.1347
2,603077578.04,484,59,62,0,1,30.06,159631640.65,1.1357,0.934,18,0.2902,0.3324,0.6381,4,26.47,7.5154,23.7324
2,90966940.32,553,20,57,0,1,28.67,58872873.44,0.443,0.5875,26,0.4633,0.1652,0.3862,5,64.72,5.734,112.9681
0,23845761.32,167,8,20,2,0,88.5,18620610.08,1.1334,0.9841,3,0.1588,0.4299,0.4511,4,78.09,22.1256,13.3495
1,43721655.0,1148,14,117,0,1,39.39,14810714.87,1.1627,1.043,0,0.0,0.2508,0.6115,15,33.88,2.6258,-20.0
1,15549046.22,367,55,49,0,1,71.67,9743379.78,1.1437,1.1515,7,0.1446,0.2693,0.5085,8,62.66,8.9582,11.4741
1,52620114.59,569,17,59,2,1,56.86,37079603.55,0.8069,0.6906,23,0.3848,0.2817,0.5807,10,70.47,5.6858,41.5048
1,156255266.12,1685,52,171,0,1,54.1,113960094.08,0.7418,0.7875,29,0.1678,0.3926,0.518,30,72.93,1.8034,49.0291
1,616467976.41,2224,205,222,1,1,60.09,560601995.5,0.6608,0.5592,124,0.5588,0.3106,0.5207,44,90.94,1.3657,82.0674
1,140713080.06,409,21,54,1,1,41.88,48115132.84,1.2248,1.1404,9,0.1599,0.2476,0.5125,5,34.19,8.3759,6.6951
1,321962568.0,1663,107,167,0,1,58.29,159044582.76,1.1801,1.0335,0,0.0,0.1977,0.3869,32,49.4,1.8217,-20.0
0,18373973.53,114,8,13,0,0,80.87,17292352.02,0.8593,0.7573,5,0.4163,0.3525,0.4199,3,94.11,26.9558,48.4868
1,51613583.79,1850,17,184,1,1,60.41,25850806.45,1.2061,0.9893,0,0.0,0.2312,0.4694,37,50.09,1.6326,-16.1182
0,9358640.89,60,15,6,0,1,56.12,4971582.81,1.0565,1.0549,2,0.3223,0.2676,0.4694,1,53.12,56.1244,9.7422
0,28084504.39,126,12,14,1,0,32.65,7271572.45,1.2611,1.073,4,0.2877,0.34,0.4257,1,25.89,32.6523,3.7177
2,49093804.79,1263,20,129,1,1,34.68,27943611.68,0.6093,0.6976,55,0.4295,0.26,0.4348,14,56.92,2.477,55.2346
1,103674629.2,349,45,48,0,1,65.25,59458056.21,1.1377,0.7502,7,0.1422,0.334,0.5009,7,57.35,9.3209,21.4163
0,20532949.21,70,11,11,0,1,72.72,19278172.77,0.7746,0.7013,1,0.0599,0.3748,0.5258,1,93.89,72.7222,50.08
1,11284665.4,457,37,55,1,1,29.94,2993377.52,1.1289,1.0202,8,0.1381,0.224,0.3824,4,26.53,7.4862,22.4857
1,29416594.77,938,10,92,0,1,38.4,18228877.56,0.6196,0.71,39,0.4187,0.1896,0.5234,12,61.97,3.1998,80.5274
2,30961711.66,676,20,70,0,1,73.21,42056186.0,0.539,0.8269,18,0.2591,0.3176,0.4654,16,135.83,4.5756,93.8428
1,50812794.74,1020,16,103,1,1,50.56,27991225.62,0.9179,1.0337,7,0.0695,0.2989,0.4095,17,55.09,2.9743,23.3772
1,27740189.58,1422,10,145,2,1,44.47,15977972.67,0.7721,1.0021,0,0.0,0.3494,0.5246,21,57.6,2.1178,18.9626
1,118013099.34,231,30,29,2,1,25.49,24101330.6,1.2481,1.2403,13,0.453,0.2955,0.5428,1,20.42,25.4891,10.8499
2,631185317.23,832,49,108,1,1,72.92,647394402.99,0.711,0.8088,39,0.365,0.2023,0.4284,20,102.57,3.6462,97.6564
0,106288110.47,1014,70,101,0,1,74.41,88087081.65,0.8978,0.8709,15,0.1476,0.3564,0.3735,25,82.88,2.9764,25.3082
0,17588940.47,57,7,7,0,1,29.41,4296982.18,1.204,1.0527,1,0.1315,0.2643,0.3838,1,24.43,29.4136,-5.8193
1,184974272.21,272,31,35,0,1,72.86,139294126.5,0.9675,0.7946,6,0.1728,0.2309,0.4143,6,75.3,12.143,32.2166
1,99327404.95,248,35,28,0,1,40.26,34937990.62,1.1445,1.1483,8,0.2877,0.2207,0.5153,3,35.17,13.4188,22.7542
1,38838191.0,1155,12,113,0,1,50.97,28399633.77,0.697,0.7052,42,0.3725,0.3432,0.4134,19,73.12,2.6825,82.0613
0,8128494.16,190,9,20,2,0,45.9,3248231.29,1.1486,0.9374,2,0.0817,0.4256,0.2754,2,39.96,22.9489,-8.8291
2,316254868.46,518,112,61,0,1,63.11,281115694.82,0.71,0.6079,28,0.4622,0.2363,0.4266,10,88.89,6.3115,113.1838
2,89043565.16,2184,20,219,1,1,73.44,76856457.27,0.8508,0.9128,18,0.0836,0.2381,0.461,53,86.31,1.3856,24.3863
1,36840305.8,1719,12,173,2,1,61.67,19488323.56,1.1657,1.0571,0,0.0,0.2883,0.441,35,52.9,1.7619,-20.0
1,85324670.71,576,33,74,1,1,71.2,47886116.64,1.2686,1.237,20,0.2729,0.2679,0.5265,13,56.12,5.4766,2.1432
1,74514044.56,450,17,55,1,1,30.89,27115192.07,0.8488,1.0853,8,0.1437,0.2824,0.521,4,36.39,7.7221,41.4443
1,663187402.0,2634,221,263,0,1,32.94,496336517.84,0.4401,0.9867,0,0.0,0.3065,0.5917,28,74.84,1.1764,56.9878
2,904403011.24,813,40,103,0,1,47.94,581041463.4,0.7462,0.4,9,0.0874,0.217,0.5273,12,64.25,3.995,84.2753
2,80270959.27,1473,20,147,0,1,89.06,174558380.49,0.4096,0.6602,76,0.514,0.2548,0.4508,43,217.46,2.0713,102.8833
1,337777831.58,2385,112,239,0,1,66.56,273871448.31,0.821,0.874,44,0.1857,0.1554,0.4191,52,81.08,1.2801,36.1713
0,80338143.28,2007,53,204,0,1,76.79,66758469.74,0.9241,0.8775,28,0.1355,0.4373,0.4763,51,83.1,1.5057,7.431
1,28694783.0,1397,10,141,0,1,91.4,21195099.37,1.2373,1.0741,0,0.0,0.321,0.3725,42,73.86,2.1761,-15.4026
1,174806169.0,1138,58,114,0,1,30.21,44602485.07,1.1839,1.1462,0,0.0,0.2629,0.4541,11,25.52,2.7463,-18.9131
1,32128671.0,2063,10,208,1,1,77.6,30771868.78,0.8103,0.9693,31,0.1503,0.2618,0.4329,53,95.78,1.4642,24.4326
1,149451860.22,156,19,18,0,1,40.04,49909901.54,1.1989,0.9758,5,0.2526,0.3428,0.5332,2,33.4,20.0186,9.5875
1,162628003.0,1485,54,152,1,1,83.25,172894191.77,0.783,0.9134,9,0.0584,0.2817,0.5861,41,106.31,2.0304,27.3947
1,60706733.23,1456,20,146,0,1,91.78,53748326.53,1.0367,0.9963,15,0.1061,0.3805,0.5443,44,88.54,2.086,-2.602
2,28170809.32,970,20,101,0,1,80.89,37745526.95,0.6037,0.8563,21,0.2058,0.272,0.4759,26,133.99,3.1113,57.9041
1,27335843.04,1317,10,130,0,1,56.04,12399116.89,1.2355,1.1542,0,0.0,0.2382,0.4957,24,45.36,2.335,-20.0
2,590833553.72,568,83,70,0,1,85.13,582263811.93,0.8638,0.7509,11,0.1573,0.279,0.4585,16,98.55,5.3204,82.844
1,35603948.95,158,40,23,2,1,72.17,23205122.18,1.1073,1.1257,1,0.0587,0.299,0.4424,3,65.18,24.056,11.8673
1,70814216.14,1667,23,167,0,1,34.15,29227227.24,0.8275,0.9529,2,0.0143,0.354,0.5569,18,41.27,1.8974,15.5682
0,22003871.35,126,8,16,2,0,46.6,18677477.25,0.549,1.2091,4,0.2251,0.3825,0.4421,1,84.88,46.6014,78.0315
2,372488868.24,500,69,61,0,1,84.49,267585866.38,1.1762,1.0628,15,0.2403,0.326,0.5251,14,71.84,6.0352,37.7563
1,626386701.0,1533,208,157,0,1,64.83,339404141.35,1.1964,1.1141,0,0.0,0.3211,0.5037,33,54.18,1.9645,-14.0048
0,1598402.56,127,10,16,0,0,79.18,1183863.39,1.0691,1.0338,1,0.061,0.4648,0.3229,3,74.07,26.3944,5.8401
1,221114401.0,1909,73,190,0,1,28.52,89382964.07,0.7056,0.7875,53,0.2777,0.264,0.6134,18,40.42,1.5846,49.7587
2,37327983.0,1228,20,120,0,1,63.43,24018169.51,0.9859,1.035,0,0.0,0.2416,0.5642,25,64.34,2.5374,10.6592
0,27112767.84,34,9,8,1,0,77.23,20080447.37,1.0428,0.8416,3,0.3823,0.2547,0.4676,1,74.06,77.2337,3.1985
0,2931839.67,71,8,10,1,1,61.45,1453613.03,1.2394,0.6562,2,0.1501,0.3466,0.4165,1,49.58,61.4504,0.9886
1,442441114.45,2373,147,239,0,1,37.93,151978118.36,1.1043,0.8507,52,0.2176,0.2376,0.5332,30,34.35,1.2645,6.196
2,28933566.07,760,20,80,2,1,75.12,17643276.11,1.2318,1.1243,0,0.0,0.2359,0.607,19,60.98,3.9535,-20.0
1,58562688.58,378,34,44,1,1,63.82,33185048.29,1.1263,0.8122,4,0.0814,0.2575,0.4989,8,56.67,7.9778,6.4116
2,404475252.73,304,96,36,2,1,85.4,272610886.42,1.2671,1.1663,14,0.4004,0.229,0.5961,8,67.4,10.6748,16.8181
0,11398742.2,143,14,14,1,0,52.19,6065969.29,0.9806,0.982,2,0.1469,0.4012,0.4225,2,53.22,26.0927,26.3019
1,274302548.0,2021,91,202,0,1,52.41,183609088.21,0.783,0.9064,29,0.1419,0.3255,0.3644,35,66.94,1.4975,31.587
1,33736895.11,407,32,50,1,1,29.46,23791900.55,0.4177,0.9082,16,0.3174,0.3935,0.5199,3,70.52,9.8196,189.4737
1,67395480.99,1631,22,165,1,1,35.02,45929225.84,0.5138,0.7369,63,0.3796,0.3153,0.4658,19,68.15,1.843,66.3086
0,28652173.71,75,9,13,0,0,35.62,8916255.58,1.1447,1.0815,3,0.2437,0.3286,0.2949,1,31.12,35.6208,6.736
0,22562226.3,149,12,21,0,0,65.15,25514338.79,0.5761,0.9694,7,0.3255,0.4636,0.559,3,113.08,21.7172,88.1189
1,71103590.57,890,23,91,0,1,52.56,55856324.95,0.669,0.6159,40,0.4449,0.2969,0.475,15,78.56,3.5037,52.3863
1,121122295.67,2445,40,243,0,1,37.59,75471720.19,0.6032,0.841,50,0.2062,0.2635,0.5438,30,62.31,1.2529,34.5428
1,54924000.0,891,18,91,2,1,90.26,44990651.68,1.1019,1.0167,0,0.0,0.2494,0.5436,26,81.91,3.4715,-5.1993
1,88717400.28,168,24,18,1,1,54.47,56596612.71,0.8539,0.7938,8,0.4571,0.2629,0.6595,3,63.79,18.1579,67.6003
1,244089450.2,3362,81,339,0,1,61.32,199412915.71,0.7506,0.9426,29,0.0868,0.27,0.534,68,81.7,0.9018,48.6896
1,187669691.03,2499,62,248,0,1,48.09,105126381.14,0.8585,0.9642,0,0.0,0.2565,0.4593,40,56.02,1.2023,23.3265
1,41798129.87,1171,13,120,1,1,81.53,43453185.41,0.7842,0.9196,15,0.1287,0.2871,0.4738,31,103.96,2.6299,33.7798
0,3378090.69,38,13,5,1,1,32.02,1127531.4,0.9593,0.6673,1,0.1934,0.342,0.5153,1,33.38,32.0184,39.5208
1,126761052.08,1902,42,188,1,1,56.01,59292364.73,1.1974,1.0999,0,0.0,0.3231,0.5066,35,46.77,1.6002,-20.0
0,9573139.66,115,10,11,2,0,64.2,6273245.3,0.9798,1.1488,1,0.1178,0.1946,0.4998,2,65.53,32.1022,12.616
1,157351131.9,505,58,62,0,1,79.69,113059629.42,1.1091,0.9614,7,0.1091,0.2546,0.3996,13,71.85,6.1302,20.8754
1,41081887.0,1991,13,197,1,1,46.4,26841036.34,0.7102,1.1137,0,0.0,0.2694,0.4279,30,65.34,1.5466,20.946
1,10070959.08,210,29,24,1,1,84.58,8042481.74,1.0591,0.6832,12,0.5136,0.3677,0.6196,5,79.86,16.9151,51.1657
0,554558.98,155,6,18,1,0,66.41,353748.93,1.041,0.6803,3,0.1539,0.4262,0.4723,3,63.79,22.1352,12.3808
1,41798129.87,1171,13,120,1,1,68.77,39670794.29,0.7246,0.9434,12,0.1025,0.3276,0.6928,26,94.91,2.6449,33.7798
2,833163932.23,351,100,43,0,1,37.95,322576224.89,0.9801,0.7044,2,0.0424,0.2666,0.6762,4,38.72,9.4871,44.1947
1,102505585.89,209,40,28,0,1,33.34,39368126.55,0.8682,0.7371,4,0.1391,0.2075,0.5375,2,38.41,16.6714,55.7806
2,316990650.05,182,59,20,1,1,56.87,171106283.46,1.0536,0.5401,2,0.0894,0.2644,0.6062,3,53.98,18.958,54.4612
0,25013197.32,48,12,5,0,0,82.3,29980606.36,0.6867,1.0394,2,0.3711,0.3711,0.4325,1,119.86,82.3025,65.5194
0,129139373.89,1536,86,157,0,1,83.27,91248575.74,1.1785,0.9007,23,0.1473,0.3432,0.4465,42,70.66,1.9826,-13.7047
0,10250202.19,31,11,5,2,0,61.37,7335645.92,0.8575,0.9831,1,0.2463,0.357,0.3771,1,71.57,61.37,38.9624
2,91601317.38,3105,20,308,0,1,48.17,72961343.14,0.6048,0.4927,193,0.6252,0.1435,0.6477,49,79.65,0.9831,156.7785
1,44680810.32,190,50,23,1,1,80.48,32045021.78,1.1222,1.0536,7,0.2953,0.2609,0.5152,5,71.72,16.0961,35.093
1,159699974.4,436,35,58,1,1,43.74,79460900.84,0.8791,0.5358,8,0.1464,0.4221,0.53,6,49.76,7.2903,58.3524
1,95278086.51,159,34,16,2,1,85.09,71376142.69,1.1359,1.1649,4,0.2447,0.3744,0.4859,4,74.91,21.2737,11.2057
2,882569370.9,684,79,83,0,1,85.21,608727671.29,1.2354,0.8373,1,0.0152,0.1867,0.5612,19,68.97,4.4845,34.8008
2,322923886.18,543,56,68,0,1,74.07,204190440.41,1.1714,1.0351,5,0.0766,0.2194,0.4351,13,63.23,5.6975,17.5169
0,18825272.44,104,13,12,0,0,80.38,12618247.55,1.1992,0.8139,1,0.0494,0.3232,0.4262,2,67.03,40.1911,-5.9044
2,29229446.58,523,20,52,1,1,39.92,16376898.35,0.7126,0.808,14,0.2723,0.2477,0.679,6,56.03,6.654,38.5691
1,70814216.14,1667,23,167,0,1,74.0,61378120.01,0.8538,0.9687,14,0.0858,0.2262,0.4265,41,86.67,1.8049,15.5682
1,19233756.72,268,34,38,1,1,52.14,10737642.35,0.9339,1.0845,5,0.1392,0.2371,0.6141,4,55.83,13.0342,32.6846
1,143481873.82,1976,47,200,0,1,47.69,70794477.45,0.9665,1.1317,0,0.0,0.3061,0.5794,31,49.34,1.5382,0.9256
2,201451160.83,2398,40,237,1,1,90.75,394910914.17,0.4629,0.6637,104,0.4396,0.1728,0.4548,72,196.03,1.2605,124.1288
2,957393978.35,169,63,26,1,1,83.59,618297129.2,1.2943,0.9954,5,0.1971,0.2288,0.6321,4,64.58,20.8963,24.7328
1,27445168.03,1354,10,133,0,1,25.64,6357766.04,1.1067,0.9373,9,0.0652,0.2237,0.5215,11,23.17,2.3307,-20.0
1,177680609.4,2247,59,223,0,1,64.04,142683591.17,0.7974,0.9367,9,0.0406,0.3134,0.5001,47,80.3,1.3625,49.6938
1,69598911.91,1920,23,196,0,1,58.42,46794624.66,0.8689,0.8475,43,0.2192,0.3508,0.4687,37,67.23,1.579,28.1048
0,21489342.93,98,10,11,1,0,47.86,8763153.04,1.1737,0.6203,2,0.1587,0.4119,0.4256,1,40.78,47.8608,7.6805
1,131668599.29,1861,43,188,0,1,32.84,64122227.57,0.6742,0.8903,48,0.2531,0.2241,0.4181,20,48.7,1.6418,31.0227
0,80155733.22,1616,53,159,2,1,35.47,54148495.42,0.5251,0.9407,4,0.0265,0.367,0.3352,19,67.55,1.8669,60.8281
1,187669691.03,2499,62,248,0,1,62.32,149188542.74,0.7839,0.8287,46,0.185,0.2563,0.554,51,79.5,1.2219,23.3265
0,28106018.44,171,15,26,1,1,40.87,10003067.92,1.1484,0.8854,4,0.1355,0.3962,0.5481,2,35.59,20.4363,2.3093
1,34670407.0,881,11,87,1,1,67.55,23447285.11,0.9988,0.9021,11,0.1267,0.2195,0.5271,19,67.63,3.5553,4.2672
0,12966996.48,194,11,29,1,0,31.02,6146087.61,0.6546,0.6198,3,0.1172,0.4537,0.4064,2,47.4,15.5125,74.1825
0,28947690.86,136,8,19,2,0,84.22,20512514.67,1.1885,1.1721,8,0.3952,0.3268,0.5505,3,70.86,28.0734,0.9757
2,698125522.62,202,92,30,1,1,37.65,298858491.19,0.8795,0.8571,10,0.339,0.2957,0.6797,2,42.81,18.826,65.5851
2,896830355.23,655,52,80,1,1,61.43,445414232.0,1.2369,0.9939,43,0.5431,0.283,0.5552,13,49.67,4.7254,28.3992
2,740483108.91,356,72,48,0,1,76.75,526749162.05,1.0789,1.0019,27,0.5722,0.1614,0.5717,9,71.14,8.5276,43.153
1,126512105.0,1589,42,159,2,1,53.92,89172626.65,0.765,0.976,2,0.0157,0.3344,0.455,28,70.49,1.9258,23.2012
0,38429688.42,944,25,95,0,1,58.97,26937009.41,0.8413,1.0142,2,0.0173,0.325,0.384,18,70.09,3.2761,23.013
0,74969204.29,3236,49,324,0,1,35.75,25670261.78,1.044,1.1185,0,0.0,0.4092,0.4877,38,34.24,0.9407,-4.6804
1,39710272.48,188,33,28,1,1,51.01,25269565.15,0.8017,0.9954,4,0.1512,0.1401,0.6246,3,63.63,17.0043,58.6975
2,240142167.31,179,113,24,1,1,64.0,140815521.34,1.0915,1.1869,10,0.4162,0.3683,0.5939,3,58.64,21.3341,50.3822
0,13478238.05,176,10,21,0,0,41.67,4648987.44,1.2082,0.9954,2,0.1144,0.3724,0.3655,2,34.49,20.8362,-20.0
2,28625800.35,998,20,102,0,1,65.24,21363583.8,0.8742,0.7877,32,0.3177,0.244,0.527,21,74.63,3.1067,18.9545
1,85993267.5,151,36,19,0,1,61.77,54236441.96,0.9794,0.8374,2,0.1212,0.3315,0.4348,3,63.07,20.5897,37.9095
2,82203266.28,1825,20,182,0,1,28.24,30580321.52,0.7591,0.997,21,0.1157,0.2783,0.5896,17,37.2,1.6612,21.8858
1,376452420.97,2579,125,260,0,1,80.42,346814031.62,0.8729,0.9497,29,0.1129,0.3207,0.5468,69,92.13,1.1655,15.2537
1,99332315.65,525,44,63,1,1,88.56,109203366.24,0.8056,0.8554,18,0.2818,0.3285,0.5811,15,109.94,5.9043,77.8633
1,189598778.89,349,48,44,1,1,62.35,124255921.49,0.9514,1.1367,5,0.1096,0.4135,0.4581,7,65.54,8.9071,24.2629
1,146518923.91,597,51,74,0,1,82.67,129806462.15,0.9331,0.9494,14,0.1853,0.2835,0.5275,16,88.59,5.1666,29.4233
2,37573800.11,1519,20,153,0,1,31.35,33658761.6,0.35,0.3995,99,0.65,0.261,0.6253,15,89.58,2.0902,148.0773
1,54164091.69,268,23,33,1,1,38.06,17600086.77,1.1712,0.9865,2,0.0624,0.274,0.448,3,32.49,12.6857,3.642
2,28668392.45,1081,20,106,0,1,54.4,18124235.17,0.8605,0.768,36,0.3405,0.2635,0.5177,19,63.22,2.8633,32.8726
2,33061230.61,1199,20,117,0,1,29.27,8034396.16,1.2045,0.992,0,0.0,0.2547,0.5613,11,24.3,2.6609,-20.0
1,145715843.09,249,33,36,1,1,79.28,99369131.56,1.1625,0.8851,5,0.1377,0.2268,0.5159,6,68.19,13.2126,24.0826
0,28374148.72,88,7,15,0,1,36.44,7880683.72,1.3121,0.9458,6,0.3856,0.2946,0.4737,1,27.77,36.4424,2.6422
2,122766577.45,1940,24,198,1,1,75.31,112134957.93,0.8245,1.0475,0,0.0,0.2484,0.5713,48,91.34,1.5689,22.931
1,145815855.01,2958,48,293,1,1,48.63,137290938.48,0.5165,0.6865,124,0.4229,0.2645,0.436,47,94.15,1.0348,51.6452
2,120339417.09,343,91,39,1,1,37.67,50061313.87,0.9056,0.6928,6,0.1586,0.2842,0.5525,4,41.6,9.4184,66.4568
1,135201167.34,2771,45,281,0,1,61.53,90649651.72,0.9177,0.9019,5,0.0195,0.4136,0.5478,56,67.05,1.0987,27.3844
2,152194720.0,495,30,50,0,1,38.56,116810732.22,0.5024,0.7313,16,0.3107,0.2853,0.5188,6,76.75,6.4269,83.8283
1,64661673.66,132,23,20,0,1,88.79,48189470.12,1.1913,0.8543,4,0.1763,0.1312,0.4831,3,74.53,29.5951,9.0166
0,20228998.36,112,9,18,2,1,31.83,5000568.33,1.2877,1.0087,3,0.1889,0.2536,0.4228,1,24.72,31.8315,0.7314
1,33589888.28,1247,11,125,0,1,78.93,47591931.44,0.5571,0.7737,37,0.2965,0.2794,0.4953,32,141.69,2.4666,71.509
2,619989839.43,854,100,108,0,1,48.64,299548498.26,1.0066,0.9168,9,0.0818,0.1682,0.4424,13,48.32,3.7412,48.3661
2,79082206.66,1919,20,190,0,1,35.33,60247643.19,0.4638,0.7208,74,0.3878,0.2235,0.4398,22,76.18,1.6061,88.8823
1,72275829.6,519,39,66,0,1,49.93,34806986.31,1.0367,0.6821,28,0.43,0.3248,0.5078,8,48.16,6.2407,54.7752
1,77672563.82,200,17,27,0,1,84.49,91651340.44,0.716,1.1155,3,0.1183,0.12,0.3939,5,118.0,16.8975,71.8407
2,87634217.73,1460,20,150,1,0,66.78,73410852.39,0.7972,1.0484,1,0.0044,0.2436,0.4523,32,83.77,2.087,13.9923
1,663187402.0,2634,221,263,0,1,81.99,819236628.46,0.6637,0.8431,31,0.1192,0.1614,0.5038,71,123.53,1.1547,56.9878
1,62888864.87,1103,20,114,0,1,48.94,43434552.41,0.7086,0.855,15,0.1295,0.238,0.5344,17,69.07,2.8788,68.7043
2,620732671.81,697,90,91,1,1,53.12,487749730.6,0.6761,0.9585,27,0.294,0.27,0.4319,12,78.58,4.4268,117.1399
1,83542665.0,335,25,38,1,1,78.8,49796920.74,1.322,0.9339,7,0.1828,0.3302,0.4523,8,59.61,9.8498,19.0293
1,44591580.44,1422,14,140,0,1,62.83,23033710.76,1.2163,1.1348,0,0.0,0.1984,0.4728,29,51.65,2.1666,-14.5519
1,210833038.0,1743,70,178,0,1,90.39,318296077.02,0.5987,0.7541,50,0.2793,0.3886,0.462,52,150.97,1.7382,70.5972
0,16368109.67,159,9,23,0,0,84.78,18170968.74,0.7637,0.931,1,0.0481,0.3949,0.3744,4,111.01,21.1948,27.273
2,150875292.35,2008,30,199,0,1,53.04,135228096.76,0.5918,1.0334,0,0.0,0.31,0.4869,35,89.63,1.5156,29.1443
2,29698621.5,1833,20,186,0,1,34.82,14765947.13,0.7003,1.0261,0,0.0,0.2893,0.5996,21,49.72,1.6581,26.1872
2,742809477.96,460,101,58,2,1,88.93,554125454.58,1.1921,0.7921,23,0.3971,0.2801,0.6386,13,74.6,6.8404,34.3561
2,204750312.91,310,125,37,0,1,64.02,140637148.69,0.932,0.667,9,0.2321,0.2198,0.5924,6,68.69,10.6692,68.4386
2,300703894.15,576,84,71,0,1,55.71,131190880.44,1.2769,0.9945,25,0.3484,0.1627,0.6046,10,43.63,5.5708,18.0822
2,410532044.03,851,101,104,2,1,61.15,253458504.98,0.9905,0.8953,43,0.4163,0.2144,0.5093,17,61.74,3.5971,71.4937
1,154152729.71,181,45,21,0,1,64.84,101826037.75,0.9816,0.5664,5,0.2195,0.3505,0.4649,3,66.06,21.614,41.0787
1,1100727120.07,2587,366,260,0,1,69.55,1238980150.13,0.6178,0.8665,48,0.1834,0.3352,0.5498,59,112.56,1.1787,37.1192
0,742577.72,128,8,16,0,0,66.67,1006469.93,0.4919,0.8731,5,0.2981,0.3858,0.4057,2,135.54,33.3341,130.3377
0,28001030.59,1474,18,147,0,1,37.57,13538327.47,0.7771,0.9459,10,0.0681,0.2713,0.4618,18,48.35,2.0875,17.5467
1,29416594.77,938,10,92,0,1,45.56,24695481.67,0.5426,0.8282,25,0.271,0.3283,0.3395,14,83.95,3.254,80.5274
1,82970335.67,1244,27,128,0,1,32.66,33402704.69,0.8111,0.8192,29,0.2251,0.248,0.5865,13,40.26,2.512,35.5672
1,185555771.62,1907,61,188,0,1,76.98,238518240.64,0.5989,0.8162,29,0.1558,0.2154,0.4878,48,128.54,1.6037,52.54
1,192022615.65,311,30,35,0,1,87.48,130553643.69,1.2867,1.2239,12,0.3565,0.2961,0.4104,9,67.99,9.7205,2.9163
0,33860684.62,1367,22,137,0,1,53.41,15533344.81,1.1642,0.9744,6,0.0424,0.4915,0.5024,24,45.87,2.2254,-18.4458
1,143481873.82,1976,47,200,0,1,54.9,67868655.95,1.1606,0.9507,13,0.063,0.4093,0.3934,36,47.3,1.525,0.9256
2,95984326.55,1095,20,112,0,0,39.79,56892356.9,0.6712,0.9895,0,0.0,0.2948,0.6422,14,59.27,2.8419,20.2683
1,110308506.56,272,38,34,2,1,46.56,50631568.58,1.0144,1.163,4,0.118,0.3269,0.4875,4,45.9,11.6401,12.1669
2,80105906.57,1238,20,121,1,1,26.85,41886531.31,0.5134,0.35,79,0.65,0.284,0.5083,11,52.29,2.4405,108.1672
2,970418268.73,447,54,53,0,1,35.91,357821752.24,0.9739,0.9573,21,0.3932,0.2062,0.472,5,36.87,7.1825,64.8929
1,133728006.48,575,42,68,1,1,26.54,88713606.58,0.4,0.9365,12,0.17,0.3034,0.5843,5,66.34,5.3071,193.0513
0,5017678.96,118,14,13,2,0,53.84,3613242.24,0.7477,0.9447,1,0.0595,0.355,0.5114,2,72.01,26.9215,42.4323
0,18371472.65,131,12,17,0,1,38.6,6786415.57,1.0448,0.7818,8,0.4544,0.3059,0.3029,1,36.94,38.5951,29.4814
1,73407266.25,431,41,50,1,1,85.62,55129983.87,1.14,1.0877,28,0.5686,0.2004,0.6067,12,75.1,7.1346,24.2763
2,45713569.83,1218,20,125,0,1,38.07,26878199.22,0.6475,1.0037,6,0.0451,0.2347,0.6461,15,58.8,2.5382,40.5238
1,122242981.87,526,45,65,0,1,64.65,112248452.35,0.704,0.8439,6,0.0858,0.2312,0.5131,11,91.82,5.877,83.8488
0,17800414.97,71,14,13,0,1,47.42,9031154.98,0.9346,0.4,0,0.0307,0.457,0.6888,1,50.74,47.4197,36.5322
0,28001030.59,1474,18,147,0,1,50.57,13800671.19,1.026,1.0554,0,0.0,0.3771,0.4162,24,49.29,2.107,17.5467
1,72934672.06,1815,24,185,0,1,69.8,65634779.29,0.7756,0.8881,27,0.1481,0.2968,0.539,42,89.99,1.6618,53.6331
1,626386701.0,1533,208,157,0,1,34.79,191330642.77,1.1391,1.1173,0,0.0,0.2774,0.4906,17,30.55,2.0467,-14.0048
2,62348582.85,533,20,56,0,1,25.07,27154610.64,0.5756,0.9167,9,0.1549,0.3272,0.5125,4,43.55,6.2676,45.2726
1,11243198.86,355,15,45,1,1,78.49,8303094.85,1.0628,0.8359,4,0.0956,0.3158,0.5463,9,73.85,8.7212,24.6056
1,102759370.92,1460,34,148,0,1,77.71,120205920.34,0.6644,0.81,38,0.2569,0.2966,0.3419,37,116.98,2.1004,44.0797
1,87301898.41,481,34,63,1,1,59.73,78995663.33,0.6601,1.1854,13,0.2044,0.2158,0.5827,9,90.49,6.6362,65.5994
1,28744129.66,154,37,23,0,1,33.61,9650917.35,1.001,1.2056,8,0.3271,0.2841,0.5631,1,33.58,33.6073,28.9493
1,90066038.46,215,37,28,0,1,30.83,22649702.93,1.2258,0.8525,1,0.0476,0.2831,0.6889,2,25.15,15.4125,5.5612
2,40834161.48,771,20,77,2,1,60.6,36130670.87,0.6849,0.913,12,0.1518,0.2939,0.5703,15,88.48,4.04,42.9472
2,49093804.79,1263,20,129,1,1,68.29,50196701.65,0.6679,0.8305,32,0.2514,0.2265,0.4939,28,102.25,2.4391,55.2346
1,52885929.4,1408,17,140,0,1,55.32,38275853.3,0.7643,0.7919,29,0.2097,0.3816,0.49,25,72.37,2.2127,26.6494
2,150875292.35,2008,30,199,0,1,49.56,84825177.26,0.8815,1.0097,0,0.0,0.12,0.5862,33,56.22,1.5018,29.1443
0,80338143.28,2007,53,204,0,1,90.41,80731534.02,0.8996,0.9522,6,0.0285,0.3717,0.5437,60,100.49,1.5068,7.431
1,6920566.14,397,31,49,1,1,56.35,3529418.03,1.105,0.7775,5,0.1019,0.4001,0.6899,7,51.0,8.0506,11.0517
1,162628003.0,1485,54,152,1,1,67.14,137283626.8,0.7953,0.9577,28,0.1862,0.3166,0.534,33,84.42,2.0345,27.3947
1,57226719.06,1426,19,140,2,1,86.53,78666403.42,0.6295,0.8553,15,0.1079,0.3299,0.5062,41,137.46,2.1106,57.2415
1,61102402.26,387,29,46,1,1,79.04,51625181.9,0.9355,1.1749,5,0.1049,0.3928,0.5347,10,84.49,7.9037,29.101
1,168252348.67,227,48,32,1,1,26.22,44520052.2,0.991,0.947,2,0.0749,0.3801,0.4569,1,26.46,26.2229,14.4937
2,41115000.0,1447,20,142,1,1,63.26,45376912.14,0.5732,0.7293,52,0.3691,0.2276,0.5663,30,110.37,2.1088,100.4836
1,52873442.72,1752,17,173,0,1,89.77,86656910.43,0.5477,0.775,57,0.3291,0.3101,0.5867,52,163.89,1.7264,93.1756
1,181641851.64,137,10,15,2,1,68.38,99714187.32,1.2456,1.0519,5,0.3398,0.364,0.5388,3,54.9,22.7932,18.1055
1,123005190.64,1556,41,157,0,1,43.64,47574273.55,1.1283,1.0319,0,0.0,0.3522,0.5825,22,38.68,1.9837,-20.0
2,740764970.31,768,84,93,2,1,58.52,348061147.91,1.2455,0.7564,6,0.0613,0.1676,0.5798,14,46.99,4.1802,19.8958
1,39818752.05,1259,13,126,0,1,33.02,17381124.88,0.7565,0.9799,0,0.0,0.2821,0.4887,13,43.65,2.5403,26.0806
2,992123007.39,853,73,107,0,1,63.39,1173750952.85,0.5358,0.8423,33,0.3099,0.211,0.4966,18,118.31,3.5215,141.6485
1,35554917.09,1879,11,190,0,1,35.26,15004234.29,0.8355,0.9941,0,0.0,0.2227,0.5668,22,42.2,1.6027,27.1002
2,44450172.5,640,20,65,2,1,61.55,71925679.65,0.3804,0.8355,10,0.1517,0.278,0.6475,13,161.81,4.7345,70.9372
0,22100155.3,117,10,18,1,0,25.44,6699060.05,0.8394,0.5322,3,0.1929,0.3532,0.4229,1,30.31,25.4428,61.551
1,36041531.0,1292,12,131,0,1,85.14,38129875.95,0.8048,1.0178,0,0.0,0.2946,0.5017,36,105.79,2.3651,15.195
2,872769843.99,669,83,80,1,1,35.58,271284845.46,1.1446,0.7257,35,0.4361,0.2114,0.5207,7,31.08,5.0827,54.7577
1,44711234.0,1678,14,165,0,1,70.42,45821611.58,0.6871,1.0715,0,0.0,0.2961,0.5243,39,102.48,1.8056,31.6695
2,32584321.76,1050,20,105,0,1,87.69,39430736.68,0.7246,0.8997,22,0.207,0.2814,0.539,30,121.01,2.923,27.0617
0,44651100.66,1532,29,153,0,1,51.69,38352115.39,0.6018,0.7018,58,0.378,0.3256,0.532,26,85.89,1.9881,56.3048
2,150679990.79,581,144,74,0,1,44.1,51802599.52,1.2829,0.5079,3,0.0375,0.1533,0.5173,8,34.38,5.513,29.0913
2,70466064.13,176,85,24,1,1,78.83,53104520.08,1.046,0.6352,5,0.198,0.3229,0.5945,4,75.36,19.7068,49.5041
1,172563040.62,369,48,45,1,1,40.5,83437073.7,0.8376,0.7451,6,0.1362,0.2294,0.6034,4,48.35,10.1248,66.5643
1,405028868.38,2128,135,213,2,1,77.76,375756122.74,0.8382,0.9745,3,0.0146,0.3561,0.3718,55,92.77,1.4138,17.0473
2,48011876.55,1295,20,132,0,1,36.88,24236858.73,0.7306,0.912,18,0.1377,0.1986,0.5689,15,50.48,2.4588,23.1944
1,65366169.73,1209,21,123,0,1,60.4,45231754.93,0.8728,0.8796,19,0.1536,0.4148,0.4806,24,69.2,2.5165,28.0912
1,29130329.0,720,10,71,0,1,47.8,20497636.62,0.6794,0.7939,19,0.2744,0.3228,0.4608,11,70.37,4.3459,54.6253
0,17855270.46,165,16,17,2,0,81.8,13788063.43,1.0593,1.0117,2,0.1268,0.4061,0.2528,4,77.22,20.4493,10.2557
1,95124697.57,455,43,55,0,1,81.35,60341322.13,1.2824,0.5707,15,0.2769,0.2854,0.374,12,63.43,6.7792,32.5353
2,990639994.05,607,92,77,1,1,84.11,745901466.61,1.117,1.0183,10,0.1345,0.215,0.5344,17,75.29,4.9474,36.053
0,17682983.53,181,10,25,0,0,47.69,13807624.98,0.6107,0.663,3,0.1074,0.4052,0.3489,2,78.08,23.8431,80.3518
1,316432547.0,2367,105,236,0,1,56.48,507202090.64,0.3523,0.7994,84,0.3545,0.2323,0.4734,44,160.29,1.2836,77.3222
1,49293483.27,2024,16,205,0,1,48.97,40720651.96,0.5928,0.8593,53,0.2572,0.2215,0.4968,33,82.61,1.484,56.3249
2,118613321.22,2740,23,276,1,1,34.9,72640512.54,0.5698,0.7552,81,0.2934,0.2664,0.5312,31,61.24,1.1257,106.4809
2,58886121.23,1600,20,163,1,1,44.62,63405928.77,0.4144,0.6438,93,0.5692,0.2822,0.4862,23,107.68,1.9402,117.0736
1,65119746.79,1600,21,161,0,1,86.33,74277305.51,0.7569,0.9809,9,0.0536,0.3824,0.5184,46,114.06,1.8768,28.2796
1,36114801.87,1320,12,136,0,1,91.55,41254791.57,0.8015,0.875,24,0.1764,0.2075,0.4281,40,114.23,2.2888,25.8581
2,46307242.61,269,20,30,0,1,51.34,38874518.3,0.6116,0.8476,6,0.2062,0.2902,0.6027,4,83.95,12.8357,69.9184
1,111757142.39,627,37,66,0,1,34.81,58609965.4,0.6638,0.8873,8,0.1227,0.3223,0.5585,7,52.44,4.973,45.8102
2,610203414.47,244,50,27,0,1,36.47,320238815.32,0.6949,1.0454,3,0.1226,0.1202,0.526,2,52.48,18.2336,67.7723
0,14433639.49,196,10,23,2,0,76.6,11673743.34,0.9471,0.7423,8,0.3344,0.4637,0.3602,5,80.88,15.3195,38.1266
0,27313138.97,937,18,96,1,1,35.21,10652382.34,0.9029,0.9776,0,0.0,0.3699,0.5338,10,39.0,3.5214,12.9287
0,22196049.93,73,11,9,0,1,44.11,17968888.94,0.5448,1.0788,1,0.1616,0.4147,0.4509,1,80.96,44.1055,104.8043
1,177529378.21,351,38,43,1,1,66.04,88435438.3,1.3258,1.0345,10,0.2373,0.4093,0.488,7,49.81,9.4348,10.697
1,27861910.3,1484,10,152,1,1,48.62,14462900.45,0.9367,0.9816,6,0.0419,0.2387,0.5344,24,51.91,2.026,23.8173
1,40227799.1,919,13,92,0,1,45.99,22088173.79,0.8375,0.9637,3,0.0275,0.292,0.253,14,54.91,3.2848,14.9122
1,63309242.49,1260,21,124,0,1,76.55,51198568.99,0.9465,0.9968,7,0.056,0.2794,0.3905,32,80.87,2.392,4.8505
1,64434131.92,2288,21,229,2,1,36.91,51236974.83,0.4642,0.8445,26,0.1134,0.397,0.5124,28,79.52,1.3183,50.1517
2,995427341.05,617,98,80,1,1,89.74,983445918.32,0.9084,1.183,23,0.2829,0.3352,0.6614,18,98.8,4.9857,36.4738
0,11673483.37,124,10,19,0,0,67.75,6672425.1,1.1852,0.8704,1,0.0643,0.3487,0.424,2,57.16,33.8731,-20.0
2,32930138.74,1010,20,99,1,1,90.71,40249229.0,0.7421,0.8928,6,0.06,0.3497,0.5121,30,122.23,3.0235,31.7443
2,530801962.78,555,109,66,0,1,53.33,223667893.32,1.2655,0.7705,24,0.3573,0.2031,0.3904,9,42.14,5.9252,37.7265
2,600578852.39,431,87,54,1,1,40.17,308412709.82,0.7823,0.8677,10,0.1929,0.2234,0.5629,5,51.35,8.0348,59.9568
2,883867739.9,535,84,71,0,1,56.28,497949093.52,0.999,1.1325,12,0.1725,0.2517,0.5818,10,56.34,5.6279,41.5396
2,86286179.81,966,20,100,0,1,25.42,43994149.98,0.4986,0.7867,30,0.3023,0.2006,0.5448,8,50.99,3.178,77.3805
2,232387238.65,498,46,52,2,1,32.75,122628522.29,0.6207,0.9001,11,0.209,0.4186,0.5089,5,52.77,6.5504,40.7454
1,96804555.98,175,42,24,1,1,49.85,57816937.34,0.8347,0.8368,1,0.0421,0.2204,0.5759,2,59.73,24.9258,57.9918
1,685131614.13,3408,228,340,0,1,87.51,803945475.24,0.7458,0.8723,55,0.1603,0.1945,0.3973,99,117.34,0.884,30.1671
2,740692402.18,443,135,58,1,1,60.05,460179624.41,0.9665,0.8291,15,0.2672,0.2572,0.403,8,62.13,7.5059,72.8721
2,75875349.89,420,20,40,2,1,34.48,71709765.05,0.3648,0.7741,9,0.2324,0.2561,0.4746,4,94.51,8.619,74.0855
1,345290949.0,1906,115,189,0,1,61.15,192940893.69,1.0943,0.9676,18,0.0961,0.3444,0.4888,38,55.88,1.6092,-8.2988
2,759227306.66,879,108,108,2,1,38.91,223019999.69,1.3245,1.106,8,0.078,0.2821,0.6203,11,29.37,3.5371,14.058
2,47414008.19,816,20,80,0,1,51.91,33402509.64,0.7368,0.7867,23,0.2905,0.2192,0.4247,14,70.45,3.7075,63.605
1,149789252.23,437,32,56,0,1,81.04,105232434.81,1.1535,0.8932,5,0.0913,0.2352,0.4142,11,70.25,7.3672,19.9602
1,129782737.54,316,49,37,0,1,45.78,56266249.6,1.056,0.918,1,0.0136,0.3822,0.4893,4,43.35,11.4456,18.4112
2,997327669.12,411,63,52,2,1,32.29,263126273.45,1.224,0.7082,32,0.6159,0.2537,0.4925,4,26.38,8.073,49.7242
1,70168318.63,289,32,34,0,1,84.72,69170153.2,0.8594,1.035,5,0.1568,0.2599,0.5036,8,98.58,10.5903,37.0602
2,29698621.5,1833,20,186,0,1,47.58,17984895.22,0.7857,0.8779,16,0.0873,0.2105,0.4846,29,60.56,1.6407,26.1872
2,48587907.19,1966,20,200,1,1,83.82,65317021.79,0.6235,0.8191,54,0.2713,0.2129,0.5997,54,134.43,1.5522,63.5722
1,41839832.98,1544,13,152,1,1,53.17,27652769.54,0.8045,0.9271,4,0.0241,0.2401,0.5279,27,66.09,1.9693,29.7418
1,212547453.0,1208,70,118,0,1,27.71,58044834.79,1.0146,0.9632,4,0.0327,0.3337,0.4096,11,27.31,2.5188,8.565
2,110709117.0,1289,22,128,0,1,62.72,119154566.59,0.5827,0.8194,33,0.2576,0.1908,0.4451,26,107.63,2.4123,75.5138
2,32930138.74,1010,20,99,1,1,37.15,13803457.01,0.8862,0.9484,4,0.0366,0.3124,0.5826,12,41.92,3.0955,31.7443
1,114283886.67,2168,38,214,2,1,72.9,123513617.34,0.6745,0.852,44,0.2065,0.3729,0.6131,52,108.08,1.4019,32.3928
1,45465486.38,481,37,61,2,1,76.78,54999158.18,0.6347,0.8342,22,0.3576,0.2994,0.447,12,120.97,6.3985,89.0227
2,29114436.8,623,20,60,0,1,46.78,26618001.69,0.5117,0.7853,14,0.2402,0.171,0.6303,9,91.43,5.1982,85.4808
1,40201179.74,1458,13,145,0,1,34.21,21642438.05,0.6354,0.737,57,0.3947,0.4039,0.4591,16,53.84,2.1378,63.6748
2,36277467.0,900,20,90,0,1,87.39,27560153.55,1.1503,1.0823,0,0.0,0.2246,0.5918,26,75.97,3.3611,-8.8431
0,19007480.57,154,4,19,1,0,76.06,11977889.01,1.2069,0.9577,3,0.1473,0.4318,0.3572,3,63.02,25.352,-7.6782
2,584636440.56,881,53,109,2,1,60.32,353477613.6,0.9977,1.0339,12,0.1092,0.1889,0.6122,17,60.46,3.5482,54.0215
0,18182969.16,175,16,23,1,1,38.98,5828991.32,1.2158,1.0299,6,0.2444,0.417,0.4513,2,32.06,19.4882,-3.0627
1,35780935.06,902,11,93,1,1,45.83,13066943.55,1.255,1.105,0,0.0,0.2576,0.5332,13,36.52,3.5254,-20.0
2,45829697.61,1437,20,143,0,1,79.39,80062694.45,0.4545,0.8316,27,0.1854,0.2772,0.549,38,174.7,2.0893,67.765
1,125005066.21,354,37,46,2,1,62.34,65951046.94,1.1817,0.9927,9,0.1968,0.2705,0.4378,7,52.76,8.9063,14.0161
2,355580542.06,347,93,48,1,1,61.29,184472520.43,1.1814,1.1126,16,0.3366,0.3131,0.4774,7,51.88,8.7556,40.7784
1,41906580.01,395,59,47,0,1,80.67,28069935.69,1.2044,0.9316,8,0.1766,0.2469,0.419,10,66.98,8.067,13.162
1,39063966.35,1449,13,147,0,1,45.32,23139246.13,0.7651,1.0382,0,0.0,0.2947,0.4123,21,59.23,2.1581,39.2827
0,19567040.08,140,5,18,0,0,77.65,15717250.42,0.9667,1.1438,3,0.1855,0.4288,0.5209,3,80.33,25.8831,2.4745
2,392404639.35,733,114,88,0,1,49.29,154530563.26,1.2518,0.904,22,0.2484,0.242,0.5431,12,39.38,4.1079,26.505
2,32960264.98,553,20,57,0,1,31.51,29668984.17,0.35,0.6016,27,0.4696,0.2121,0.4828,5,90.01,6.301,110.597
1,46237336.47,1946,15,195,0,1,34.25,25237689.71,0.6275,0.9271,32,0.1628,0.3005,0.3364,22,54.58,1.5568,64.7592
1,35780935.06,902,11,93,1,1,54.53,16101452.59,1.2118,0.9218,9,0.0991,0.3394,0.5585,16,45.0,3.4082,-20.0
1,39270976.52,351,30,46,1,1,26.72,8925675.15,1.1757,0.9881,6,0.1249,0.3812,0.4427,3,22.73,8.9074,15.6159
0,19878821.0,37,12,7,1,0,69.29,17316004.64,0.7954,0.9697,4,0.5254,0.3377,0.4458,1,87.11,69.2881,49.0047
1,56236581.01,1807,18,184,1,1,37.26,29917157.85,0.7004,0.915,0,0.0001,0.211,0.5464,22,53.2,1.6936,47.6939
1,29890640.96,426,36,58,0,1,66.78,33178156.44,0.6016,0.9621,3,0.0444,0.1685,0.6029,9,111.0,7.4196,89.5039
1,26294269.18,92,38,8,0,1,62.09,15889809.71,1.0275,0.763,0,0.0536,0.3108,0.4346,1,60.43,62.0919,23.469
0,24967751.37,120,10,14,1,0,90.78,17878189.5,1.2679,0.7684,1,0.0528,0.2497,0.4281,3,71.61,30.2616,-15.8893
2,72055176.52,1978,20,201,0,1,30.02,37652355.16,0.5746,0.5839,103,0.5141,0.2835,0.5606,19,52.25,1.5803,53.0021
1,111276108.37,301,25,40,0,1,28.3,24360767.84,1.2927,1.0455,6,0.1518,0.1852,0.5909,2,21.89,14.1503,8.2807
2,201451160.83,2398,40,237,1,1,67.72,240225455.9,0.5679,0.652,121,0.5102,0.2065,0.4902,54,119.25,1.2541,124.1288
0,73001109.71,1742,48,176,0,1,47.8,42108182.5,0.8287,1.0051,0,0.0,0.3691,0.4341,27,57.68,1.7705,16.9137
2,430091415.2,862,97,108,1,1,75.86,438312273.21,0.7444,0.6212,7,0.0663,0.23,0.6553,21,101.91,3.6124,100.9438
2,753228870.52,802,87,99,1,1,49.68,315830799.02,1.1849,1.1932,24,0.2383,0.1818,0.5989,13,41.93,3.8218,15.1183
1,48893481.0,1036,16,101,1,1,44.98,22830562.3,0.9633,0.952,14,0.1378,0.2658,0.4868,15,46.69,2.9987,-4.7209
2,294631966.13,822,73,103,0,1,46.91,224614337.92,0.6153,1.2362,10,0.0985,0.3343,0.4748,12,76.24,3.9089,107.591
0,28854788.16,98,12,15,1,1,57.8,12814762.51,1.3015,1.2361,5,0.3595,0.2751,0.5487,1,44.41,57.8024,-7.3953
1,177710027.53,303,50,41,1,1,72.37,106829268.36,1.204,1.1321,1,0.0156,0.2827,0.5498,7,60.11,10.3392,5.4124
1,46189093.5,2115,15,211,1,1,60.39,66092165.46,0.4221,0.8457,48,0.2265,0.3285,0.4633,42,143.09,1.4379,60.9521
1,52262115.0,1662,17,164,0,1,73.19,65039091.2,0.5881,0.7699,43,0.2599,0.3203,0.4749,40,124.45,1.8297,65.6464
0,5839005.4,71,3,13,2,0,30.74,2849026.14,0.6299,1.0032,6,0.4642,0.4197,0.4151,1,48.79,30.7366,63.9877
1,52345319.88,1363,17,134,1,1,70.42,58449762.61,0.6306,0.7505,23,0.1744,0.2351,0.4957,31,111.66,2.2716,69.5095
0,16668287.37,194,9,27,0,1,40.89,5866295.34,1.1618,1.0941,7,0.2489,0.355,0.5708,2,35.19,20.4451,-2.5264
2,47948447.03,1694,20,170,1,1,43.94,39651795.69,0.5314,0.4682,110,0.65,0.321,0.6292,24,82.7,1.831,146.076
1,173201032.41,432,23,57,1,1,32.1,44353302.68,1.2537,0.9601,8,0.1439,0.2936,0.4329,4,25.61,8.0261,-12.6815
2,36722866.77,828,20,83,0,1,38.85,10793847.6,1.3217,1.0597,0,0.0,0.262,0.4322,10,29.39,3.8849,-20.0
1,101029041.81,319,39,42,2,1,91.46,66368282.73,1.3922,1.0573,10,0.2485,0.2773,0.4338,9,65.69,10.1618,0.441
1,196644331.22,545,28,73,0,1,66.97,119878526.88,1.0985,0.9226,4,0.0502,0.3483,0.5815,12,60.96,5.5807,32.9513
1,65058007.64,503,38,64,0,1,73.99,43561485.09,1.105,0.9797,9,0.1386,0.237,0.3509,12,66.96,6.1654,10.1131
1,177835184.74,488,41,62,0,1,39.79,114575432.36,0.6176,0.9954,12,0.1894,0.2833,0.5951,6,64.43,6.6317,82.9298
2,594582521.51,640,74,83,1,1,63.85,347701535.1,1.0918,0.8902,48,0.581,0.2162,0.6011,13,58.48,4.9112,51.151
1,192597232.79,526,38,66,2,1,58.56,117375879.75,0.9609,0.6558,20,0.3002,0.2706,0.5602,10,60.94,5.8562,53.4896
1,62189627.0,1271,20,127,0,1,28.22,17423667.09,1.0074,1.0402,0,0.0,0.3007,0.3921,11,28.02,2.5658,1.0136
1,268215569.46,1773,89,181,0,1,89.28,327709389.42,0.7307,0.8912,20,0.108,0.2755,0.5027,52,122.18,1.7168,25.3694
2,401512019.96,397,107,53,1,1,40.07,140842871.84,1.1424,1.2622,12,0.235,0.3109,0.5503,5,35.08,8.0145,32.4156
2,64903013.4,2291,20,228,0,1,48.76,30537594.93,1.0364,0.9464,36,0.1574,0.2056,0.5471,37,47.05,1.3179,20.7951
1,120159498.14,220,34,31,0,1,90.74,125144821.13,0.8713,0.8728,11,0.3517,0.3379,0.549,6,104.15,15.1236,69.8631
0,74969204.29,3236,49,324,0,1,43.37,31027329.43,1.048,0.9856,53,0.1643,0.301,0.4709,46,41.39,0.9429,-4.6804
2,97349998.11,167,44,23,0,1,66.62,55465498.06,1.1693,0.9224,5,0.2327,0.12,0.5752,3,56.98,22.2071,29.0381
0,2313110.83,75,10,9,1,1,47.05,1023137.3,1.0637,0.6798,2,0.2314,0.4245,0.4378,1,44.23,47.048,14.0937
1,177680609.4,2247,59,223,0,1,40.97,111721942.18,0.6516,0.7869,55,0.2466,0.3764,0.5375,30,62.88,1.3656,49.6938
1,407152291.0,1296,135,128,2,1,88.02,378419851.59,0.947,0.9997,0,0.0,0.3209,0.4715,38,92.94,2.3163,15.3979
0,26547310.46,153,16,16,0,0,77.79,25723148.15,0.8029,0.6997,2,0.1525,0.4674,0.4887,3,96.9,25.9313,50.9571
1,140586244.12,1249,46,128,0,1,79.9,184251677.34,0.6097,0.8507,16,0.1227,0.2578,0.4458,33,131.06,2.4213,46.9911
2,924196075.66,553,88,74,1,1,31.99,253882643.01,1.1644,0.7562,8,0.1061,0.2911,0.6514,5,27.47,6.3972,29.1523
0,22285694.62,66,12,6,2,0,56.0,22731620.42,0.549,1.0153,2,0.2966,0.4091,0.4291,1,102.0,55.9978,84.5812
1,113036998.28,183,42,24,0,1,32.05,57909861.45,0.6255,1.1578,1,0.0252,0.276,0.5195,1,51.23,32.0465,70.0828
2,166220711.59,878,82,109,1,1,69.01,104320604.41,1.0996,1.0241,30,0.2786,0.3511,0.6642,20,62.76,3.4504,43.375
1,139241286.0,831,46,87,1,1,49.66,80471473.24,0.8593,0.9932,4,0.0439,0.2455,0.5026,13,57.79,3.8202,11.5822
0,41684748.05,1045,27,104,0,1,27.37,13979159.08,0.8161,0.8555,18,0.1732,0.4091,0.5906,9,33.54,3.0408,34.0794
1,83353253.13,259,32,34,1,1,60.12,83094132.82,0.6031,0.9949,9,0.2582,0.2755,0.4951,5,99.69,12.0243,105.3162
2,28625800.35,998,20,102,0,1,68.23,22944929.88,0.8512,1.0158,0,0.0,0.3371,0.6163,22,80.15,3.1014,18.9545
1,90552491.0,1064,30,108,0,1,89.4,93282548.57,0.8679,0.9865,0,0.0037,0.2893,0.5418,31,103.01,2.884,11.3099
0,23690783.12,39,11,5,2,0,58.55,17205338.85,0.8062,1.0753,2,0.4061,0.2851,0.3963,1,72.62,58.5507,47.2295
2,42910143.94,828,20,83,1,1,41.72,20675343.42,0.8658,0.9624,1,0.0108,0.2755,0.474,11,48.18,3.7924,22.554
1,31414321.1,828,10,82,1,1,52.92,20366151.57,0.8163,0.8995,10,0.1178,0.2014,0.4314,14,64.83,3.7801,34.5871
2,62215153.16,1242,20,122,1,1,31.78,32948093.8,0.6001,0.6059,58,0.4718,0.2146,0.5447,13,52.96,2.4446,100.3515
2,113374785.63,803,44,103,0,1,67.24,94431525.11,0.8072,1.0126,24,0.2302,0.12,0.7175,17,83.29,3.9551,74.1175
2,639751684.91,296,110,35,0,1,59.87,340195138.2,1.1258,1.0713,10,0.2887,0.2326,0.5672,5,53.18,11.9732,32.6217
0,25083168.58,144,11,20,2,1,44.43,16401397.85,0.6795,1.1873,10,0.5055,0.1626,0.4175,2,65.39,22.2162,68.8178
1,35554917.09,1879,11,190,0,1,29.02,15298756.65,0.6743,0.9721,7,0.0369,0.2784,0.4603,18,43.03,1.612,27.1002
1,685131614.13,3408,228,340,0,1,53.08,488399360.8,0.7446,0.7892,81,0.2386,0.3189,0.5844,60,71.29,0.8847,30.1671
2,252917888.32,285,122,39,0,1,78.24,234158666.86,0.8451,0.8973,13,0.3225,0.2769,0.468,7,92.58,11.1774,70.4253
1,195252990.62,555,20,74,1,1,42.09,76191330.87,1.0787,1.1432,17,0.2269,0.3364,0.4859,7,39.02,6.0135,14.4098
2,115029734.92,610,99,81,2,1,84.24,89537219.92,1.0823,1.015,10,0.1197,0.1932,0.4978,17,77.84,4.9555,25.1327
0,29735399.0,139,11,20,0,0,27.14,8336120.0,0.9682,0.8627,12,0.5846,0.3317,0.4235,1,28.03,27.143,43.1715
2,83800708.23,780,194,97,0,1,33.57,31346682.65,0.8975,0.9389,21,0.2216,0.2885,0.5332,8,37.41,4.1966,57.9094
1,55415916.8,1013,18,104,0,1,54.06,26317067.95,1.1384,1.1232,0,0.0,0.4087,0.452,18,47.49,3.0034,-20.0
2,34733561.94,2283,20,228,0,1,49.76,49378310.39,0.35,0.3757,148,0.65,0.2373,0.5691,37,142.16,1.3448,156.2207
1,50286710.23,1704,16,174,0,1,76.29,47090526.15,0.8146,0.7787,67,0.3843,0.2664,0.4687,43,93.64,1.7741,42.9453
1,112710896.81,531,29,68,2,1,67.37,69855844.37,1.087,0.8357,23,0.3338,0.2581,0.5669,11,61.98,6.1243,27.8089
0,4680234.19,43,9,10,0,0,64.86,2203369.79,1.3776,0.7079,2,0.1984,0.3686,0.6322,1,47.08,64.8556,-14.22
1,60920347.9,497,39,60,1,1,84.11,54010153.16,0.9487,1.0524,2,0.0291,0.2632,0.4226,13,88.66,6.4702,23.1809
0,21445858.85,33,13,8,1,0,48.05,16771251.29,0.6144,0.9868,3,0.4203,0.3309,0.4913,1,78.2,48.0451,91.417
2,28668392.45,1081,20,106,0,1,30.99,13899967.83,0.6392,0.9541,5,0.0515,0.2533,0.6392,11,48.49,2.8175,32.8726
0,80155733.22,1616,53,159,2,1,85.96,96076771.16,0.7171,0.88,22,0.1406,0.3505,0.5121,46,119.86,1.8686,60.8281
1,54370827.2,501,25,65,0,1,73.01,36543614.27,1.0863,1.1796,13,0.2033,0.2784,0.4635,12,67.21,6.0844,25.9552
1,190395556.99,128,42,17,0,1,61.49,108372151.29,1.0802,0.8129,2,0.098,0.3126,0.527,2,56.92,30.7433,37.2093
1,73452427.39,1269,24,129,1,1,25.06,29031205.71,0.6341,0.9198,5,0.0379,0.3414,0.574,10,39.52,2.5062,37.1547
1,134513148.64,1097,44,107,0,1,41.17,68798501.93,0.8049,1.0335,0,0.0,0.2956,0.5267,15,51.15,2.7445,34.0471
1,121445147.72,328,36,38,0,1,46.28,47950012.96,1.1721,0.7701,21,0.5446,0.4542,0.4542,5,39.48,9.2553,40.9755
2,36277467.0,900,20,90,0,1,28.22,8546540.66,1.1979,1.0484,0,0.0,0.164,0.47,8,23.56,3.5278,-8.8431
1,37214400.0,1096,12,112,0,1,36.46,15495983.34,0.8756,0.9785,0,0.0,0.338,0.4651,13,41.64,2.8046,21.2362
1,64765013.17,1535,21,154,0,1,75.37,61162042.14,0.7981,0.8996,0,0.0,0.2709,0.5755,38,94.44,1.9833,29.8486
1,32329197.12,231,41,25,0,1,84.77,33466059.23,0.8189,0.4021,4,0.1683,0.3308,0.3283,6,103.52,14.1291,77.2804
1,86579263.41,975,28,95,0,1,34.3,30612302.42,0.9702,0.9839,0,0.0,0.2947,0.5207,11,35.36,3.1185,-0.117
2,316735461.08,2027,63,205,1,1,55.49,134565425.61,1.3062,0.9771,6,0.029,0.2374,0.4649,37,42.49,1.4998,-20.0
2,134210976.67,1954,26,198,1,1,55.34,150856890.89,0.4924,0.5018,129,0.65,0.3207,0.4872,36,112.4,1.5373,163.7262
1,182095219.96,444,29,59,1,1,40.97,96815077.35,0.7705,0.7784,16,0.2719,0.2431,0.3548,6,53.17,6.8279,61.3056
1,33666330.0,1338,11,131,0,1,61.5,25397385.92,0.8152,0.8657,41,0.3096,0.325,0.4293,27,75.44,2.2776,32.6585
1,9847897.5,580,33,69,0,1,57.76,6630809.79,0.8579,0.9221,6,0.0846,0.1548,0.4908,11,67.33,5.2513,44.6625
0,16387144.53,134,11,13,0,0,59.36,11271737.85,0.863,1.0864,0,0.0322,0.3475,0.5128,2,68.78,29.6812,7.3066
2,610372809.86,820,47,99,0,1,52.2,288858724.26,1.103,1.0434,11,0.1062,0.1653,0.5381,14,47.32,3.7285,39.6768
1,345290949.0,1906,115,189,0,1,57.33,196084104.75,1.0096,0.9273,8,0.0411,0.2958,0.5234,36,56.79,1.5926,-8.2988
1,39472000.58,265,41,35,1,1,83.82,57110790.35,0.5793,0.6762,5,0.1458,0.3466,0.5821,7,144.69,11.9744,103.3148
2,669404222.25,864,85,108,0,1,76.36,705840348.34,0.7242,0.9888,9,0.0794,0.2843,0.5773,21,105.44,3.6363,82.7017
0,16844844.32,115,11,13,1,0,26.46,6371270.98,0.6997,0.9019,2,0.1634,0.2552,0.4916,1,37.82,26.4632,50.636
1,71189117.02,1428,23,142,0,1,54.27,35779443.31,1.0798,1.1239,0,0.0,0.3159,0.448,25,50.26,2.1708,-11.3388
0,17956436.53,169,7,25,1,0,43.4,6637274.65,1.1742,0.8931,2,0.0892,0.2609,0.3806,2,36.96,21.7013,-19.3987
1,27273454.87,478,35,64,2,1,62.02,13153991.93,1.286,0.9314,22,0.35,0.3183,0.5276,9,48.23,6.8915,10.1778
1,33707387.56,1265,11,124,0,1,73.64,31272257.93,0.7937,1.089,0,0.0,0.327,0.4506,31,92.78,2.3754,24.0989
1,1100727120.07,2587,366,260,0,1,77.31,1296460158.61,0.6564,0.8239,45,0.1738,0.3298,0.51,66,117.78,1.1713,37.1192
0,23177745.93,147,9,21,1,0,65.51,24490941.36,0.62,0.7051,7,0.3431,0.3836,0.3675,3,105.67,21.8366,90.9197
1,171630572.0,1740,57,178,0,1,40.88,66157351.57,1.0606,0.8958,42,0.2378,0.3672,0.5208,23,38.55,1.7775,-5.1214
1,52262115.0,1662,17,164,0,1,75.8,68669737.86,0.5769,0.7242,60,0.3632,0.2891,0.4775,41,131.39,1.8489,65.6464
2,46470615.27,2088,20,209,2,1,90.74,88492599.58,0.4765,0.7288,39,0.1864,0.2645,0.6067,63,190.43,1.4403,83.2982
1,38064000.0,984,12,101,0,1,26.66,15167692.39,0.669,1.1317,0,0.0,0.2799,0.4793,8,39.85,3.3324,20.6965
2,89163952.69,240,128,33,1,1,90.15,89301648.23,0.9001,0.7658,11,0.3376,0.359,0.6214,7,100.15,12.8783,65.9908
2,535339339.69,471,82,61,1,1,69.23,411590658.7,0.9004,1.0581,21,0.34,0.1872,0.4476,10,76.88,6.923,58.132
1,140795229.35,150,37,22,0,1,90.61,101613731.88,1.2555,1.2136,2,0.094,0.3629,0.5606,4,72.17,22.6531,4.9328
2,76421861.19,847,73,110,2,1,75.76,64777360.19,0.8937,0.7251,23,0.2114,0.2851,0.628,21,84.76,3.6074,67.2409
2,34733561.94,2283,20,228,0,1,34.38,24006508.87,0.4974,0.6212,96,0.4192,0.2324,0.3725,26,69.12,1.3223,156.2207
0,13787135.7,188,5,25,0,1,62.39,9494966.06,0.9059,0.7636,13,0.5078,0.3325,0.4091,3,68.87,20.7953,35.0744
1,119753077.24,380,40,48,2,1,70.55,86288041.98,0.9791,1.0737,4,0.073,0.3339,0.7179,8,72.05,8.819,34.4754
2,316568863.88,330,62,43,2,1,41.34,144271866.0,0.9071,0.9206,6,0.136,0.2121,0.6396,4,45.57,10.3351,52.658
1,32797095.0,931,10,96,1,1,85.07,51992990.32,0.5366,0.8407,18,0.1919,0.2616,0.4805,26,158.53,3.2719,60.8604
2,64903013.4,2291,20,228,0,1,73.87,55369024.94,0.8659,0.962,1,0.0034,0.2014,0.6192,56,85.31,1.319,20.7951
0,20505157.24,91,10,13,0,0,67.05,12928098.91,1.0634,1.0612,2,0.1333,0.4278,0.4575,2,63.05,33.5227,6.4942
1,63309242.49,1260,21,124,0,1,84.77,54602458.85,0.9828,1.0381,0,0.0,0.3243,0.4668,35,86.25,2.4219,4.8505
1,114283886.67,2168,38,214,2,1,31.44,53049020.56,0.6774,1.0843,0,0.0,0.3797,0.454,22,46.42,1.4293,32.3928
0,10491213.48,184,12,21,2,0,27.46,2377535.57,1.2115,1.0287,2,0.1128,0.3605,0.4474,1,22.66,27.455,-20.0
1,30566458.45,2165,10,220,2,1,59.01,14804524.35,1.2185,1.0313,0,0.0,0.2056,0.4622,42,48.43,1.4051,-20.0
1,156294097.52,2350,52,238,0,1,87.15,220432478.01,0.6179,0.7976,54,0.2254,0.3281,0.5137,68,141.04,1.2817,60.7593
1,109133706.25,150,21,18,1,1,51.15,79558241.77,0.7016,0.8184,4,0.2194,0.1915,0.4094,2,72.9,25.5735,77.4752
1,7656680.25,350,52,47,2,1,52.35,4903930.01,0.8174,1.0172,18,0.3751,0.3171,0.4696,6,64.05,8.7257,58.8973
2,147646508.18,2010,29,201,0,1,56.96,86209901.7,0.9756,1.0647,0,0.0,0.2525,0.5457,38,58.39,1.4991,5.222
2,52373824.46,2098,20,213,1,1,27.92,14225538.4,1.0278,1.1298,0,0.0,0.2056,0.5342,19,27.16,1.4693,1.8239
2,54705083.96,758,20,73,0,1,75.03,45188837.36,0.9083,1.0629,3,0.0352,0.2463,0.5127,18,82.6,4.1684,14.2439
1,12714851.18,299,14,38,0,1,68.59,10587152.69,0.8238,0.7096,3,0.0801,0.3349,0.4891,6,83.27,11.4319,55.6969
2,160942402.59,571,98,73,1,1,63.88,108628293.12,0.9465,1.0029,7,0.0995,0.163,0.7034,12,67.5,5.3235,43.8808
2,149317576.85,680,89,88,1,1,56.24,65743600.62,1.2773,1.1912,23,0.2591,0.306,0.4449,12,44.03,4.6866,27.7035
1,147914239.37,350,54,48,1,1,29.1,47256492.95,0.911,1.0119,17,0.3629,0.4579,0.4669,3,31.95,9.7015,43.9455
1,20825453.62,280,25,33,1,1,84.77,15675418.15,1.1263,0.7894,13,0.3999,0.1927,0.3593,7,75.27,12.1105,46.7078
1,133494300.65,388,27,46,2,1,45.1,58429733.87,1.0304,0.9058,5,0.1099,0.3044,0.6402,5,43.77,9.0203,17.5273
2,562694639.14,532,137,65,0,1,47.41,485725595.51,0.5492,1.038,12,0.1896,0.2127,0.6879,8,86.32,5.9261,123.3306
2,500598543.35,564,143,73,2,1,30.13,176944033.71,0.8525,1.1256,11,0.1534,0.2436,0.4752,5,35.35,6.0268,59.1548
1,30566458.45,2165,10,220,2,1,57.03,12794194.55,1.3626,1.009,0,0.0,0.3733,0.468,41,41.86,1.3911,-20.0
0,9910342.59,50,9,10,1,0,65.45,12005635.58,0.5402,0.5166,2,0.233,0.3289,0.3797,1,121.14,65.4461,102.4798
0,30557944.86,895,20,88,0,1,67.04,24533188.69,0.8351,0.9104,6,0.0664,0.2985,0.4023,20,80.28,3.3522,29.1224
0,22469810.71,148,11,23,2,1,62.31,14688418.82,0.9532,1.059,8,0.3335,0.3953,0.4507,3,65.37,20.77,21.8283
1,162628003.0,1485,54,152,1,1,59.01,132207489.3,0.7259,0.9244,8,0.0506,0.234,0.5164,29,81.29,2.035,27.3947
2,152273234.99,400,75,50,2,1,90.62,126054702.45,1.0947,0.7245,6,0.1153,0.3275,0.4729,12,82.78,7.5516,45.4051
1,93737289.42,248,37,36,1,1,72.67,78051575.46,0.8727,0.9173,6,0.1537,0.3446,0.4034,6,83.27,12.1115,57.093
2,42352352.98,2016,20,202,1,1,36.51,20670554.94,0.7481,1.0682,0,0.0,0.2481,0.4706,24,48.81,1.5213,46.9454
1,33589888.28,1247,11,125,0,1,87.14,50973566.97,0.5742,0.7653,41,0.3302,0.2127,0.465,36,151.75,2.4205,71.509
1,100897309.0,1657,33,164,0,1,75.81,96661421.54,0.7913,1.0162,4,0.0265,0.2037,0.5982,41,95.8,1.8489,31.5293
0,29595332.89,60,8,5,0,1,50.09,21075066.51,0.7034,0.7467,1,0.1685,0.3434,0.3844,1,71.21,50.0896,65.753
0,21702628.61,91,16,15,1,0,83.47,14082359.03,1.2864,1.1433,2,0.1421,0.4188,0.5524,2,64.89,41.7355,-20.0
0,11779418.13,125,16,20,0,1,39.43,4131571.81,1.1241,0.8246,11,0.5322,0.3572,0.4264,1,35.07,39.426,24.0089
0,9628774.78,31,13,5,1,1,65.26,5495165.98,1.1435,0.8051,1,0.2613,0.3888,0.5068,1,57.07,65.2614,4.6814
1,57874709.68,386,20,53,0,1,33.16,19297796.55,0.9946,0.813,9,0.1729,0.3165,0.4724,4,33.34,8.291,40.1696
2,45713569.83,1218,20,125,0,1,78.88,46931808.57,0.7683,0.7767,33,0.2674,0.2211,0.6172,32,102.66,2.465,40.5238
2,754832312.56,746,112,94,2,1,71.31,692075206.58,0.7777,0.6138,19,0.2016,0.2278,0.4279,17,91.69,4.1946,97.3672
1,98289858.58,403,38,48,0,1,29.29,29230122.58,0.9849,1.1664,12,0.2491,0.185,0.5289,3,29.74,9.7628,8.6567
1,65059318.02,2357,21,235,2,1,38.25,35642896.0,0.6982,1.0541,1,0.003,0.2521,0.4941,30,54.79,1.275,41.9369
2,49708453.91,1460,20,150,0,0,54.08,28280895.7,0.9506,0.9418,0,0.0012,0.2428,0.5502,26,56.89,2.0802,19.8838
0,28099268.45,132,10,21,0,0,74.2,21030685.04,0.9914,0.6964,2,0.0817,0.2149,0.3533,3,74.84,24.7341,4.4455
1,54116376.6,2527,18,252,2,1,32.31,15734487.92,1.1112,0.9152,26,0.1031,0.3446,0.6152,27,29.08,1.1966,24.2279
1,177738812.31,594,23,75,1,1,74.81,137307679.55,0.9684,1.1572,11,0.1523,0.2778,0.47,14,77.25,5.3434,31.793
1,50978960.0,913,16,94,0,1,31.43,26543823.48,0.6035,1.0317,0,0.0,0.3231,0.3904,9,52.07,3.4917,53.0543
2,731544143.92,279,57,37,1,1,77.34,607554672.22,0.9312,0.4,14,0.3897,0.2426,0.606,7,83.05,11.0486,80.4656
2,157985314.03,293,108,39,2,1,65.3,87139135.31,1.1839,1.1192,10,0.257,0.2996,0.5052,6,55.16,10.8828,7.1597
1,108188813.94,221,36,27,0,1,79.25,69522189.16,1.2333,0.9329,6,0.2272,0.1479,0.4531,5,64.26,15.8506,8.3817
2,437062582.99,851,56,110,1,1,67.84,621390618.29,0.4771,1.1899,14,0.1262,0.2282,0.4461,19,142.17,3.5704,154.6931
1,54409758.01,1597,18,162,0,1,43.33,31388899.13,0.7511,0.9459,26,0.1597,0.2501,0.5102,23,57.69,1.884,22.1381
2,32960264.98,553,20,57,0,1,75.26,46633142.03,0.5319,0.6671,22,0.3838,0.2662,0.5337,13,141.48,5.7891,110.597
1,241203860.4,1787,80,179,0,1,60.64,216473830.34,0.6756,0.9918,0,0.0,0.4346,0.4999,36,89.75,1.6843,37.1276
1,122320968.43,191,31,28,1,1,82.87,83787765.96,1.2097,1.2479,18,0.65,0.2557,0.6385,5,68.5,16.573,16.7347
2,831154829.79,561,86,70,1,1,50.83,666848716.87,0.6335,0.748,14,0.2003,0.2046,0.5748,9,80.23,5.6475,112.2199
1,156068810.48,323,37,38,0,1,43.66,79203305.24,0.8602,0.5595,12,0.3116,0.12,0.4378,4,50.75,10.9138,66.114
1,58929482.25,533,27,64,2,1,53.52,30397656.8,1.0376,1.1609,35,0.5529,0.3593,0.613,9,51.58,5.9468,39.3034
2,91040865.0,1846,20,188,0,1,26.66,42752661.85,0.5677,0.5682,115,0.6131,0.3215,0.5009,16,46.96,1.6663,80.4812
0,38429688.42,944,25,95,0,1,71.79,33724927.31,0.8181,0.9468,7,0.075,0.3392,0.3742,22,87.76,3.2633,23.013
1,76054585.0,1234,25,123,1,1,89.95,78649632.14,0.8698,0.9391,0,0.0,0.4167,0.5219,36,103.41,2.4985,14.3086
2,46307242.61,269,20,30,0,1,32.9,30919571.65,0.4927,0.7513,9,0.2991,0.2148,0.4525,2,66.77,16.4488,69.9184
2,742432272.84,840,131,110,2,1,47.69,302733464.35,1.1695,0.6474,13,0.1155,0.3776,0.5565,13,40.78,3.6682,44.2834
1,60706733.23,1456,20,146,0,1,31.98,21047584.97,0.9223,0.9532,10,0.0704,0.2661,0.5548,15,34.67,2.1318,-2.602
1,130051158.35,250,18,28,2,1,39.07,82451075.22,0.6162,1.2153,3,0.1191,0.2449,0.3941,3,63.4,13.0229,61.1223
2,119029701.11,3611,23,359,1,1,61.64,106870133.11,0.6865,0.9266,45,0.1247,0.2583,0.5433,74,89.78,0.8329,51.5265
1,98846727.24,2047,32,205,0,1,91.84,71574543.23,1.2684,1.102,0,0.0,0.3649,0.5513,62,72.41,1.4813,-19.026
1,49293483.27,2024,16,205,0,1,67.14,52701770.35,0.628,0.8571,53,0.2601,0.2202,0.5399,45,106.91,1.4919,56.3249
1,50309917.32,2771,16,275,0,1,71.23,45642609.81,0.7852,0.9269,0,0.0,0.4034,0.4846,65,90.72,1.0959,20.2616
1,82425415.92,498,22,67,0,1,53.88,35886988.62,1.2376,1.1567,20,0.3007,0.3117,0.4326,8,43.54,6.7352,12.43
2,147646508.18,2010,29,201,0,1,37.65,57990258.45,0.9585,0.8725,32,0.1588,0.3135,0.4589,25,39.28,1.5059,5.222
1,84016469.59,1471,28,150,0,1,68.68,88564362.9,0.6515,0.8867,22,0.1443,0.3785,0.3621,33,105.41,2.0813,65.4714
2,188567851.03,200,54,28,1,1,48.38,96801805.75,0.9425,0.891,6,0.2036,0.3238,0.4909,3,51.34,16.1277,44.5409
0,33068283.0,988,22,99,0,1,53.93,12903646.72,1.3822,0.9057,7,0.0745,0.2987,0.4602,17,39.02,3.1726,-20.0
2,54705083.96,758,20,73,0,1,56.63,32512600.29,0.9528,0.913,15,0.2074,0.2069,0.5333,14,59.43,4.0448,14.2439
1,28190000.0,700,10,69,1,1,89.08,34612600.26,0.7255,0.9038,1,0.0177,0.2968,0.4214,20,122.78,4.454,36.8931
2,49024934.0,1201,20,120,0,1,55.73,78054861.25,0.35,0.5439,77,0.644,0.2627,0.5676,22,159.21,2.533,200.0
1,82376411.11,581,25,74,0,1,28.99,26066051.35,0.9163,0.5603,46,0.6164,0.4101,0.4285,5,31.64,5.7989,71.1462
2,776116538.45,666,112,85,0,1,91.39,617137134.54,1.1494,1.1066,30,0.3566,0.2777,0.5765,20,79.52,4.5697,43.3992
1,307160344.67,1788,102,180,0,1,40.29,197430620.01,0.6269,0.8717,18,0.0984,0.2328,0.5313,24,64.28,1.6789,66.4807
1,1203582245.0,908,401,94,2,1,29.7,464338965.65,0.7699,0.941,18,0.1962,0.2746,0.4534,8,38.58,3.7126,22.9515
2,662513253.17,486,63,63,0,1,90.7,719539748.44,0.8351,0.8145,8,0.1327,0.2376,0.4516,14,108.61,6.4786,71.7496
1,27681676.51,1706,10,169,1,1,74.99,32452189.56,0.6397,0.9312,8,0.0458,0.1586,0.4748,42,117.23,1.7855,30.4653
1,51550598.71,699,17,71,1,1,65.78,46982299.86,0.7217,1.0213,0,0.0,0.3551,0.493,15,91.14,4.3851,35.7362
1,30101189.0,1036,10,101,0,1,53.85,13384450.99,1.2111,1.1428,0,0.0,0.3497,0.3807,18,44.46,2.9918,-16.1568
1,64434131.92,2288,21,229,2,1,74.0,59415431.64,0.8025,0.894,30,0.1323,0.2741,0.433,56,92.21,1.3215,50.1517
1,307160344.67,1788,102,180,0,1,70.78,320787462.42,0.6777,0.7344,42,0.2338,0.3059,0.5652,42,104.44,1.6852,66.4807
1,81661584.68,1344,27,138,1,1,33.53,32843774.49,0.8338,1.0317,13,0.0953,0.3037,0.4464,15,40.22,2.2357,14.0285
2,49756258.42,803,32,101,2,1,29.89,32217944.51,0.4616,1.0511,35,0.347,0.12,0.5464,7,64.75,4.2696,156.6462
2,515237049.44,455,124,56,2,1,41.94,261302193.08,0.827,1.0643,12,0.2171,0.18,0.6096,6,50.71,6.9902,56.2741
2,882360123.34,586,98,77,2,1,41.46,540501861.15,0.6769,1.1666,17,0.2257,0.2991,0.4471,8,61.26,5.1828,89.4494
1,84016469.59,1471,28,150,0,1,85.65,122837597.8,0.5858,0.8048,20,0.1336,0.2544,0.5688,41,146.21,2.089,65.4714
1,158563349.17,2146,52,215,0,1,44.3,135274804.31,0.5193,0.5517,120,0.5567,0.3222,0.4655,31,85.31,1.429,66.9518
1,174938781.24,2236,58,224,0,1,50.65,115279981.81,0.7686,0.8702,16,0.0718,0.3593,0.5255,37,65.9,1.3688,36.8685
1,69573755.4,375,44,45,0,1,37.74,21796877.48,1.2047,0.8354,5,0.1159,0.3232,0.5204,4,31.33,9.4357,17.9887
1,103353765.67,127,52,16,2,1,63.92,58997240.59,1.1199,1.1067,4,0.2219,0.2533,0.4922,2,57.08,31.9622,15.1304
1,88317953.15,161,46,19,0,1,37.41,26789548.44,1.2332,0.6984,3,0.1811,0.4074,0.6205,2,30.33,18.7035,7.868
1,187775693.51,534,33,69,2,1,79.18,122560966.68,1.2131,0.5515,19,0.2725,0.2157,0.6658,14,65.27,5.6556,25.5633
1,616467976.41,2224,205,222,1,1,52.89,588991878.84,0.5536,0.7297,77,0.3451,0.2849,0.5107,39,95.54,1.3561,82.0674
2,181537998.01,357,107,47,2,1,27.9,52368368.23,0.9673,0.6846,3,0.0736,0.3514,0.4265,3,28.85,9.3012,32.4167
2,271614922.79,899,65,110,2,1,41.89,149503197.57,0.7611,0.8581,28,0.2567,0.3341,0.3987,12,55.04,3.491,66.6624
2,58990292.0,828,20,83,1,1,73.41,123726965.03,0.35,0.6485,48,0.5819,0.3296,0.4207,20,209.74,3.6705,115.7901
2,74509384.4,1657,20,163,2,1,44.74,28077360.67,1.1873,1.1151,0,0.0,0.2403,0.4756,24,37.68,1.8642,-11.6281
2,69129080.1,969,20,96,2,1,44.21,35876478.71,0.8518,0.7299,45,0.464,0.2412,0.5906,14,51.9,3.1577,19.5936
2,45829697.61,1437,20,143,0,1,85.49,60677733.21,0.6457,0.8397,36,0.2485,0.1428,0.6282,40,132.4,2.1372,67.765
0,49871630.28,917,33,94,1,1,60.81,29063823.95,1.0435,0.9596,9,0.095,0.2537,0.3394,18,58.28,3.3786,-5.5853
2,1870679349.39,846,374,85,0,1,27.93,515285467.03,1.0141,0.8817,10,0.1231,0.2012,0.5931,7,27.55,3.9907,25.6327
1,85284316.57,427,39,53,0,1,75.46,75692690.07,0.8502,0.8193,18,0.3461,0.2521,0.5684,10,88.75,7.5459,73.8249
2,34126688.76,833,20,87,0,1,86.7,56262728.45,0.5259,0.6616,39,0.4477,0.1577,0.5951,24,164.86,3.6123,112.8235
1,129413201.57,204,44,23,2,1,81.37,91590179.93,1.1497,1.0532,6,0.2503,0.2826,0.5297,5,70.77,16.2736,37.6998
0,1422950.21,39,8,5,0,1,25.46,484758.69,0.7472,0.6699,1,0.2265,0.3201,0.5065,1,34.07,25.4558,49.1523
1,199190650.74,130,26,21,1,1,31.78,71603379.86,0.884,0.7814,2,0.072,0.206,0.6102,1,35.95,31.7781,50.1586
2,478794230.18,456,47,54,0,1,68.21,294557234.24,1.1087,0.9265,3,0.0642,0.3726,0.5194,10,61.52,6.821,35.2562
0,11096393.2,33,6,5,0,0,65.04,5522643.51,1.3067,0.9139,0,0.0503,0.3437,0.4437,1,49.77,65.0353,-18.0108
1,177769490.72,336,46,39,1,1,64.35,99588950.26,1.1487,1.0455,12,0.3018,0.1905,0.5172,7,56.02,9.193,6.6302
1,51613583.79,1850,17,184,1,1,48.75,23335136.1,1.0783,1.1871,0,0.0,0.2999,0.4657,30,45.21,1.6251,-16.1182
0,65084017.0,1514,43,154,0,1,48.04,26742206.09,1.1691,1.0979,0,0.0,0.303,0.5338,24,41.09,2.0015,-17.1404
2,78435115.47,1543,20,158,1,1,26.67,56189529.83,0.3723,0.6555,70,0.4462,0.2629,0.5851,13,71.64,2.0517,122.4267
2,32359172.9,390,20,43,0,1,87.25,54965258.25,0.5137,0.6436,20,0.4693,0.2763,0.6174,11,169.86,7.9321,90.7021
0,21788998.44,68,11,12,2,0,74.31,21822370.36,0.742,0.8345,3,0.2247,0.3466,0.4924,1,100.15,74.3093,66.2504
2,999041243.74,242,109,29,2,1,86.94,1219024281.81,0.7125,0.7251,7,0.2533,0.2881,0.4734,7,122.02,12.4193,82.6143
0,23807796.83,68,7,8,2,0,26.04,14781343.26,0.4194,0.8265,1,0.1742,0.4074,0.4312,1,62.09,26.0413,150.4043
0,10104988.69,107,14,15,1,0,86.75,8051623.06,1.0888,0.9291,3,0.2216,0.3649,0.3213,3,79.68,28.918,-0.0688
0,12398404.75,106,15,16,1,1,34.52,4185803.99,1.0225,1.043,1,0.0551,0.3259,0.4714,1,33.76,34.5217,-2.5685
2,49024934.0,1201,20,120,0,1,28.18,32448328.51,0.4258,0.3785,78,0.65,0.3465,0.5896,11,66.19,2.5619,200.0
1,165816004.67,191,32,21,1,1,51.43,92068960.52,0.9263,0.5296,5,0.2165,0.3213,0.5168,3,55.52,17.1439,60.5863
0,92187554.9,2510,61,250,0,1,51.09,73348977.2,0.6421,0.9541,18,0.0708,0.3835,0.3564,42,79.56,1.2163,24.79
1,614652572.45,2118,204,211,0,1,52.93,318685469.42,1.0209,0.9942,12,0.0572,0.2822,0.5047,37,51.85,1.4306,13.983
1,62888864.87,1103,20,114,0,1,53.6,58297357.33,0.5783,0.7917,38,0.3351,0.3455,0.5931,19,92.7,2.8213,68.7043
1,27589756.89,918,10,94,0,1,70.81,30461801.54,0.6414,0.7055,37,0.3977,0.289,0.4726,21,110.41,3.372,68.9528
1,95561768.19,447,21,60,0,1,66.68,63257337.19,1.0073,1.0553,4,0.0614,0.2843,0.548,9,66.2,7.4089,36.3329
1,31414321.1,828,10,82,1,1,85.37,39436852.21,0.68,0.9008,12,0.1512,0.3192,0.4367,23,125.54,3.7117,34.5871
2,64333552.05,1790,20,180,1,1,47.47,32759271.16,0.9323,0.884,28,0.1572,0.2807,0.5729,28,50.92,1.6955,8.3726
2,495705205.76,637,70,79,0,1,49.83,211851444.43,1.1659,1.1865,29,0.3696,0.3387,0.6274,10,42.74,4.9826,31.4813
2,50311599.77,976,20,97,1,1,81.08,104398788.74,0.3907,0.5874,49,0.5101,0.2065,0.5117,26,207.5,3.1183,162.5996
2,47948447.03,1694,20,170,1,1,38.25,46219944.16,0.3968,0.5714,92,0.5388,0.3505,0.4996,21,96.4,1.8216,146.076
0,6749736.03,90,8,14,0,1,47.93,3541823.45,0.9133,0.602,1,0.0596,0.3369,0.5913,1,52.47,47.9252,36.9814
1,28624289.22,1445,10,145,0,1,59.57,22321974.91,0.7639,0.994,3,0.0174,0.3536,0.5424,28,77.98,2.1276,11.9707
1,55704414.42,3247,18,325,2,1,91.37,54238371.05,0.9384,1.0159,0,0.0,0.256,0.4719,98,97.37,0.9324,4.4686
1,67884207.7,532,35,66,2,1,90.77,58267207.92,1.0575,1.0139,7,0.1091,0.336,0.5495,16,85.83,5.673,20.8635
1,139241286.0,831,46,87,1,1,86.12,133088746.4,0.901,1.0032,7,0.0785,0.2999,0.5571,23,95.58,3.7443,11.5822
0,787559.88,97,7,14,1,0,35.76,233915.22,1.204,1.0614,2,0.1556,0.3995,0.3893,1,29.7,35.7591,4.4172
0,20412869.77,179,10,24,2,0,72.54,26911036.03,0.5502,0.8261,8,0.342,0.4016,0.3996,4,131.83,18.1351,90.8722
1,779877216.22,2501,259,250,0,1,89.93,834932911.86,0.84,0.9655,15,0.058,0.3816,0.5585,74,107.06,1.2153,13.7643
1,78408544.3,3062,26,305,0,1,61.3,98373182.53,0.4886,0.8251,57,0.1871,0.2713,0.444,62,125.46,0.9888,79.8898
1,698061227.99,1818,232,180,0,1,70.4,630794377.61,0.7791,0.9215,21,0.1165,0.3106,0.4241,42,90.36,1.6763,21.2795
1,85433355.78,371,32,49,0,1,86.98,68808438.14,1.08,0.5478,11,0.2265,0.2484,0.4796,10,80.54,8.6984,40.5177
2,273948192.77,887,73,110,0,1,27.79,89021528.57,0.8553,0.786,6,0.0547,0.188,0.553,8,32.5,3.4741,65.7865
1,73543187.5,363,41,44,0,1,83.28,48926148.98,1.2519,0.9559,14,0.3256,0.2862,0.579,10,66.53,8.3282,24.424
1,106082207.56,1428,35,142,0,1,31.94,47195556.64,0.7178,0.8533,20,0.1416,0.3649,0.4772,15,44.49,2.129,38.5682
0,7702642.91,157,4,18,1,0,82.09,5881132.52,1.0752,0.7784,3,0.1933,0.3712,0.4702,4,76.35,20.5225,-7.5427
2,58421876.45,1631,20,163,0,1,33.6,40496420.94,0.4847,0.6428,58,0.3528,0.2771,0.5963,18,69.32,1.8664,108.1058
1,31297422553.64,1327,500,136,0,1,63.69,18345330059.21,1.0865,1.0371,0,0.0,0.2266,0.5811,28,58.62,2.2745,1.5987
2,28680061.86,2090,20,210,0,1,56.95,23425021.05,0.6972,0.754,60,0.287,0.1907,0.5041,39,81.68,1.4602,61.0666
1,102759370.92,1460,34,148,0,1,40.55,58647109.94,0.7105,0.9177,8,0.052,0.3039,0.5294,19,57.07,2.1342,44.0797
1,188278092.94,136,31,18,1,1,56.13,78263720.36,1.3502,0.9314,7,0.3873,0.2851,0.3062,2,41.57,28.0634,10.6536
2,32532412.46,1186,20,116,1,1,58.03,24979065.4,0.7558,0.9341,1,0.011,0.1946,0.6583,22,76.78,2.6378,39.5751
2,846445766.19,615,122,80,0,1,51.34,348310845.31,1.2476,1.0241,31,0.3887,0.129,0.6384,10,41.15,5.1338,46.2653
1,169909313.48,276,28,31,1,1,57.18,89995852.73,1.0795,0.6186,16,0.5236,0.4238,0.4369,5,52.97,11.4355,48.1673
1,5113504.47,487,35,59,0,1,60.37,2697782.55,1.1443,0.4,10,0.1673,0.1784,0.5475,9,52.76,6.7078,34.4545
1,191636225.0,1510,63,150,0,1,83.1,210372484.93,0.757,0.9825,8,0.056,0.3186,0.5687,41,109.78,2.0268,15.9689
2,540882969.57,792,110,102,0,1,57.46,275890228.46,1.1266,0.942,23,0.2262,0.3432,0.6253,15,51.01,3.8309,50.0822
1,23185125.99,520,50,63,2,1,49.67,11647307.91,0.9886,0.8248,23,0.3631,0.356,0.2965,8,50.24,6.2082,26.766
1,68263358.75,1825,22,183,0,1,27.94,16239261.95,1.1744,0.9989,3,0.015,0.3956,0.488,16,23.79,1.7462,-11.4624
2,39321248.41,980,20,101,2,1,60.8,31630503.83,0.7558,0.922,8,0.0749,0.3076,0.5358,19,80.44,3.2001,25.9727
0,10424120.8,172,10,25,0,0,75.66,7138288.39,1.1048,1.083,6,0.2224,0.416,0.3741,4,68.48,18.9146,-16.4154
1,241203860.4,1787,80,179,0,1,79.83,256302727.41,0.7512,0.9758,7,0.0394,0.2399,0.4923,47,106.26,1.6984,37.1276
1,103364733.68,369,34,47,1,1,34.96,28011377.74,1.2899,1.0143,5,0.1094,0.3378,0.4924,4,27.1,8.7388,7.4776
1,32797095.0,931,10,96,1,1,77.06,38560164.56,0.6554,0.7887,24,0.2552,0.2896,0.6478,23,117.57,3.3504,60.8604
1,26629720.04,171,34,26,0,1,36.18,16514751.48,0.5834,0.8569,6,0.2121,0.2525,0.553,2,62.02,18.0896,108.6411
2,411405401.26,188,76,22,0,1,62.39,213525711.5,1.2021,0.9547,14,0.65,0.3228,0.72,3,51.9,20.7973,49.3559
2,90966940.32,553,20,57,0,1,34.34,85154024.04,0.3668,0.7221,15,0.2653,0.1679,0.6754,6,93.61,5.7233,112.9681
1,20820804.06,320,43,42,2,1,50.03,9826292.12,1.06,0.8151,1,0.0348,0.3311,0.4623,5,47.19,10.0053,14.7911
2,178749326.63,863,101,107,2,1,38.15,62823412.19,1.0854,0.8587,14,0.1326,0.3306,0.5913,10,35.15,3.8147,33.3374
2,41446904.0,585,20,58,0,1,55.5,46378088.4,0.496,0.5077,38,0.65,0.1425,0.5171,10,111.9,5.5501,159.5979
1,94247033.42,909,31,91,0,1,55.21,43581020.86,1.194,1.1882,0,0.0,0.2543,0.5398,16,46.24,3.4507,-19.7502
2,826732494.6,540,107,71,0,1,56.86,416376443.81,1.1289,1.204,9,0.1323,0.1968,0.5376,10,50.36,5.6856,21.6625
1,30940322.0,1247,10,123,2,1,58.61,31831809.55,0.5697,1.0588,0,0.0,0.3209,0.401,24,102.88,2.4422,38.9216
1,29836882.53,969,10,94,0,1,54.62,15676751.83,1.0396,0.7886,19,0.2001,0.3279,0.4741,17,52.54,3.2129,-0.742
0,8321283.97,134,8,21,1,0,40.23,2618585.77,1.2784,0.8318,8,0.3691,0.4001,0.3596,1,31.47,40.2303,-3.2979
1,279663837.15,1923,93,190,1,1,84.63,460465938.75,0.514,0.8003,54,0.283,0.1928,0.4914,54,164.65,1.5672,74.5727
2,536799011.29,228,64,30,2,1,76.75,333662309.3,1.2348,0.9602,13,0.4259,0.2059,0.5884,5,62.16,15.3501,21.1352
1,34476071.07,138,45,16,0,1,72.55,19841780.77,1.2607,0.9977,7,0.4167,0.32,0.5273,3,57.55,24.1845,24.602
2,259166549.61,337,113,41,0,1,89.24,343595009.98,0.6731,1.0936,13,0.3215,0.3845,0.4926,10,132.58,8.9243,81.0567
0,4995181.44,59,10,5,2,1,26.63,1455353.58,0.9141,1.0258,1,0.2241,0.4987,0.5115,1,29.14,26.6312,34.0998
1,124129026.13,199,51,28,0,1,59.41,96387449.38,0.7651,0.6226,9,0.3122,0.4338,0.5009,3,77.65,19.8029,89.1354
1,55328989.8,1829,18,180,0,1,38.72,24310274.99,0.8812,0.9284,43,0.2398,0.3783,0.4495,23,43.94,1.6833,15.6391
2,140717853.77,344,56,42,0,1,68.51,71777036.11,1.3431,1.1869,10,0.2442,0.1853,0.5271,7,51.01,9.787,22.3999
1,228824960.57,2261,76,227,0,1,57.57,140505760.9,0.9377,0.9614,0,0.0,0.281,0.5256,43,61.4,1.339,12.5888
0,49348718.79,1119,32,110,0,1,91.14,45062419.05,0.9981,1.0207,0,0.0,0.3084,0.4055,33,91.31,2.7619,3.4298
1,54418716.0,1092,18,110,0,1,41.74,25434585.04,0.893,0.8816,17,0.156,0.1436,0.4241,15,46.74,2.7826,16.0301
1,76383318.0,1892,25,191,0,1,45.22,61468628.5,0.5619,0.6284,80,0.4214,0.255,0.5591,28,80.47,1.615,80.4996
2,811881048.28,874,109,111,2,1,74.98,479281074.62,1.2701,1.175,19,0.1687,0.2454,0.4994,21,59.03,3.5703,29.4744
1,88077944.0,1606,29,163,1,1,43.98,51052350.14,0.7588,0.9753,0,0.0,0.2456,0.5322,23,57.96,1.9122,40.8961
1,229683588.61,2409,76,241,0,1,25.03,82942105.77,0.6933,0.8629,39,0.162,0.4063,0.4931,20,36.11,1.2517,39.3212
2,166488629.3,1432,33,143,0,1,38.59,78567433.76,0.8177,1.0696,0,0.0,0.1524,0.6007,18,47.19,2.1437,33.5032
0,21088066.28,191,10,26,0,1,29.51,8497163.28,0.7323,1.0441,4,0.1549,0.2403,0.3045,1,40.29,29.5088,52.7499
2,488443619.01,610,74,75,0,1,79.52,354625755.96,1.0952,0.9244,29,0.3823,0.1959,0.4842,16,72.6,4.9698,38.7063
2,776966417.59,316,99,42,1,1,53.89,406808945.71,1.0292,0.9686,23,0.5592,0.3111,0.6334,5,52.36,10.7773,44.5583
1,52345319.88,1363,17,134,1,1,46.26,48303727.52,0.5013,0.9028,24,0.1793,0.2817,0.5449,21,92.28,2.2027,69.5095
2,421018634.99,642,73,79,2,1,48.19,162212643.9,1.2508,0.5939,21,0.2649,0.3346,0.5792,10,38.53,4.819,36.2664
2,437042579.48,251,98,31,1,1,25.19,94204485.85,1.1685,1.0358,7,0.2398,0.2434,0.72,2,21.55,12.594,32.7855
0,3383682.27,114,11,19,0,0,74.1,2093183.41,1.1978,1.1158,2,0.1122,0.2778,0.4798,2,61.86,37.0496,-20.0
2,904359376.43,502,95,64,0,1,64.4,447956680.97,1.3002,0.8954,14,0.2247,0.1938,0.4912,10,49.53,6.4402,8.1737
1,51708792.0,1261,17,126,0,1,37.88,22935144.0,0.8541,0.8751,24,0.1878,0.3825,0.4718,15,44.35,2.5254,7.1551
0,27733656.33,144,9,20,2,0,28.69,6317819.5,1.2594,1.1148,6,0.2884,0.396,0.5324,1,22.78,28.6893,-20.0
0,793171.0,69,3,11,1,0,32.52,381327.35,0.6765,0.8065,1,0.0608,0.4436,0.577,1,48.08,32.5245,41.1633
2,87634217.73,1460,20,150,1,0,88.97,90075148.75,0.8656,0.9529,1,0.0041,0.1918,0.6555,43,102.79,2.0691,13.9923
1,196826548.92,183,21,27,0,1,40.42,92718606.39,0.858,1.2064,6,0.2062,0.2845,0.5116,2,47.11,20.2095,37.2369
1,779877216.22,2501,259,250,0,1,55.11,498286776.36,0.8625,0.8823,33,0.1326,0.3504,0.3791,45,63.89,1.2246,13.7643
1,92271433.33,133,26,16,1,1,43.28,58275811.75,0.6853,0.8473,6,0.3827,0.3221,0.4554,1,63.16,43.2804,90.3529
2,856327626.58,881,48,113,0,1,35.56,270905352.45,1.1239,1.0591,35,0.3065,0.2141,0.5881,10,31.64,3.5555,28.5508
1,101523714.4,1655,33,169,0,1,66.52,78172743.53,0.8639,1.0446,0,0.0,0.2251,0.5497,36,77.0,1.8478,9.4784
1,81661584.68,1344,27,138,1,1,71.86,64861549.94,0.9047,0.9439,15,0.1068,0.3103,0.4455,32,79.43,2.2457,14.0285
2,340442936.31,255,47,31,0,1,87.59,287652645.82,1.0367,1.2051,15,0.4821,0.3544,0.4471,7,84.49,12.5131,37.5802
1,70191560.08,339,39,39,1,1,73.18,41562252.62,1.2359,0.7862,10,0.2617,0.4311,0.4492,8,59.21,9.1473,16.3135
2,421429705.0,164,112,21,1,1,26.15,98060352.45,1.124,1.1237,3,0.1201,0.1863,0.5411,1,23.27,26.1545,26.3793
1,36371031.53,759,12,73,1,1,33.04,18589360.6,0.6464,0.6752,24,0.3263,0.3456,0.5936,8,51.11,4.1296,40.5574
1,65059318.02,2357,21,235,2,1,67.77,62887712.02,0.7011,0.9631,11,0.0482,0.2763,0.4605,53,96.66,1.2787,41.9369
1,168199890.82,301,45,40,2,1,52.98,70052808.18,1.272,0.4,6,0.1409,0.3046,0.5607,5,41.65,10.5952,11.8335
0,7725123.32,131,10,18,2,1,67.72,4465849.05,1.1714,0.796,4,0.224,0.4848,0.5304,2,57.81,33.8581,0.8681
1,67395480.99,1631,22,165,1,1,48.45,59878395.2,0.5453,0.8119,36,0.2199,0.2334,0.4767,26,88.85,1.8635,66.3086
2,255355094.28,409,55,49,1,1,88.03,200215760.09,1.1227,1.0634,10,0.21,0.1826,0.4597,12,78.41,7.3357,40.2767
1,209025585.0,1357,69,134,0,1,39.65,127007422.05,0.6526,0.8163,38,0.2804,0.3154,0.5456,17,60.76,2.3325,43.1774
0,27804246.48,50,12,7,0,0,44.01,9340665.23,1.3099,1.2023,1,0.2098,0.3839,0.3855,1,33.59,44.0056,-20.0
2,943451154.14,533,108,71,2,1,59.69,444048198.86,1.2682,1.1568,7,0.1002,0.3178,0.4444,10,47.07,5.969,7.5638
2,30231391.67,799,20,78,0,1,81.9,20171344.41,1.2275,1.0314,0,0.0,0.2143,0.5218,21,66.72,3.9001,-20.0
0,28349878.68,37,11,8,2,1,46.56,13810684.71,0.9558,0.7469,1,0.146,0.4942,0.4193,1,48.72,46.5627,41.8687
2,368871807.0,285,52,37,0,1,25.44,85967113.62,1.0918,0.7074,8,0.2276,0.2278,0.3866,2,23.31,12.7222,73.3861
2,997792252.39,444,97,52,2,1,25.93,278558353.14,0.9288,0.5155,0,0.006,0.2531,0.5423,3,27.92,8.6428,72.2018
0,8608422.7,137,15,14,1,1,60.1,5948080.32,0.8698,0.9536,2,0.1343,0.2715,0.4313,2,69.1,30.0495,36.6919
0,843594.58,85,9,15,1,0,44.33,419493.84,0.8915,1.1917,0,0.0205,0.3596,0.4723,1,49.73,44.3318,21.083
2,38633482.88,1826,20,186,1,1,57.48,20985623.1,1.0582,1.0493,0,0.0,0.2433,0.5861,34,54.32,1.6906,-10.0465
1,34484233.59,270,35,35,0,1,26.55,11113148.23,0.8238,1.1009,7,0.2127,0.2918,0.5047,2,32.23,13.2749,42.6597
1,52725298.0,1180,17,119,1,1,42.09,25622812.87,0.8661,0.9384,16,0.1385,0.2664,0.5075,16,48.6,2.6306,25.4901
2,718013920.65,216,43,32,1,1,27.0,250511702.22,0.7739,0.9763,12,0.3657,0.3181,0.5326,1,34.89,26.9994,76.6282
1,123005190.64,1556,41,157,0,1,31.67,32841365.3,1.1861,0.9929,10,0.0631,0.348,0.5194,16,26.7,1.9792,-20.0
1,56236581.01,1807,18,184,1,1,60.07,72435665.59,0.4664,0.9498,0,0.0,0.3506,0.4378,36,128.81,1.6687,47.6939
2,522576444.1,195,134,27,0,1,37.73,201311812.57,0.9795,1.0192,4,0.1365,0.2752,0.5977,2,38.52,18.8668,40.2815
1,182440440.23,549,43,69,0,1,55.72,162601700.76,0.6252,0.9106,6,0.0885,0.2985,0.5003,10,89.13,5.572,87.6974
2,471911168.11,596,68,79,1,1,44.16,202418240.93,1.0296,0.8114,17,0.219,0.12,0.4999,8,42.89,5.5202,54.0927
1,83376450.32,1331,27,133,0,1,81.93,68964971.59,0.9905,1.0246,0,0.0,0.2847,0.475,36,82.72,2.2758,4.9869
2,796147949.71,197,99,28,0,1,29.66,197735139.53,1.1942,0.8023,2,0.0592,0.1854,0.4762,1,24.84,29.6587,29.2788
2,45829697.61,1437,20,143,0,1,82.41,64408919.56,0.5864,0.7916,39,0.2696,0.3307,0.5486,39,140.54,2.113,67.765
1,48893481.0,1036,16,101,1,1,86.23,40043891.26,1.0528,0.9908,0,0.0,0.3774,0.5535,29,81.9,2.9733,-4.7209
1,40076875.0,997,13,99,0,1,87.54,28403922.59,1.2351,1.108,0,0.0,0.255,0.4816,29,70.87,3.0185,-20.0
2,628344558.21,846,98,107,1,1,52.38,298860554.33,1.1012,0.7441,32,0.3033,0.12,0.5205,14,47.56,3.7412,43.1119
0,36161861.0,694,24,72,2,1,86.92,32296251.19,0.9732,0.964,7,0.1028,0.3329,0.4374,20,89.31,4.3459,11.8611
2,825627426.08,605,84,76,2,1,80.66,684607136.57,0.9728,0.7823,21,0.2771,0.2169,0.6305,16,82.92,5.0414,56.8394
1,42845047.21,1253,14,124,2,1,32.08,11269955.21,1.2197,1.0048,8,0.0667,0.5415,0.5484,13,26.3,2.4679,-14.8558
2,60439205.57,206,101,23,0,1,60.67,43515277.91,0.8426,0.942,9,0.4049,0.1614,0.5047,4,72.0,15.1664,66.7881
1,125046208.27,343,43,40,0,1,37.65,45272386.56,1.0401,1.1205,13,0.3234,0.1922,0.5462,4,36.2,9.4137,31.8485
2,92682582.09,2525,20,254,0,0,86.7,229598227.2,0.35,0.4579,163,0.6423,0.1732,0.6356,72,247.73,1.2042,180.3812
1,236537391.12,791,78,82,0,1,59.1,159728258.32,0.8752,0.926,4,0.0525,0.2751,0.5444,15,67.53,3.9399,23.1593
2,32532412.46,1186,20,116,1,1,51.2,23550939.24,0.7072,0.8601,9,0.0778,0.3304,0.5275,20,72.39,2.5599,39.5751
1,65059318.02,2357,21,235,2,1,34.35,39647573.86,0.5637,0.9949,0,0.0,0.2158,0.6116,26,60.94,1.3213,41.9369
1,136625677.04,98,32,12,2,1,79.19,90559127.96,1.1947,0.5417,5,0.4331,0.217,0.5311,2,66.28,39.594,36.6982
1,166845915.38,388,34,53,0,1,69.46,124588334.68,0.9302,0.6519,18,0.3472,0.2976,0.6252,8,74.67,8.6823,57.413
2,733008391.61,473,125,64,2,1,88.05,671848958.14,0.9606,0.7497,7,0.1082,0.2519,0.5407,13,91.66,6.7729,58.7399
2,74509384.4,1657,20,163,2,1,57.8,38428393.92,1.1207,0.9589,13,0.0827,0.2984,0.6534,31,51.58,1.8645,-11.6281
2,28321972.79,967,20,100,0,1,85.81,34291247.17,0.7087,0.8791,27,0.2701,0.2442,0.5544,27,121.08,3.1782,48.1948
1,63515646.07,218,37,27,0,1,52.73,27067964.66,1.2373,0.6236,10,0.3651,0.3389,0.528,3,42.62,17.5757,32.9466
1,28694783.0,1397,10,141,0,1,30.03,9322439.22,0.9243,1.0145,0,0.0,0.2184,0.6059,13,32.49,2.3099,-15.4026
0,17874429.99,197,11,22,0,0,47.14,12874327.12,0.6544,0.9435,1,0.0645,0.2851,0.25,3,72.03,15.712,63.6684
2,326935352.43,1451,65,147,0,1,78.18,571329918.39,0.4474,0.7559,40,0.2689,0.173,0.6,37,174.75,2.1129,89.6931
2,150325371.16,473,42,58,1,1,32.99,45027948.02,1.1015,0.7451,32,0.549,0.2638,0.5196,5,29.95,6.5987,72.0766
0,12353974.57,158,10,23,0,0,65.46,10676782.41,0.7575,1.1505,6,0.2616,0.4271,0.4808,3,86.42,21.8211,35.824
1,68523556.93,224,59,31,1,1,52.8,36753172.94,0.9845,0.9979,5,0.1521,0.4184,0.4209,3,53.64,17.6012,44.2487
1,44885179.9,211,41,27,1,1,43.06,28794716.92,0.6713,1.0285,4,0.1649,0.3482,0.4129,3,64.15,14.3541,95.623
1,185555771.62,1907,61,188,0,1,53.98,210723910.66,0.4753,0.8705,45,0.2397,0.2908,0.5385,34,113.56,1.5876,52.54
1,327392296.61,1702,109,168,0,1,85.01,335938473.65,0.8284,0.8988,19,0.1114,0.2915,0.5431,48,102.61,1.771,36.412
1,39200077.17,2120,13,211,0,1,44.67,20078475.25,0.8721,0.8979,39,0.1865,0.2015,0.3879,31,51.22,1.441,34.2498
1,38064000.0,984,12,101,0,1,85.47,44173198.8,0.7365,0.9106,15,0.1439,0.3116,0.3492,28,116.05,3.0527,20.6965
1,37214400.0,1096,12,112,0,1,28.5,12020187.69,0.8824,0.9306,0,0.0045,0.3257,0.4812,10,32.3,2.85,21.2362
2,92713671.01,594,20,63,0,1,79.92,92836669.98,0.7982,0.8888,15,0.2304,0.2654,0.6097,15,100.13,5.3281,38.0011
2,90966940.32,553,20,57,0,1,68.67,137585305.05,0.454,0.5524,37,0.65,0.1543,0.4767,12,151.25,5.7226,112.9681
2,32584321.76,1050,20,105,0,1,40.35,20434941.32,0.6434,0.866,25,0.2348,0.207,0.607,14,62.71,2.882,27.0617
1,191234963.7,587,47,70,0,1,27.16,53552824.07,0.9697,0.8449,12,0.1755,0.2722,0.5288,5,28.0,5.4311,29.7212
0,5517569.65,84,9,7,1,1,43.99,2442382.36,0.9937,0.9204,2,0.2509,0.3921,0.4149,1,44.27,43.9871,13.0658
0,19691466.38,176,16,22,0,0,29.74,6175569.14,0.9482,0.9551,3,0.1424,0.4006,0.4713,1,31.36,29.7381,16.982
1,135735432.0,638,45,66,2,1,61.4,75530725.64,1.1034,1.0088,2,0.0368,0.3074,0.4589,13,55.65,4.7232,2.4382
2,48587907.19,1966,20,200,1,1,60.97,45035471.39,0.6578,0.8148,46,0.2293,0.2703,0.5191,39,92.69,1.5633,63.5722
0,6147923.8,131,8,16,1,1,43.04,2835860.08,0.9331,0.9124,8,0.5245,0.4722,0.3581,1,46.13,43.0411,38.2007
1,150994868.0,557,40,68,2,1,88.53,143641888.13,0.9306,0.9563,22,0.3294,0.4119,0.4859,16,95.13,5.5331,64.4383
2,32930138.74,1010,20,99,1,1,69.87,31006965.86,0.742,0.9241,13,0.1299,0.3193,0.5716,23,94.16,3.0377,31.7443
1,11106996.71,528,24,64,1,1,77.04,7307909.22,1.171,0.7732,6,0.0978,0.3256,0.5889,13,65.8,5.9265,17.7964
2,36470482.99,767,92,92,0,1,36.88,12547535.57,1.0719,1.0513,53,0.576,0.2968,0.573,9,34.4,4.0975,58.7084
0,12953349.84,148,6,17,0,0,79.94,15738411.97,0.6579,1.0408,5,0.2689,0.4147,0.3713,3,121.5,26.645,45.0284
1,175634265.71,437,28,51,2,1,73.59,199301357.24,0.6485,0.8177,16,0.3146,0.2269,0.462,10,113.48,7.3593,90.2548
2,163926074.15,325,71,40,1,1,62.66,109869317.77,0.9349,1.1333,1,0.0307,0.3956,0.5446,6,67.02,10.4438,52.7865
1,36024036.46,113,43,18,1,1,68.52,20358462.28,1.2124,0.6223,2,0.133,0.3741,0.6317,2,56.51,34.259,30.0155
2,126236579.06,1427,25,143,0,1,31.27,55434394.21,0.7121,0.9831,9,0.0626,0.1881,0.5506,14,43.91,2.2335,15.5609
0,19600027.95,103,12,9,0,0,28.62,4125748.39,1.3599,0.7274,1,0.1397,0.4187,0.5463,1,21.05,28.625,-20.0
1,41839832.98,1544,13,152,1,1,87.81,44497073.02,0.8257,0.9023,21,0.1363,0.3344,0.4481,45,106.35,1.9514,29.7418
1,144838254.17,254,34,29,0,1,42.17,58295261.58,1.0478,0.7887,2,0.0699,0.199,0.5129,3,40.25,14.0568,36.1513
0,20935125.6,143,9,19,0,1,89.78,24312527.46,0.7731,0.9041,4,0.2011,0.3615,0.439,4,116.13,22.4443,47.6344
0,61723637.28,991,41,97,0,1,44.22,30155430.73,0.9052,0.9868,6,0.0649,0.4645,0.4007,14,48.86,3.1587,28.5072
2,975140504.44,736,76,96,0,1,33.54,324002093.34,1.0095,0.9019,30,0.3121,0.2941,0.5057,8,33.23,4.1926,56.5658
2,178033452.09,756,118,92,2,1,25.86,37903760.31,1.2146,0.9525,9,0.1001,0.3319,0.5167,6,21.29,4.31,32.5532
2,86286560.34,1214,20,121,0,1,89.25,100701737.22,0.7648,0.944,5,0.0435,0.3344,0.5727,36,116.71,2.4793,22.5505
0,10337032.78,84,10,15,0,0,91.31,10565531.7,0.8933,1.0854,4,0.297,0.3538,0.4899,2,102.21,45.6541,29.2921
2,171432691.44,380,96,45,2,1,38.84,97674456.56,0.6817,0.5684,3,0.0618,0.1562,0.3766,4,56.98,9.7105,103.8855
0,30557944.86,895,20,88,0,1,86.86,36097193.74,0.7353,0.9315,6,0.0706,0.3066,0.4537,25,118.13,3.4745,29.1224
2,180191262.95,424,36,44,0,1,67.83,199381317.9,0.613,0.8308,13,0.285,0.1441,0.6182,9,110.65,7.5366,62.8207
1,33589888.28,1247,11,125,0,1,85.32,49383009.39,0.5803,0.7649,32,0.2592,0.3649,0.3527,35,147.02,2.4376,71.509
2,312761533.62,389,124,53,1,1,61.8,193165835.07,1.0007,0.8093,14,0.2587,0.188,0.4634,8,61.76,7.7252,74.5326
2,38097176.66,1315,20,130,0,1,55.25,27901223.57,0.7544,1.0117,8,0.0626,0.3073,0.4555,24,73.24,2.3022,26.9175
0,6788237.08,165,3,22,2,0,87.74,6656768.12,0.8947,0.6051,12,0.5295,0.4613,0.4674,4,98.06,21.9345,40.7234
1,27740189.58,1422,10,145,2,1,61.32,21936420.64,0.7754,0.9378,7,0.048,0.3209,0.6321,29,79.08,2.1144,18.9626
0,20057050.4,88,7,14,1,1,81.54,20628890.77,0.7928,1.1966,4,0.2852,0.3789,0.5323,2,102.85,40.7708,42.5174
1,30188936.89,1161,10,115,0,1,74.2,24887902.03,0.9001,0.8904,9,0.0797,0.208,0.6229,28,82.44,2.65,30.3989
1,163449485.35,1863,54,184,0,1,35.47,42459750.07,1.3654,0.9725,10,0.0528,0.238,0.4787,22,25.98,1.6122,-20.0
2,179752933.12,242,89,30,0,1,34.75,82887233.8,0.7536,0.8081,3,0.1114,0.3182,0.4966,2,46.11,17.3752,72.2704
0,14167706.35,69,13,5,0,1,41.47,6250505.86,0.9401,0.6868,1,0.2653,0.3217,0.4042,1,44.12,41.4747,38.634
0,24495469.14,82,7,8,1,0,45.43,9638505.47,1.1545,0.9308,2,0.2828,0.3742,0.4373,1,39.35,45.4268,-4.1403
2,102388914.34,551,84,68,0,1,52.27,72746025.77,0.7356,0.7861,7,0.0957,0.2739,0.5562,9,71.05,5.8073,69.6602
1,27861910.3,1484,10,152,1,1,79.14,29890290.7,0.7377,1.0001,4,0.0252,0.2505,0.5563,39,107.28,2.0293,23.8173
1,60782730.51,380,56,44,0,1,42.97,28655153.63,0.9115,1.1324,5,0.1025,0.2523,0.3913,5,47.14,8.5944,42.7518
1,117556153.43,1810,39,185,2,1,35.69,43012227.74,0.9753,1.026,0,0.0,0.3291,0.5366,21,36.59,1.6993,-2.2198
1,31297422553.64,1327,500,136,0,1,90.89,31254041980.69,0.9102,0.9554,0,0.0029,0.2722,0.6185,40,99.86,2.2722,1.5987
1,31397378.01,1336,10,133,0,1,82.83,31520271.42,0.8251,0.9741,5,0.0376,0.4117,0.4135,36,100.39,2.3009,9.8364
1,181110736.69,473,32,62,1,1,38.94,71277696.02,0.9893,0.9594,13,0.2042,0.4157,0.5753,6,39.36,6.4893,35.4148
1,38051536.01,250,47,35,2,1,58.26,27226649.66,0.8142,1.2338,4,0.1119,0.2914,0.6594,4,71.55,14.5639,50.4577
2,413297776.0,487,82,47,0,1,74.25,428250203.24,0.7166,0.8707,9,0.192,0.2833,0.5064,12,103.62,6.1878,27.854
1,36310638.74,1393,12,142,0,1,41.39,12793627.72,1.1748,1.0174,2,0.0134,0.3686,0.6891,19,35.23,2.1786,-20.0
1,27445168.03,1354,10,133,0,1,69.66,15577623.65,1.2273,1.0722,0,0.0,0.1543,0.5453,31,56.76,2.2471,-20.0
2,40834161.48,771,20,77,2,1,28.76,16557206.94,0.7093,0.9121,6,0.0819,0.1949,0.5495,7,40.55,4.1086,42.9472
0,833634.01,132,12,16,0,0,34.18,280875.53,1.0145,0.933,6,0.3495,0.2289,0.5891,1,33.69,34.1819,4.5282
2,430900527.89,699,114,84,0,1,32.43,107492629.74,1.3001,0.7184,16,0.1882,0.2453,0.4387,7,24.95,4.6333,29.8394
1,173485632.18,507,12,64,0,1,78.1,113944023.47,1.1891,0.7586,18,0.2769,0.2446,0.3787,13,65.68,6.0079,41.2768
1,59222156.91,97,46,12,0,1,70.73,34934493.81,1.199,1.0127,2,0.2063,0.3278,0.4857,2,58.99,35.3628,5.7682
1,81661584.68,1344,27,138,1,1,73.63,60668979.66,0.991,0.9362,18,0.1294,0.1549,0.5894,32,74.29,2.3008,14.0285
2,30239585.3,1175,20,117,0,1,79.92,24914691.66,0.97,1.0018,0,0.0,0.2654,0.5539,31,82.39,2.5779,-4.9776
2,350305902.8,251,28,28,0,1,51.89,173249240.89,1.0492,1.0676,11,0.3788,0.3157,0.5402,4,49.46,12.9719,44.862
0,16602502.72,83,11,11,1,0,63.11,8491147.49,1.2339,0.6042,1,0.0829,0.3052,0.3114,1,51.14,63.1077,-13.3198
2,210472198.65,528,77,71,0,1,71.11,182617925.01,0.8196,0.8766,3,0.042,0.3211,0.4687,12,86.77,5.9258,59.8206
1,228140685.14,1799,76,183,0,1,36.81,121320540.31,0.6922,0.8408,25,0.1357,0.2782,0.4822,22,53.18,1.6733,7.989
2,49093804.79,1263,20,129,1,1,90.92,70977831.23,0.6289,0.8216,49,0.3824,0.2038,0.5109,38,144.58,2.3927,55.2346
1,16371345.23,589,28,73,0,1,88.77,11991212.28,1.212,0.9387,3,0.0457,0.2891,0.4405,17,73.25,5.2218,13.0741
0,87947597.67,1538,58,153,0,1,25.13,24400629.76,0.9057,0.8326,29,0.189,0.4429,0.4238,12,27.74,2.0941,38.737
0,28896633.31,75,9,14,2,0,35.27,8792725.35,1.1592,1.2129,8,0.5827,0.2424,0.3327,1,30.43,35.271,0.2711
1,192637454.54,152,43,20,1,1,58.28,96321845.22,1.1656,0.7779,2,0.0757,0.3883,0.396,2,50.0,29.1406,9.9237
2,205728425.96,549,16,69,2,1,39.32,71878910.32,1.1254,0.9338,3,0.0453,0.1729,0.6393,7,34.94,5.6173,32.5657
1,28190000.0,700,10,69,1,1,88.69,34173501.4,0.7316,0.9012,8,0.1157,0.1407,0.4204,20,121.23,4.4347,36.8931
1,188553634.9,430,23,51,1,1,68.8,114820494.15,1.1298,0.9303,6,0.1131,0.2784,0.5437,9,60.9,7.6441,28.3005
1,226047070.65,1289,75,128,0,1,75.54,141413040.7,1.2074,1.0781,0,0.0,0.2326,0.4171,32,62.56,2.3605,-14.8376
2,189992871.78,321,85,41,0,1,77.06,161424192.61,0.907,0.9134,3,0.0685,0.2057,0.5899,8,84.96,9.6325,43.4854
1,124313777.49,144,29,18,1,1,85.05,88950103.64,1.1886,0.9987,1,0.0706,0.3206,0.3788,4,71.55,21.2623,-0.1361
0,27910140.88,37,13,5,0,0,29.94,7985605.14,1.0463,0.6088,2,0.315,0.3456,0.5504,1,28.61,29.9373,30.2135
1,169880054.51,1847,56,186,0,1,67.81,159092711.58,0.7241,0.9554,1,0.0055,0.2864,0.5523,41,93.65,1.654,50.2524
1,70637339.0,992,23,101,2,1,62.15,67956983.47,0.646,0.7463,17,0.1707,0.2796,0.5458,20,96.21,3.1073,89.4732
1,135735432.0,638,45,66,2,1,44.7,62848008.4,0.9653,0.797,15,0.231,0.3739,0.5387,9,46.3,4.9662,2.4382
1,287649031.79,2032,95,204,0,1,76.79,392122952.92,0.5633,0.773,68,0.3333,0.3204,0.3751,52,136.32,1.4767,89.9158
1,73169776.19,92,28,14,0,1,40.88,34832927.67,0.8587,0.6313,4,0.2537,0.3773,0.5976,1,47.61,40.8782,55.1786
2,226125571.45,1235,45,125,1,1,87.09,209827804.84,0.9386,0.9318,19,0.1486,0.2558,0.6057,35,92.79,2.4884,15.7963
2,815881388.32,751,86,90,0,1,50.01,329737541.21,1.2375,0.6751,16,0.178,0.3257,0.5163,12,40.41,4.1677,36.6972
2,64333552.05,1790,20,180,1,1,91.91,65535668.59,0.9023,0.9674,10,0.0575,0.2213,0.4845,54,101.87,1.7021,8.3726
0,25117560.59,189,13,26,1,0,65.76,14280058.16,1.1567,0.4,5,0.1731,0.357,0.3309,4,56.85,16.4402,19.1637
2,38097176.66,1315,20,130,0,1,73.11,33096771.54,0.8416,0.9509,0,0.0,0.126,0.6227,32,86.87,2.2848,26.9175
1,31397378.01,1336,10,133,0,1,59.74,21314446.69,0.88,1.1106,0,0.0,0.3054,0.5534,26,67.89,2.2976,9.8364
2,38633482.88,1826,20,186,1,1,74.86,27974079.19,1.0338,0.9729,13,0.068,0.2665,0.6053,45,72.41,1.6635,-10.0465
2,938530535.33,631,79,81,0,1,39.74,551068823.18,0.6768,0.6655,38,0.4661,0.2011,0.5559,8,58.72,4.9674,118.1804
2,32532412.46,1186,20,116,1,1,70.98,37145436.02,0.6217,0.9869,9,0.075,0.2409,0.4666,28,114.18,2.5352,39.5751
2,391550317.84,363,112,43,2,1,41.27,354727123.75,0.4555,1.1812,7,0.1647,0.2419,0.6917,4,90.6,10.3165,155.5692
2,48587907.19,1966,20,200,1,1,46.04,39365555.54,0.5683,0.9454,31,0.1542,0.2767,0.5425,30,81.02,1.5348,63.5722
1,35450809.0,2632,11,263,1,1,42.52,23490807.17,0.6416,1.0071,0,0.0,0.2892,0.451,37,66.26,1.1491,45.9162
2,778757056.2,562,3,71,0,1,57.18,362452868.56,1.2285,0.8376,34,0.4858,0.1883,0.6992,10,46.54,5.7177,39.0035
0,1722373.37,78,9,6,0,1,73.03,1389695.56,0.9051,0.8785,1,0.2016,0.3984,0.5947,1,80.68,73.0266,25.1184
2,64962119.67,197,57,23,0,1,52.32,42369367.32,0.8023,1.009,5,0.212,0.2296,0.4086,3,65.22,17.4416,58.7203
1,30940322.0,1247,10,123,2,1,87.98,35757660.32,0.7613,0.885,18,0.1459,0.1838,0.5052,36,115.57,2.444,38.9216
1,62888864.87,1103,20,114,0,1,54.68,78736087.9,0.4367,0.8144,32,0.283,0.2084,0.4542,20,125.2,2.7338,68.7043
1,34199505.89,910,11,92,0,1,55.18,20845072.1,0.9053,0.9922,4,0.0466,0.4177,0.4912,16,60.95,3.4487,4.655
0,1893993.47,163,12,17,0,0,90.48,1466039.7,1.1689,0.562,1,0.0446,0.2698,0.4346,4,77.4,22.6197,15.5357
1,163449485.35,1863,54,184,0,1,43.37,59689214.33,1.1877,1.1144,0,0.0,0.3607,0.4828,26,36.52,1.6681,-20.0
1,1936534993.61,2565,500,260,0,1,54.4,1320829248.0,0.7977,0.95,18,0.0689,0.3676,0.5327,46,68.21,1.1827,37.6651
0,16278489.34,42,9,5,1,1,36.6,4514939.33,1.3197,0.5473,1,0.139,0.3152,0.5317,1,27.74,36.6038,1.1794
1,76383318.0,1892,25,191,0,1,44.86,97048433.54,0.3531,0.7948,57,0.2979,0.288,0.4196,28,127.05,1.6021,80.4996
2,174175263.53,521,117,62,0,1,44.37,63379675.75,1.2194,0.8017,11,0.1786,0.3008,0.6679,7,36.39,6.3386,40.4689
1,36110686.07,446,25,54,0,1,70.32,36505441.05,0.6956,1.019,8,0.1437,0.3379,0.456,10,101.09,7.0318,75.6712
2,503656545.72,713,69,90,1,1,68.76,311982321.59,1.11,1.19,15,0.1614,0.2324,0.5115,16,61.94,4.2975,29.5793
0,33572762.48,1403,22,141,0,1,32.47,10642976.74,1.0242,0.8613,25,0.1755,0.3495,0.423,15,31.7,2.1645,6.7481
1,184198883.31,356,33,42,0,1,71.04,109748423.38,1.1923,1.119,5,0.1305,0.1815,0.5258,8,59.58,8.8799,7.6061
2,24166388.76,455,82,61,0,1,88.74,17354178.16,1.2357,1.111,12,0.1902,0.1696,0.4723,13,71.81,6.8259,23.7604
2,353032730.46,342,124,44,1,1,90.04,354834350.71,0.8958,0.9052,11,0.2442,0.3741,0.5417,10,100.51,9.0037,62.9812
2,228218343.38,590,121,77,1,1,58.85,180754415.87,0.7431,0.4804,34,0.4361,0.2512,0.6373,11,79.2,5.3502,117.8585
1,43615262.5,924,14,92,0,1,89.38,53479327.91,0.729,0.8884,16,0.1776,0.3122,0.559,27,122.62,3.3105,41.1705
2,809488805.21,230,90,25,0,1,58.24,601990026.33,0.7832,1.1666,7,0.2889,0.2374,0.5727,4,74.37,14.5606,74.6872
0,27798945.91,53,14,5,0,0,32.16,9166814.18,0.9752,1.1763,2,0.4942,0.2403,0.4378,1,32.98,32.1566,5.575
2,43259438.62,2860,20,286,1,1,25.37,11252631.46,0.9752,0.7739,116,0.4042,0.2388,0.4516,24,26.01,1.057,25.8142
1,29130329.0,720,10,71,0,1,57.79,22426405.89,0.7507,0.8813,7,0.1007,0.413,0.5068,13,76.99,4.4454,54.6253
0,49348718.79,1119,32,110,0,1,56.18,28880341.48,0.96,1.0223,0,0.0,0.4077,0.4244,20,58.52,2.8092,3.4298
1,101614265.17,307,21,37,0,1,70.09,78667533.16,0.9053,0.785,2,0.0583,0.2191,0.3092,7,77.42,10.0127,32.6117
2,557307387.06,219,79,30,2,1,61.32,358397559.97,0.9535,1.1313,3,0.1008,0.3546,0.4551,4,64.31,15.329,36.7688
1,33707387.56,1265,11,124,0,1,76.98,30013625.57,0.8645,0.9715,10,0.0831,0.3129,0.5724,32,89.04,2.4056,24.0989
2,780647344.53,387,91,52,2,1,91.08,834128851.76,0.8524,0.918,19,0.3662,0.3523,0.6185,11,106.85,8.2799,76.5758
2,532399443.41,334,96,44,1,1,42.54,323427763.49,0.7002,0.6864,11,0.2387,0.2885,0.3821,4,60.75,10.6347,100.4979
0,27313138.97,937,18,96,1,1,59.39,17445539.64,0.9298,0.9094,13,0.1324,0.3161,0.4103,18,63.87,3.2992,12.9287
2,80695124.82,2274,20,230,1,1,75.32,141300891.65,0.4302,0.5644,144,0.6273,0.204,0.5745,57,175.1,1.3214,125.782
2,78435115.47,1543,20,158,1,1,81.3,179986697.51,0.3543,0.5917,93,0.5897,0.1458,0.6282,41,229.47,1.9828,122.4267
2,44450172.5,640,20,65,2,1,72.06,54652670.96,0.5861,0.8504,13,0.2038,0.3452,0.4757,15,122.95,4.804,70.9372
2,479648185.13,365,95,47,1,1,35.29,269924080.77,0.6271,1.1293,31,0.65,0.2031,0.5947,4,56.28,8.823,119.573
2,623595802.46,740,61,96,0,1,63.06,744353203.81,0.5283,0.7665,46,0.4824,0.1868,0.6327,15,119.36,4.2039,135.2871
1,160607553.66,2662,53,265,0,1,52.76,145420540.75,0.5827,0.9119,55,0.209,0.3293,0.5119,46,90.54,1.147,35.3436
2,85683866.82,2699,20,268,1,1,67.0,111490896.37,0.5149,0.7549,87,0.3242,0.2409,0.5478,60,130.12,1.1166,77.7224
2,41932974.9,626,20,64,0,1,83.44,40394773.36,0.8661,0.8904,12,0.184,0.2499,0.5162,17,96.33,4.908,17.525
2,38178027.0,1451,20,146,0,1,77.54,55359002.39,0.5348,0.5794,77,0.5296,0.1934,0.6302,37,145.0,2.0958,131.3609
1,82970335.67,1244,27,128,0,1,33.18,35831526.56,0.7682,0.9293,22,0.1734,0.3694,0.5536,13,43.19,2.5519,35.5672
2,461524449.21,333,106,43,0,1,75.96,404178598.45,0.8674,1.2378,14,0.334,0.3052,0.4763,8,87.57,9.4954,44.0433
1,43721655.0,1148,14,117,0,1,83.38,29314943.37,1.2436,1.1446,0,0.0,0.3458,0.5342,31,67.05,2.6897,-20.0
1,30743932.0,1322,10,131,0,1,29.15,13170093.37,0.6805,0.8633,20,0.1503,0.2495,0.5219,12,42.84,2.4294,29.9482
2,56003096.47,1237,20,121,0,1,58.39,25155117.7,1.2999,1.0184,0,0.0,0.236,0.6271,24,44.92,2.4328,-20.0
1,73481740.01,590,58,78,0,1,60.16,80170818.3,0.5514,0.821,25,0.3264,0.3951,0.5535,11,109.1,5.4689,128.7934
1,165312778.17,174,43,26,2,1,44.39,109048430.04,0.6729,0.5731,13,0.5163,0.3607,0.4323,2,65.96,22.1939,100.3052
2,43605807.25,871,20,85,0,1,84.95,30537255.59,1.213,1.1234,0,0.0,0.3251,0.6424,24,70.03,3.5394,-20.0
1,39497706.65,825,13,85,0,1,52.49,22675630.19,0.9143,0.908,16,0.1938,0.2649,0.5994,14,57.41,3.7492,10.2831
2,39321248.41,980,20,101,2,1,51.14,27310167.36,0.7363,1.0401,0,0.0,0.2761,0.5592,16,69.45,3.1964,25.9727
1,86689548.67,422,42,56,2,1,31.3,27910020.15,0.9721,0.7532,10,0.1718,0.2108,0.5799,4,32.2,7.8246,22.1014
0,28973610.8,157,6,19,0,0,54.29,14846506.95,1.0594,1.0853,3,0.1398,0.3782,0.4906,2,51.24,27.1435,-9.7262
1,185164825.38,477,13,60,0,1,38.44,89100255.09,0.7988,0.7067,19,0.3144,0.385,0.4528,6,48.12,6.4059,60.7122
1,36683848.0,1245,12,128,0,1,30.55,12966001.92,0.8644,1.0357,0,0.0,0.2681,0.46,12,35.35,2.5459,12.5592
2,403159551.08,858,70,112,0,1,91.95,284113227.85,1.3048,0.8929,24,0.2149,0.2057,0.4861,26,70.47,3.5365,34.52
0,2348158.56,193,11,24,1,1,80.55,1894838.32,0.9982,0.8045,7,0.2946,0.37,0.4584,5,80.69,16.11,29.1063
1,36114801.87,1320,12,136,0,1,36.81,16531645.05,0.8041,0.884,16,0.1163,0.2778,0.5324,16,45.78,2.3004,25.8581
1,35450809.0,2632,11,263,1,1,76.84,46987576.95,0.5797,0.7628,73,0.2761,0.262,0.4843,67,132.54,1.1468,45.9162
2,41115000.0,1447,20,142,1,1,67.47,47790397.02,0.5804,0.6948,61,0.4286,0.2528,0.5587,32,116.24,2.1084,100.4836
2,563817721.49,591,86,74,1,1,52.3,279238242.24,1.056,1.0684,42,0.5637,0.2596,0.5797,10,49.53,5.2299,53.4375
2,934932739.63,778,80,96,1,1,66.82,448469033.9,1.3931,1.1397,29,0.2997,0.3109,0.4465,17,47.97,3.9307,29.5591
2,974142124.87,791,71,97,1,1,46.05,484858420.67,0.9253,0.8544,4,0.0383,0.246,0.4497,12,49.77,3.8377,55.0365
1,33617472.1,3380,11,341,0,1,84.98,33769822.84,0.846,0.8863,17,0.0497,0.3158,0.5968,95,100.45,0.8946,18.3769
1,52620114.59,569,17,59,2,1,84.36,63818762.45,0.6956,0.8604,5,0.088,0.339,0.5476,16,121.28,5.2725,41.5048
1,67495820.28,1726,22,171,1,1,79.73,82101331.71,0.6554,0.8691,21,0.1204,0.2954,0.3725,45,121.64,1.7717,63.9813
1,93196065.66,386,44,46,0,1,50.0,45343683.64,1.0276,1.1108,15,0.3225,0.2643,0.377,6,48.65,8.3329,36.0417
1,142908667.12,577,34,71,1,1,61.21,71832757.35,1.2177,0.7611,46,0.65,0.2696,0.4761,11,50.26,5.5642,37.2414
2,34024864.94,332,20,31,0,1,58.75,30141725.25,0.6632,0.8292,7,0.2391,0.2442,0.4007,6,88.59,9.7916,30.6774
0,16209796.09,48,5,11,2,0,58.83,11294777.94,0.8443,0.7684,2,0.2042,0.3691,0.4414,1,69.68,58.8329,37.3921
1,107192616.98,309,28,37,1,1,39.55,40832294.93,1.0382,0.8497,11,0.2845,0.3498,0.4553,4,38.09,9.8865,26.3525
0,27680015.52,96,12,11,0,1,26.83,5943331.7,1.2495,0.8377,4,0.3631,0.395,0.4087,1,21.47,26.8281,20.6596
1,29836882.53,969,10,94,0,1,74.13,24259071.87,0.9118,0.9826,16,0.1652,0.192,0.4129,23,81.31,3.2231,-0.742
1,170839577.4,284,28,39,2,1,58.28,87282162.72,1.1408,1.1292,14,0.3483,0.2124,0.4165,5,51.09,11.6563,8.8719
1,174422817.48,495,33,61,0,1,81.66,138227251.2,1.0304,0.7265,11,0.1846,0.3097,0.4629,13,79.25,6.2815,47.3785
1,32006590.0,1261,10,128,0,1,89.53,25765199.52,1.1122,0.9899,5,0.0356,0.3475,0.5809,37,80.5,2.4198,-8.627
1,47150887.49,779,15,77,2,1,55.96,48126043.42,0.5483,0.7121,23,0.2937,0.3403,0.4605,14,102.07,3.9972,86.3842
0,25976174.02,186,15,20,1,1,87.89,21974388.56,1.039,0.8853,5,0.2626,0.3973,0.5061,5,84.59,17.5785,20.0692
1,52431703.44,1767,17,178,1,1,78.1,48698886.56,0.8408,0.9601,13,0.0748,0.4031,0.555,45,92.88,1.7355,14.0015
1,121122295.67,2445,40,243,0,1,27.71,46981028.06,0.7144,0.9273,25,0.102,0.2847,0.3925,22,38.79,1.2595,34.5428
1,123809614.16,463,32,55,1,1,36.23,53070092.57,0.8453,1.0853,12,0.2239,0.2804,0.5243,5,42.86,7.2463,50.0825
2,32960264.98,553,20,57,0,1,57.52,45913338.13,0.4129,0.7281,19,0.3412,0.2066,0.6002,10,139.3,5.7522,110.597
1,193602581.24,147,10,23,0,1,80.73,297902313.26,0.5246,0.7117,3,0.1323,0.2643,0.4991,3,153.87,26.9085,137.0592
2,534414733.58,806,78,103,0,1,31.9,131153853.36,1.2999,0.714,30,0.2885,0.2973,0.5303,8,24.54,3.9876,42.8713
2,643146729.9,615,97,81,0,1,88.49,733472981.22,0.7759,0.8694,36,0.4392,0.3201,0.3823,18,114.04,4.9161,81.1713
0,19131912.77,164,9,17,0,0,44.43,9768402.12,0.8702,1.0863,8,0.4642,0.4061,0.4758,2,51.06,22.2161,41.3803
1,30940322.0,1247,10,123,2,1,48.69,26448397.76,0.5697,0.8554,19,0.1574,0.3295,0.6388,20,85.48,2.4347,38.9216
2,28965028.88,1830,20,184,1,1,87.04,35649371.34,0.7072,0.895,32,0.1746,0.2512,0.5611,53,123.08,1.6423,44.3695
1,337777831.58,2385,112,239,0,1,90.78,382948607.13,0.8007,0.8313,34,0.1424,0.2746,0.4636,72,113.37,1.2608,36.1713
1,53843748.75,1386,17,136,0,1,34.95,17523001.06,1.0738,1.0043,2,0.0173,0.251,0.6449,16,32.54,2.1841,-1.1574
1,102717558.4,1619,34,165,0,1,76.05,102785425.91,0.76,0.9232,6,0.0377,0.3306,0.4024,41,100.07,1.8549,36.2935
1,169559901.78,424,26,54,0,1,62.23,140125274.71,0.7531,0.9828,2,0.0323,0.3158,0.4174,8,82.64,7.7793,56.1319
1,87139934.8,116,48,13,2,1,87.13,62993366.83,1.2053,1.0796,1,0.0828,0.3042,0.6266,3,72.29,29.0439,3.3584
1,62677870.17,1318,20,129,0,1,84.22,53314721.02,0.9901,1.0094,5,0.0416,0.2992,0.4778,36,85.06,2.3394,-1.9438
2,79552078.67,700,53,86,2,1,53.88,48961439.88,0.8754,0.9103,48,0.5546,0.1651,0.6241,12,61.55,4.4897,65.7248
2,574257798.12,756,69,95,2,1,51.44,373918138.42,0.79,0.9312,15,0.1542,0.1374,0.5007,12,65.11,4.2869,67.5905
1,36955087.65,1929,12,195,0,1,41.79,12505984.73,1.2349,1.0758,0,0.0,0.3368,0.3685,26,33.84,1.6073,-20.0
1,136776061.03,316,12,36,1,1,61.98,72058197.56,1.1764,1.0526,18,0.5077,0.2213,0.3444,6,52.68,10.3292,30.9894
2,186110437.04,403,67,50,1,1,46.61,67224995.1,1.2904,0.753,14,0.2818,0.2294,0.499,6,36.12,7.7686,51.096
1,28878723.95,1726,10,173,0,1,56.41,18427502.23,0.884,0.9369,7,0.0423,0.3339,0.4743,32,63.81,1.7627,-0.8987
1,52835280.56,1935,17,192,0,1,59.14,40117389.33,0.7788,0.9979,15,0.0801,0.3582,0.4807,38,75.93,1.5562,23.8186
1,221114401.0,1909,73,190,0,1,69.82,214356734.91,0.7202,0.8547,39,0.2039,0.2204,0.4984,44,96.94,1.5868,49.7587
1,140586244.12,1249,46,128,0,1,39.19,85396890.32,0.6451,0.8162,36,0.2851,0.3491,0.4625,16,60.74,2.4492,46.9911
1,171367366.97,430,31,57,0,1,72.6,116290269.75,1.0698,0.9631,16,0.2865,0.4733,0.3966,10,67.86,7.2599,39.5199
2,62348582.85,533,20,56,0,1,49.75,46548780.25,0.6664,0.7612,21,0.367,0.178,0.5375,8,74.66,6.2186,45.2726
1,139241286.0,831,46,87,1,1,62.74,116890815.67,0.7474,0.9808,6,0.0707,0.2832,0.6272,17,83.95,3.6907,11.5822
1,170163278.48,479,29,62,1,1,40.11,64008329.79,1.0663,0.9398,26,0.4216,0.1715,0.6121,6,37.62,6.6848,32.2714
2,424263260.96,326,52,43,0,1,37.4,147502106.92,1.0758,0.9531,9,0.1985,0.2758,0.5682,4,34.77,9.3508,64.2273
1,19420390.39,415,27,48,2,1,30.61,5719653.2,1.0392,0.9025,4,0.0884,0.3081,0.5491,4,29.45,7.6516,30.8074
1,52885929.4,1408,17,140,0,1,32.91,25281147.44,0.6885,0.991,11,0.0767,0.2426,0.5017,15,47.8,2.1943,26.6494
1,34223557.21,578,46,75,0,1,33.62,10200742.36,1.1278,0.9066,10,0.1399,0.2491,0.4803,6,29.81,5.6027,25.2761
1,36955087.65,1929,12,195,0,1,69.71,19797727.67,1.3013,1.0585,0,0.0,0.286,0.4889,44,53.57,1.5844,-20.0
0,9610095.66,182,8,27,1,0,52.53,3929249.97,1.2849,1.0032,1,0.0398,0.3391,0.4024,3,40.89,17.5113,-17.5223
2,126720052.5,643,87,80,0,1,55.57,56993835.09,1.2355,0.8708,29,0.3628,0.1548,0.4747,11,44.98,5.0516,36.9968
1,55994835.81,3382,18,341,0,1,29.44,17889473.42,0.9216,1.0481,0,0.0,0.3341,0.4887,33,31.95,0.8922,7.6182
2,34733561.94,2283,20,228,0,1,48.23,38482966.11,0.4353,0.5126,148,0.6481,0.1812,0.5936,36,110.79,1.3397,156.2207
1,120952168.63,330,47,38,0,1,36.12,47011349.93,0.9294,0.8426,6,0.1457,0.3475,0.4027,3,38.87,12.041,47.7833
2,28668392.45,1081,20,106,0,1,86.83,34236501.99,0.7271,0.8272,22,0.2058,0.221,0.4572,31,119.42,2.8011,32.8726
1,174966263.87,104,43,13,0,1,70.26,100312222.63,1.2254,1.0908,3,0.2186,0.3174,0.4548,2,57.33,35.1287,-5.877
0,21194218.88,69,5,11,2,0,43.89,11622266.59,0.8003,0.9358,4,0.3615,0.3484,0.5999,1,54.84,43.8878,57.3382
1,65946679.3,2241,21,222,2,1,39.33,33776744.5,0.7678,0.9674,0,0.0,0.2153,0.6172,29,51.22,1.3561,35.2126
1,31009423.0,1020,10,106,1,1,85.72,29866003.52,0.89,0.9611,5,0.0513,0.2536,0.4857,29,96.31,2.9559,9.0321
2,673583240.29,895,119,111,0,1,26.95,152141059.68,1.1931,0.7789,54,0.4862,0.1514,0.6686,8,22.59,3.3687,55.0138
0,17080876.61,76,16,10,0,0,66.43,10157914.83,1.1171,0.8688,0,0.0322,0.2636,0.2981,1,59.47,66.4304,-12.5938
1,112491905.0,1025,37,103,0,1,38.07,73884688.56,0.5796,0.8721,21,0.2064,0.2598,0.5036,13,65.68,2.9282,54.2835
1,84973138.38,309,25,35,2,1,37.01,45792650.93,0.6868,1.2289,17,0.4863,0.2104,0.5916,3,53.89,12.337,66.9016
1,30757973.95,473,26,56,0,1,60.26,17219889.79,1.0763,1.0054,17,0.3048,0.374,0.5656,9,55.99,6.6952,27.3661
1,142921723.58,588,33,71,0,1,90.15,111495468.94,1.1556,1.0849,21,0.29,0.224,0.4881,17,78.01,5.3028,9.3318
2,68914237.0,990,20,99,2,1,90.7,49969859.45,1.2509,1.0482,0,0.0,0.3722,0.4267,29,72.51,3.1277,-20.0
2,29034338.46,1127,20,114,1,1,76.54,19616849.56,1.1328,0.9786,10,0.0876,0.1839,0.4653,28,67.56,2.7335,-9.2806
2,226125571.45,1235,45,125,1,1,53.91,143487567.06,0.8496,0.8256,36,0.2848,0.341,0.4942,22,63.45,2.4505,15.7963
0,24569344.14,47,11,5,1,0,58.2,25336410.79,0.5644,1.0093,1,0.2448,0.2528,0.4965,1,103.12,58.1973,77.0997
1,131505585.47,349,44,40,2,1,40.23,60920879.57,0.8683,0.9671,4,0.1034,0.2202,0.4429,4,46.33,10.0563,52.1548
0,28599417.02,45,7,6,1,1,33.55,9634096.89,0.996,1.0481,1,0.0876,0.4521,0.5194,1,33.69,33.551,15.8464
1,177023596.15,572,26,70,0,1,37.32,101778251.82,0.6491,0.9613,38,0.5387,0.2606,0.5441,7,57.49,5.3311,110.3251
0,12866348.27,100,6,9,0,0,54.77,6873537.08,1.0252,0.8368,4,0.4059,0.2253,0.5203,1,53.42,54.7663,27.7118
2,192781803.23,324,73,39,1,1,54.0,84076722.91,1.2383,0.9719,13,0.3426,0.259,0.5395,5,43.61,10.801,40.8137
2,30231391.67,799,20,78,0,1,40.98,10070686.23,1.2301,1.0308,0,0.0,0.2698,0.5292,10,33.31,4.0977,-20.0
1,149565662.0,3226,49,321,0,1,64.88,115297869.79,0.8416,0.962,39,0.122,0.3943,0.6099,69,77.09,0.9403,20.3475
0,11592523.21,93,7,15,0,0,35.02,5281123.83,0.7686,0.9618,2,0.1575,0.4444,0.4413,1,45.56,35.0151,39.4011
2,134210976.67,1954,26,198,1,1,74.89,287161041.65,0.35,0.497,129,0.65,0.1701,0.4332,48,213.96,1.5601,163.7262
2,32584321.76,1050,20,105,0,1,51.05,19725732.44,0.8434,1.0075,0,0.0,0.2276,0.5599,17,60.54,3.0032,27.0617
1,143481873.82,1976,47,200,0,1,82.9,126257814.1,0.942,1.0109,9,0.0455,0.2922,0.5049,54,88.0,1.5351,0.9256
0,26435461.95,134,12,17,0,0,69.63,15566062.15,1.1825,1.0256,6,0.3561,0.4183,0.3783,3,58.88,23.2105,10.4538
2,43259438.62,2860,20,286,1,1,44.42,21441109.35,0.8963,0.8624,47,0.1627,0.1718,0.5228,42,49.56,1.0577,25.8142
2,48018601.0,1122,20,110,0,1,82.31,51240321.89,0.7714,0.9799,1,0.0058,0.3138,0.4714,30,106.71,2.7438,22.1479
1,128539189.4,590,30,77,0,1,81.46,109110795.95,0.9597,1.0594,26,0.3355,0.3108,0.5778,16,84.89,5.0915,36.8603
2,36722866.77,828,20,83,0,1,71.29,21014338.12,1.2458,1.0195,0,0.0,0.2422,0.5392,19,57.22,3.752,-20.0
1,39097582.41,208,27,27,2,1,85.38,53812611.37,0.6203,1.0035,9,0.321,0.2379,0.565,5,137.64,17.0751,86.8869
0,15544112.2,74,7,11,1,0,55.57,6554484.09,1.3179,0.8678,1,0.1142,0.3957,0.5248,1,42.17,55.5721,-20.0
2,48587907.19,1966,20,200,1,1,28.65,29442235.28,0.4728,0.9908,1,0.0034,0.2451,0.526,18,60.6,1.5915,63.5722
0,41684748.05,1045,27,104,0,1,58.9,38701365.33,0.6344,0.8111,26,0.2486,0.3325,0.3471,20,92.84,2.9451,34.0794
0,4295952.04,33,10,5,2,1,79.54,2562987.97,1.3332,0.7663,2,0.4332,0.3845,0.4344,1,59.66,79.5373,5.4063
2,450073674.0,2506,90,253,0,1,26.94,168737228.95,0.7187,0.7868,78,0.3084,0.234,0.5418,22,37.49,1.2247,57.6066
0,27235826.37,198,13,22,1,0,76.51,24395463.0,0.8542,1.1171,6,0.262,0.3286,0.4237,5,89.57,15.3022,27.8951
1,47150887.49,779,15,77,2,1,36.18,28409816.36,0.6005,0.722,28,0.3645,0.3334,0.37,9,60.25,4.02,86.3842
1,108997615.72,198,29,29,2,1,77.98,71845361.53,1.1831,0.9908,7,0.2348,0.3595,0.6249,5,65.91,15.5966,24.0422
1,116779209.0,1977,38,195,0,1,36.59,44957924.52,0.9505,0.8203,56,0.2851,0.3125,0.39,24,38.5,1.5247,32.9678
1,149565662.0,3226,49,321,0,1,91.41,171798623.84,0.7958,0.9266,40,0.1243,0.4519,0.6036,98,114.87,0.9328,20.3475
0,19754000.31,158,12,23,0,0,75.51,13244850.9,1.1261,1.2428,1,0.0324,0.2378,0.3663,3,67.05,25.169,-12.8121
1,70814216.14,1667,23,167,0,1,76.95,71274847.32,0.7646,1.0032,2,0.0109,0.3303,0.3999,42,100.65,1.8322,15.5682
0,21715706.06,150,15,23,0,0,79.87,18418128.91,0.9417,0.7839,1,0.0457,0.455,0.3766,3,84.81,26.6231,28.8007
2,68149459.15,1208,20,119,0,1,64.66,125909423.16,0.35,0.5975,71,0.5949,0.2694,0.6547,26,184.75,2.4871,160.8432
1,51613583.79,1850,17,184,1,1,46.76,20960935.94,1.1514,1.0199,6,0.0311,0.2529,0.6215,28,40.61,1.67,-16.1182
2,74509384.4,1657,20,163,2,1,63.1,40576783.93,1.1587,1.1023,0,0.0,0.2213,0.5832,34,54.46,1.8559,-11.6281
1,156255266.12,1685,52,171,0,1,76.38,209009326.5,0.571,0.8113,50,0.2916,0.2832,0.4642,42,133.76,1.8186,49.0291
2,868902185.83,226,119,29,2,1,25.79,275194460.04,0.8144,0.9039,6,0.1898,0.2238,0.5355,1,31.67,25.7937,53.7155
1,110482400.92,520,38,62,1,1,77.44,75378186.72,1.135,1.0532,34,0.5482,0.3465,0.5179,13,68.23,5.9567,26.5522
2,488643347.1,226,54,30,0,1,41.81,189876271.65,1.0759,0.974,8,0.2635,0.2211,0.4944,3,38.86,13.9352,47.0365
0,2749358.42,161,6,21,0,0,47.56,1117930.83,1.1696,0.9358,4,0.1704,0.2874,0.4969,2,40.66,23.7782,11.2722
2,206320348.66,864,69,107,0,1,81.13,171714970.92,0.9748,0.878,14,0.1331,0.3012,0.5622,23,83.23,3.5273,46.7826
1,54924000.0,891,18,91,2,1,42.05,22894406.95,1.0089,1.0412,9,0.1004,0.2927,0.4695,12,41.68,3.5046,-5.1993
2,43793035.07,2522,20,256,0,1,81.27,66566204.52,0.5347,0.6817,120,0.4677,0.2063,0.6263,68,152.0,1.1952,77.7463
2,203423972.25,167,94,21,0,1,79.32,150149277.98,1.0747,0.9936,9,0.4262,0.2541,0.5523,4,73.81,19.8311,46.0562
2,984742885.95,426,89,53,1,1,67.12,1175487344.36,0.5623,1.0491,6,0.116,0.2917,0.4587,9,119.37,7.4575,126.69
2,126236579.06,1427,25,143,0,1,61.83,91033679.21,0.8574,0.9944,3,0.0211,0.3218,0.5553,29,72.11,2.132,15.5609
2,790881274.8,754,82,93,2,1,49.52,664143226.53,0.5897,1.169,23,0.2454,0.2908,0.5356,12,83.98,4.1266,110.3434
1,65366169.73,1209,21,123,0,1,69.08,52300482.58,0.8634,0.9183,16,0.1311,0.3042,0.5593,27,80.01,2.5585,28.0912
0,19284221.3,40,11,5,2,0,66.07,10066920.83,1.2657,1.1908,3,0.6061,0.4801,0.4881,1,52.2,66.0711,-10.5208
1,54418716.0,1092,18,110,0,1,81.72,52131119.72,0.853,0.9958,0,0.0,0.2867,0.4681,29,95.8,2.8179,16.0301
1,27589756.89,918,10,94,0,1,38.1,15525636.55,0.677,0.8586,19,0.2022,0.3112,0.5383,11,56.27,3.4632,68.9528
2,226125571.45,1235,45,125,1,1,67.42,172409281.67,0.8843,0.9029,11,0.0885,0.2965,0.5473,27,76.24,2.4971,15.7963
1,236537391.12,791,78,82,0,1,62.64,182437585.78,0.8122,0.9555,8,0.0981,0.2775,0.5529,16,77.13,3.9151,23.1593
0,34468711.82,827,22,84,0,1,69.13,27426813.06,0.8688,0.8631,13,0.1547,0.3292,0.5091,19,79.57,3.6386,14.0024
1,49921293.88,563,33,70,1,1,74.52,34317057.12,1.0841,1.0166,8,0.1164,0.2466,0.4624,13,68.74,5.7324,3.1695
0,27702510.92,124,9,12,1,0,77.22,20659951.69,1.0354,0.9283,0,0.0335,0.5196,0.47,3,74.58,25.739,10.2134
1,76054585.0,1234,25,123,1,1,46.92,46016779.12,0.7755,1.112,0,0.0,0.1678,0.394,19,60.5,2.4695,14.3086
2,36666729.63,810,20,81,0,1,31.91,14639675.86,0.7991,0.9729,0,0.0,0.2599,0.5351,8,39.93,3.9884,19.0889
2,808113946.07,804,144,99,1,1,30.73,202321778.9,1.2273,0.7807,10,0.096,0.2106,0.5099,8,25.04,3.8408,27.7103
2,646954120.45,820,94,105,1,1,44.34,254267183.89,1.1281,0.8341,12,0.1116,0.2971,0.5224,12,39.3,3.6947,29.2704
0,55441302.0,2011,36,203,0,1,58.01,30450815.71,1.0562,1.0022,18,0.0866,0.4275,0.4638,38,54.92,1.5266,0.3474
0,25663743.04,155,3,24,0,0,69.04,44122976.26,0.4016,0.8873,3,0.1346,0.3614,0.4526,3,171.93,23.0141,156.0581
2,174656380.84,693,54,85,1,1,51.5,77509001.41,1.1605,0.7933,21,0.2487,0.239,0.5287,11,44.38,4.6818,33.3695
1,53843748.75,1386,17,136,0,1,63.55,35285574.02,0.9697,1.1162,0,0.0,0.3484,0.5514,29,65.53,2.1913,-1.1574
1,37491135.14,508,37,67,0,1,58.53,24258292.4,0.9046,0.9873,6,0.0934,0.3389,0.4642,9,64.7,6.5032,31.9074
2,253173150.01,750,39,97,1,1,90.91,185540230.2,1.2405,1.1243,25,0.2562,0.2015,0.623,22,73.29,4.1325,1.0026
1,34327283.93,1084,11,106,0,1,35.05,14619185.74,0.8229,0.9108,5,0.0437,0.2527,0.5162,12,42.59,2.9206,42.9732
2,27913021.0,723,20,71,0,1,72.89,17227787.61,1.1811,1.0212,0,0.0,0.2641,0.495,17,61.72,4.2879,-20.0
1,106777215.65,442,41,52,1,1,36.21,48531750.52,0.7966,0.602,6,0.1082,0.1694,0.5087,5,45.45,7.2416,76.3749
0,6270497.43,154,9,16,0,0,38.78,1846183.82,1.317,1.0105,7,0.4156,0.4177,0.4916,1,29.44,38.7756,-6.7829
1,698061227.99,1818,232,180,0,1,40.39,354988604.21,0.7942,1.0291,0,0.0,0.3802,0.4892,24,50.85,1.6828,21.2795
2,69129080.1,969,20,96,2,1,73.02,57136680.25,0.8834,0.9007,10,0.102,0.2353,0.6399,23,82.65,3.1746,19.5936
0,29653353.66,107,11,15,0,1,86.46,22834960.78,1.1228,0.9312,6,0.4103,0.4078,0.3343,3,77.01,28.8207,8.6044
2,415894624.25,859,51,104,0,1,53.28,194618434.29,1.1386,1.0211,1,0.0107,0.2291,0.5564,15,46.8,3.5521,21.1617
2,38178027.0,1451,20,146,0,1,69.75,46303955.26,0.5751,0.5361,90,0.6185,0.1924,0.5283,33,121.28,2.1137,131.3609
1,118375833.15,491,22,64,1,1,47.28,68133919.31,0.8215,0.8171,8,0.1222,0.1858,0.505,7,57.56,6.7549,67.6215
1,40201179.74,1458,13,145,0,1,37.0,26207929.87,0.5675,0.7834,40,0.2756,0.3882,0.5021,17,65.19,2.1762,63.6748
0,23650955.96,151,10,23,0,1,88.07,27804659.14,0.7491,0.7182,1,0.0543,0.2805,0.3909,4,117.56,22.0172,48.5424
2,41849006.99,1264,20,126,0,1,71.15,26752891.37,1.113,1.0511,0,0.0,0.2558,0.5636,29,63.93,2.4535,-16.3859
1,144764556.6,348,53,41,0,1,82.59,132508321.22,0.9023,0.8536,3,0.0725,0.2708,0.4359,9,91.53,9.177,51.3531
0,3779163.19,48,7,8,2,0,38.03,1460284.84,0.9842,0.8613,3,0.3992,0.3567,0.3929,1,38.64,38.0303,20.1144
2,194141023.0,580,75,76,0,1,76.17,252660789.11,0.5853,0.8362,22,0.294,0.307,0.4648,14,130.14,5.4408,133.4001
1,80844636.01,436,39,56,1,1,63.64,80673578.45,0.6377,0.765,13,0.2381,0.2871,0.6031,9,99.79,7.0706,91.3118
0,25719840.14,54,9,9,1,0,74.52,14120483.68,1.3573,0.5629,2,0.1865,0.4246,0.5246,1,54.9,74.5162,-20.0
1,195042326.31,2099,65,212,0,1,57.24,97636160.45,1.1434,1.0149,2,0.0105,0.1736,0.497,40,50.06,1.4309,-10.5095
0,8487658.12,90,8,8,0,0,63.82,7212734.92,0.751,0.7486,2,0.2702,0.3682,0.5042,1,84.98,63.8184,60.0869
0,19942615.52,49,7,5,1,0,69.28,11442922.18,1.2075,1.1777,3,0.5317,0.2903,0.4868,1,57.38,69.2826,2.4504
2,89043565.16,2184,20,219,1,1,27.08,32810537.32,0.735,0.8783,14,0.063,0.2045,0.4304,19,36.85,1.4254,24.3863
0,6386512.52,92,10,10,2,0,57.85,3116272.04,1.1856,1.1264,1,0.1255,0.4374,0.4717,1,48.79,57.8525,-15.7321
2,42910143.94,828,20,83,1,1,49.57,24448797.51,0.87,1.0498,3,0.0331,0.2925,0.4533,13,56.98,3.8131,22.554
0,2117255.07,70,14,12,2,1,78.68,1416731.86,1.1758,0.7222,2,0.1567,0.2588,0.4342,1,66.91,78.6775,9.6075
1,19481767.94,191,10,23,1,1,39.32,6190712.25,1.2373,0.7938,2,0.0826,0.3374,0.3511,2,31.78,19.6582,20.9097
0,17770921.38,137,9,17,2,0,29.48,6344120.03,0.8259,0.9533,7,0.424,0.3538,0.6573,1,35.7,29.4846,31.8864
1,83175853.15,1705,27,172,2,1,72.7,65223260.89,0.9272,0.9514,1,0.0054,0.2614,0.5444,41,78.42,1.7733,-2.3307
2,607499735.34,555,113,70,0,1,85.5,1060268318.48,0.4899,0.6441,13,0.1857,0.131,0.6011,15,174.53,5.7001,167.4883
2,349202815.02,878,84,111,0,1,67.27,207514030.64,1.132,0.7034,21,0.1878,0.3353,0.4679,19,59.43,3.5404,34.092
1,27435784.12,514,35,67,0,1,82.77,18804875.27,1.2077,0.8741,23,0.3434,0.2539,0.4638,14,68.54,5.9124,19.8627
1,36114801.87,1320,12,136,0,1,30.16,14233366.08,0.7652,0.8767,0,0.0,0.3381,0.5071,13,39.41,2.3198,25.8581
1,98220073.64,310,27,43,1,1,26.46,24541655.96,1.0591,0.8928,1,0.0298,0.196,0.5389,2,24.99,13.2321,16.2849
0,44136764.0,1472,29,145,0,1,72.55,28007875.51,1.1432,1.0992,0,0.0,0.4413,0.3692,35,63.46,2.0727,-15.2311
2,487671386.63,464,97,61,0,1,49.78,203488439.58,1.193,0.62,14,0.2361,0.2707,0.5777,7,41.73,7.1116,41.1897
1,28656581.78,1838,10,186,1,1,91.33,40502743.96,0.6462,0.8026,65,0.3483,0.2305,0.5299,55,141.34,1.6606,54.1846
1,102717558.4,1619,34,165,0,1,54.86,71792405.96,0.785,0.7951,46,0.276,0.3989,0.4873,29,69.89,1.8919,36.2935
2,679219648.58,637,80,78,0,1,74.19,451960844.48,1.115,0.4,13,0.1664,0.2209,0.5245,15,66.54,4.946,53.3609
1,70873087.44,460,34,60,0,1,79.22,42896383.89,1.3089,1.0849,4,0.0705,0.2713,0.524,12,60.53,6.6017,21.3593
1,47115019.24,455,31,60,1,1,64.83,25259205.13,1.2093,1.086,29,0.484,0.3397,0.4659,9,53.61,7.2036,20.2327
1,228824960.57,2261,76,227,0,1,42.43,105363672.09,0.9215,1.0002,0,0.0,0.3513,0.444,31,46.05,1.3688,12.5888
2,36254690.15,1976,20,196,1,1,40.62,12719517.44,1.1579,0.8915,29,0.1497,0.232,0.4537,26,35.08,1.5625,-20.0
2,56003096.47,1237,20,121,0,1,91.31,42205442.29,1.2117,1.0129,4,0.031,0.2674,0.5556,37,75.36,2.468,-20.0
1,120214288.73,133,28,20,1,1,84.64,115148243.88,0.8837,0.4,2,0.1032,0.2779,0.4352,3,95.79,28.2139,47.1201
2,180844239.51,361,66,48,0,1,68.72,141237433.29,0.8799,0.9006,12,0.2577,0.2967,0.662,8,78.1,8.5898,54.7652
0,10870390.85,191,10,25,0,1,65.61,5356654.53,1.3315,0.6079,3,0.1325,0.453,0.5372,4,49.28,16.4027,3.2528
2,445010890.35,588,43,77,0,1,82.98,339139470.44,1.0889,0.4773,12,0.1582,0.3353,0.3863,16,76.21,5.1863,76.3842
0,11793160.25,97,7,13,0,0,34.24,5841481.31,0.6912,1.1045,3,0.2058,0.2605,0.3483,1,49.53,34.2373,42.4534
1,51550598.71,699,17,71,1,1,66.7,48168768.17,0.7138,0.7979,21,0.2984,0.3406,0.625,15,93.44,4.4465,35.7362
2,122766577.45,1940,24,198,1,1,64.53,125023423.5,0.6336,0.7791,45,0.2261,0.2819,0.558,41,101.84,1.5739,22.931
2,810119809.43,341,108,47,2,1,51.09,392220023.6,1.0553,1.0775,10,0.2165,0.1658,0.5773,5,48.42,10.2187,55.9908
1,14969740.93,335,22,45,0,1,29.01,3570613.83,1.2163,1.0138,5,0.1086,0.3284,0.5477,3,23.85,9.6704,13.2453
1,72727436.87,1638,24,165,0,1,83.22,55558720.48,1.0893,0.9811,14,0.0841,0.3256,0.4686,45,76.39,1.8492,-9.1668
0,17631027.61,92,13,11,0,0,86.16,13611293.26,1.1161,0.5647,3,0.245,0.4992,0.469,2,77.2,43.0808,1.2745
1,767752737.03,1993,255,201,0,1,36.43,451311983.21,0.6197,0.9115,33,0.1653,0.4198,0.704,24,58.78,1.5179,39.4905
2,835015862.88,843,81,107,1,1,28.16,184635394.29,1.2736,0.5042,70,0.65,0.1759,0.6934,7,22.11,4.0231,57.4075
1,125129830.04,2468,41,247,0,1,89.85,146115969.5,0.7694,0.9608,1,0.0039,0.4836,0.424,73,116.77,1.2308,21.1244
0,47120804.25,1593,31,160,2,1,25.48,12588721.67,0.9538,1.0478,3,0.0189,0.3889,0.4981,13,26.72,1.96,0.0597
0,12064390.89,174,12,20,1,0,73.06,13164327.3,0.6696,0.9609,13,0.65,0.4545,0.4412,4,109.12,18.2655,66.4369
1,56236581.01,1807,18,184,1,1,79.33,60753727.27,0.7343,1.032,0,0.0,0.3417,0.3734,47,108.03,1.6878,47.6939
2,46307242.61,269,20,30,0,1,82.39,63940520.3,0.5967,0.7791,11,0.3789,0.2213,0.5774,7,138.08,11.7705,69.9184
0,8043529.58,46,4,5,1,0,87.65,5724089.74,1.2317,0.789,1,0.133,0.255,0.4402,1,71.16,87.6544,-2.7297
1,10845835.44,143,19,14,2,1,84.13,8014869.61,1.1384,0.5837,5,0.341,0.2115,0.5543,4,73.9,21.032,27.5723
2,747096284.54,175,102,19,2,1,54.81,469100627.64,0.8729,0.7457,2,0.1126,0.3174,0.5861,3,62.79,18.269,72.5715
0,36818547.29,2439,24,244,0,1,88.6,49785614.5,0.6552,0.8202,44,0.1813,0.2918,0.421,72,135.22,1.2306,42.4019
0,19539910.84,61,8,12,2,1,78.02,16299365.05,0.9353,0.9904,3,0.2601,0.3881,0.393,1,83.42,78.0172,34.7878
1,69598911.91,1920,23,196,0,1,44.33,37061127.31,0.8325,0.7612,24,0.1238,0.344,0.4933,28,53.25,1.5832,28.1048
2,620340534.26,402,119,51,2,1,46.19,225446663.12,1.2709,1.1535,10,0.2056,0.2335,0.4589,6,36.34,7.6977,28.2524
1,32797095.0,931,10,96,1,1,59.79,33215889.38,0.5904,0.8496,19,0.1982,0.2306,0.487,18,101.28,3.3219,60.8604
1,272869179.83,1648,90,162,0,1,65.92,311547428.32,0.5774,0.8322,30,0.1879,0.2623,0.5218,36,114.17,1.8312,61.8495
2,734707822.39,242,95,29,0,1,46.1,375973756.46,0.9008,0.9681,6,0.2127,0.1803,0.72,3,51.17,15.3655,46.9477
1,70417074.19,570,25,73,2,1,45.89,28640292.59,1.1283,0.6672,30,0.4065,0.2701,0.5476,8,40.67,5.7363,32.8091
1,184153744.91,553,39,70,0,1,86.42,157219319.38,1.0123,1.1445,10,0.1465,0.2482,0.5404,15,85.37,5.7617,-0.0111
2,624935153.7,759,75,95,0,1,86.49,462464690.74,1.1687,0.7575,10,0.1013,0.2146,0.5104,21,74.0,4.1184,40.9329
0,28091562.62,81,13,7,2,0,67.23,19350252.89,0.976,0.9088,1,0.0799,0.3254,0.2542,1,68.88,67.2285,6.3703
1,37111021.05,931,12,91,0,1,71.14,22173034.61,1.1907,1.0449,0,0.0,0.2271,0.4428,22,59.75,3.2337,-20.0
1,157041071.0,1824,52,185,0,1,73.02,180449279.04,0.6355,0.7369,57,0.3059,0.2344,0.3987,44,114.91,1.6596,50.1013
1,45105510.6,2561,15,254,0,1,88.54,32489692.79,1.2292,1.0509,0,0.0,0.2819,0.5064,75,72.03,1.1806,-20.0
2,124047561.4,1686,24,166,0,1,41.61,54312668.06,0.9504,0.9624,9,0.0513,0.3186,0.5514,23,43.78,1.8092,0.0343
0,27156832.49,68,12,10,0,0,38.01,7669343.8,1.3459,0.6217,3,0.2855,0.3682,0.4612,1,28.24,38.0106,4.5102
0,33572762.48,1403,22,141,0,1,66.31,22319544.91,0.9974,0.9388,11,0.0763,0.2963,0.3699,31,66.48,2.1391,6.7481
1,56254610.61,572,30,72,1,1,76.29,45998381.38,0.933,1.2337,34,0.4721,0.3851,0.4993,14,81.77,5.449,31.9849
2,916145973.7,206,100,23,0,1,58.31,666624046.37,0.8014,1.0907,8,0.3671,0.3123,0.407,4,72.76,14.5778,74.8314
1,50978960.0,913,16,94,0,1,62.84,51274611.37,0.6248,0.8664,14,0.146,0.303,0.4248,19,100.58,3.3076,53.0543
0,55441302.0,2011,36,203,0,1,62.11,35238645.46,0.9772,1.0364,0,0.0,0.4508,0.4555,41,63.56,1.5148,0.3474
2,43328477.58,946,20,98,2,1,84.88,29016436.69,1.2675,1.1012,0,0.0,0.2833,0.5279,26,66.97,3.2646,-20.0
1,62677870.17,1318,20,129,0,1,25.02,16081222.39,0.9752,0.9919,0,0.0,0.3083,0.6347,10,25.66,2.5021,-1.9438
2,640412631.5,584,94,76,1,1,53.77,405967096.26,0.8482,0.9109,22,0.2843,0.1841,0.6901,10,63.39,5.3768,59.9201
1,190211404.1,103,51,13,1,1,44.91,82150838.27,1.0399,0.9097,5,0.3522,0.3495,0.4858,1,43.19,44.9146,38.1972
